index,published,keyword,domain,language,valid,title,description,url,image,archive,content,quote,de,en,la,added
d50520994cf032e342d9764a43e4c1a2,2026-06-02T01:15:00Z,'Erdbeben',www.stern.de,de,0.9,Vor Küste Kalabriens: Starkes Erdbeben vor Süditalien in großer Tiefe,"Vor Süditalien bebt die Erde. Es ist eine starke Erschütterung, allerdings sehr tief unter der Meeresoberfläche. Die Folgen für die Menschen dürften damit eher gering sein.",https://www.stern.de/panorama/italien--starkes-erdbeben-vor-kueste-kalabriens-in-grosser-tiefe-37477936.html,https://image.stern.de/37477948/t/Ce/v2/w1440/r1.7778/-/erdbeben-italien.jpg,,"Kopiere den aktuellen Link
Zur Merkliste hinzufügen
Vor Süditalien bebt die Erde. Es ist eine starke Erschütterung, allerdings sehr tief unter der Meeresoberfläche. Die Folgen für die Menschen dürf… [+972 chars]",,"Vor Küste Kalabriens: Starkes Erdbeben vor Süditalien in großer Tiefe. Vor Süditalien bebt die Erde. Es ist eine starke Erschütterung, allerdings sehr tief unter der Meeresoberfläche. Die Folgen für die Menschen dürften damit eher gering sein.","Off the coast of Calabria: Strong earthquake at great depth off southern Italy. The earth trembles off southern Italy. It is a strong tremor, but very deep beneath the surface of the sea. The consequences for people are therefore likely to be minimal.","Ad oram Calabriae: Terrae motus validus ad magnam altitudinem Italiae meridianae. Italia australi tremit terra. Tremor fortis est, sed valde profundus sub superficie maris. Consequatur quia sint itaque sint minima.",2026-06-04 09:34:22+00:00
7da2b602d334111820c6bc8354fd79c0,2026-06-02T03:14:48Z,'Erdbeben Epizentrum',www.diepresse.com,de,0.9,600 Kilometer weit spürbar: Starkes Erdbeben vor Süditalien,"Um 0.12 Uhr wurde vor der Küste Kalabriens ein Seebeben der Magnitude 6,2 registriert. Erschütterungen waren bis hin zur Balkanhalbinsel zu spüren.",https://www.diepresse.com/27545039/600-kilometer-weit-spuerbar-starkes-erdbeben-vor-sueditalien,https://img.diepresse.com/public/incoming/ge4pxh-imago854544215jpg/alternates/WEBP_WIDE_1200/imago854544215.jpg,,"Im Süden Italiens ereignete sich Dienstag kurz nach Mitternacht ein starkes Erdbeben. Um 0.12 Uhr wurde vor der Küste Kalabriens unter dem Tyrrhenischen Meer ein Seebeben der Magnitude 6,2 (INGV, USG… [+737 chars]",,"600 Kilometer weit spürbar: Starkes Erdbeben vor Süditalien. Um 0.12 Uhr wurde vor der Küste Kalabriens ein Seebeben der Magnitude 6,2 registriert. Erschütterungen waren bis hin zur Balkanhalbinsel zu spüren.","Felt 600 kilometers away: Strong earthquake off southern Italy. At 12:12 a.m., an earthquake with a magnitude of 6.2 was recorded off the coast of Calabria. Tremors were felt as far away as the Balkan Peninsula.","Sensit 600 chiliometra: terrae motus validus in Italia australi. Ad 12:12 a.m., terrae motus cum magnitudine 6.2 ad litus Calabriae commemoratur. Tremors usque ad Peninsulam Balcaniam sentiunt.",2026-06-04 09:34:22+00:00
638f8e6c70f0c5c4e6b35148ae05eff4,2026-06-02T03:19:17Z,'Erdbeben',orf.at,de,0.9,Starkes Erdbeben in Süditalien,,https://orf.at/stories/3432105/,https://orf.at/mojo/1_4_1/storyserver//news/common/images/og-fallback-news.png,,"Im Süden Italiens ereignete sich kurz nach Mitternacht ein starkes Erdbeben. Um 0.12 Uhr wurde vor der Küste Kalabriens unter dem Tyrrhenischen Meer ein Seebeben der Magnitude 6,2 (INGV, USGS) regist… [+715 chars]",,Starkes Erdbeben in Süditalien. None,Strong earthquake in southern Italy. None,Terrae motus validus in Italia australi. Nullus,2026-06-04 09:34:22+00:00
39a4096c5241d12e2813565ea8790964,2026-06-06T15:10:12Z,'Erdbeben',www.zeit.de,de,0.9,Katastrophenschutz: Ehrenamtliche Helfer übten Einsatz nach einem Erdbeben,Hier finden Sie Informationen zu dem Thema „Katastrophenschutz“. Lesen Sie jetzt „Ehrenamtliche Helfer übten Einsatz nach einem Erdbeben“.,https://www.zeit.de/news/2026-06/06/ehrenamtliche-helfer-uebten-einsatz-nach-einem-erdbeben,https://img.zeit.de/news/2026-06/06/ehrenamtliche-helfer-uebten-einsatz-nach-einem-erdbeben-image-group/wide__1300x731,,"Etwa 200 ehrenamtliche Helfer haben in Gera die Versorgung einer großen Zahl von Verletzten nach einem Erdbeben geübt. Es ging um den Aufbau und Betrieb eines Behandlungsplatzes, wie die Feuerwehr Ge… [+684 chars]",,Katastrophenschutz: Ehrenamtliche Helfer übten Einsatz nach einem Erdbeben. Hier finden Sie Informationen zu dem Thema „Katastrophenschutz“. Lesen Sie jetzt „Ehrenamtliche Helfer übten Einsatz nach einem Erdbeben“.,Disaster protection: Volunteers practiced after an earthquake. Here you will find information on the topic of “disaster protection”. Now read “Volunteers practice after an earthquake”.,"Custodia calamitatis: voluntarii post terrae motum exercitati. Hic informationes invenies in argumento ""cladis praesidii"". Nunc legitur ""Voluntatores post terrae motum exercent"".",2026-06-07 15:53:25+00:00
671cadb7a92e89b9dd89e4b19663bf89,2026-06-07T11:01:25Z,'Erdbeben',www.zeit.de,de,0.9,Erdbeben: Zwei spürbare Erdbeben in Mittelgriechenland,Hier finden Sie Informationen zu dem Thema „Erdbeben“. Lesen Sie jetzt „Zwei spürbare Erdbeben in Mittelgriechenland“.,https://www.zeit.de/news/2026-06/07/zwei-spuerbare-erdbeben-in-mittelgriechenland,https://img.zeit.de/news/2026-06/07/zwei-spuerbare-erdbeben-in-mittelgriechenland-image-group/wide__1300x731,,In Mittelgriechenland hat es zwei Erdbeben gegeben. Nach Angaben des Geodynamischen Instituts in Athen wurden zwei aufeinanderfolgende Erschütterungen in der Region der Insel Euböa (Evia) registriert… [+1023 chars],,Erdbeben: Zwei spürbare Erdbeben in Mittelgriechenland. Hier finden Sie Informationen zu dem Thema „Erdbeben“. Lesen Sie jetzt „Zwei spürbare Erdbeben in Mittelgriechenland“.,Earthquake: Two noticeable earthquakes in central Greece. Here you will find information on the topic of “earthquakes”. Read “Two noticeable earthquakes in central Greece” now.,"Motus terrae: Duo terrae motus notabiles in media Graecia. Hic informationes invenies in argumento ""terrae motuum"". Lege ""Duo terrae motus notabiles in media Graecia"" nunc.",2026-06-08 17:36:32+00:00
eba8efa269df1e7cb50899534575a14e,2026-06-07T11:01:25Z,'Erdbeben',www.stern.de,de,0.9,Erdbeben: Zwei spürbare Erdbeben in Mittelgriechenland,Athen - In Mittelgriechenland hat es zwei Erdbeben gegeben. Nach Angaben des Geodynamischen Instituts in Athen wurden zwei aufeinanderfolgende,https://www.stern.de/panorama/erdbeben--zwei-spuerbare-erdbeben-in-mittelgriechenland-37506130.html,https://image.stern.de/37506132/t/9d/v1/w1440/r1.7778/-/07--zglwjr34qfv3axs2048jpeg---99de1fc30134238d.jpg,,"Kopiere den aktuellen Link
Zur Merkliste hinzufügen
Die Erde bebte auf der Insel Euböa sogar in Athen wackeln Häuser. Wie die Menschen reagieren und warum die Region immer wieder bebt.
In Mittelgr… [+1171 chars]",,Erdbeben: Zwei spürbare Erdbeben in Mittelgriechenland. Athen - In Mittelgriechenland hat es zwei Erdbeben gegeben. Nach Angaben des Geodynamischen Instituts in Athen wurden zwei aufeinanderfolgende,"Earthquake: Two noticeable earthquakes in central Greece. Athens - There have been two earthquakes in central Greece. According to the Geodynamic Institute in Athens, two consecutive","Motus terrae: Duo terrae motus notabiles in media Graecia. Athenae - Duo terrae motus in media Graecia fuerunt. Secundum Institutum Geodynamicum Athenis, duo consecutiva",2026-06-09 01:29:20+00:00
e3f4334e3350d8d2428ea4d03f68da4f,2026-06-07T11:02:50Z,'Erdbeben',www.tagesspiegel.de,de,0.9,Erdbeben: Zwei spürbare Erdbeben in Mittelgriechenland,Die Erde bebte auf der Insel Euböa – sogar in Athen wackeln Häuser. Wie die Menschen reagieren und warum die Region immer wieder bebt.,https://www.tagesspiegel.de/gesellschaft/panorama/erdbeben-zwei-spurbare-erdbeben-in-mittelgriechenland-15688557.html,https://www.tagesspiegel.de/images/15688556/alternates/BASE_16_9_W1400/1780830170000/griechenland.jpeg,http://web.archive.org/web/20260608005849/https://www.tagesspiegel.de/gesellschaft/panorama/erdbeben-zwei-spurbare-erdbeben-in-mittelgriechenland-15688557.html,In Mittelgriechenland hat es zwei Erdbeben gegeben. Nach Angaben des Geodynamischen Instituts in Athen wurden zwei aufeinanderfolgende Erschütterungen in der Region der Insel Euböa (Evia) registriert… [+1079 chars],,Erdbeben: Zwei spürbare Erdbeben in Mittelgriechenland. Die Erde bebte auf der Insel Euböa – sogar in Athen wackeln Häuser. Wie die Menschen reagieren und warum die Region immer wieder bebt.,Earthquake: Two noticeable earthquakes in central Greece. The earth shook on the island of Euboea - even houses in Athens were shaking. How people react and why the region keeps shaking.,"Motus terrae: Duo terrae motus notabiles in media Graecia. Terra in insula Euboea commota est -- etiam domicilia Athenis quatiebant. Quomodo homines congruunt, et cur regiones quassantes custodit.",2026-06-09 01:29:20+00:00
95b0398d3590fce4e360d6925d67c298,2026-06-08T00:55:12Z,'Erdbeben',www.welt.de,de,0.9,"Schweres Erdbeben lässt Gebäude einstürzen, Menschen in Panik – Warnung vor Tsunami","Vor der Südküste der Philippinen ereignet sich ein schweres Erdbeben. Mehrere Gebäude stürzen ein, Augenzeugen berichten von chaotischen Szenen. Die Behörden warnen in der Folge vor Tsunamiwellen in mehreren Ländern.",https://www.welt.de/vermischtes/article6a25f291b20db0d89b6589eb/philippinen-schweres-erdbeben-laesst-gebaeude-einstuerzen-menschen-in-panik-tsunami-warnung.html,https://images.welt.de/6a25f291b20db0d89b6589eb/a866e2e6801a526daec9a8fd752b76db-master/ci16x9-w1200/599593169-jpg,,"Vor der Südküste der Philippinen ereignet sich ein schweres Erdbeben. Mehrere Gebäude stürzen ein, Augenzeugen berichten von chaotischen Szenen. Die Behörden warnen in der Folge vor Tsunamiwellen in … [+3426 chars]",,"Schweres Erdbeben lässt Gebäude einstürzen, Menschen in Panik – Warnung vor Tsunami. Vor der Südküste der Philippinen ereignet sich ein schweres Erdbeben. Mehrere Gebäude stürzen ein, Augenzeugen berichten von chaotischen Szenen. Die Behörden warnen in der Folge vor Tsunamiwellen in mehreren Ländern.","Severe earthquake causes buildings to collapse, people in panic - warning of tsunami. A severe earthquake occurs off the southern coast of the Philippines. Several buildings collapse, eyewitnesses report chaotic scenes. The authorities subsequently warned of tsunami waves in several countries.","Gravis terrae motus aedificia construxit, homines perterriti - tsunami monitu. Terrae motus gravis in oram Philippinarum meridionali occurrit. Multa aedificia concident, testes tenebrarum scaenae referunt. Auctoritates deinde de tsunami fluctibus in pluribus regionibus monuerunt.",2026-06-09 01:29:20+00:00
0719087868022ec6ca75a4c5fad119b4,2026-06-08T00:55:12Z,'Erdbeben',www.welt.de,de,0.9,"Schweres Erdbeben lässt Gebäude einstürzen, Menschen in Panik – Tsunamiwellen gemessen","Vor der Südküste der Philippinen ereignet sich ein schweres Erdbeben. Mehrere Gebäude stürzen ein, Augenzeugen berichten von chaotischen Szenen. Mindestens vier Menschen sterben.",https://www.welt.de/vermischtes/article6a25f291b20db0d89b6589eb/philippinen-schweres-erdbeben-laesst-gebaeude-einstuerzen-menschen-in-panik-tsunamiwellen.html,https://images.welt.de/6a25f291b20db0d89b6589eb/a866e2e6801a526daec9a8fd752b76db-master/ci16x9-w1200/599593169-jpg,,"Vor der Südküste der Philippinen ereignet sich ein schweres Erdbeben. Mehrere Gebäude stürzen ein, Augenzeugen berichten von chaotischen Szenen. Mindestens vier Menschen sterben.Ein schweres Erdbeben… [+3393 chars]",,"Schweres Erdbeben lässt Gebäude einstürzen, Menschen in Panik – Tsunamiwellen gemessen. Vor der Südküste der Philippinen ereignet sich ein schweres Erdbeben. Mehrere Gebäude stürzen ein, Augenzeugen berichten von chaotischen Szenen. Mindestens vier Menschen sterben.","Severe earthquake causes buildings to collapse, people in panic - tsunami waves measured. A severe earthquake occurs off the southern coast of the Philippines. Several buildings collapse, eyewitnesses report chaotic scenes. At least four people die.","Gravis terrae motus aedificia ruitura facit, homines perterriti - tsunami fluctus metiri possunt. Terrae motus gravis in oram Philippinarum meridionali occurrit. Multa aedificia concident, testes tenebrarum scaenae referunt. Saltem quattuor homines moriuntur.",2026-06-09 01:29:20+00:00
464e222dec12b400c6885d83fb32a337,2026-06-08T02:45:47Z,'schweres Erdbeben',www.stern.de,de,0.9,Ein Toter nach schwerem Erdbeben vor Philippinen - Tsunami-Warnungen für Region,"Ein schweres Erdbeben der Stärke 7,8 im Süden der Philippinen hat mindestens einen Menschen das Leben gekostet. Mindestens vier weitere Menschen seien verletzt worden, teilte die Polizei in General Santos City im Süden der Philippinen der Nachrichtenagentur A…",https://www.stern.de/news/ein-toter-nach-schwerem-erdbeben-vor-philippinen---tsunami-warnungen-fuer-region-37508362.html,https://image.stern.de/37508364/t/Yd/v1/w1440/r1.7778/-/08--eingestuerzte-haeuser-nach-erdbeben-in-den-philippinen---53c1857a2335740c.jpg,http://web.archive.org/web/20260609065053/https://www.stern.de/news/ein-toter-nach-schwerem-erdbeben-vor-philippinen---tsunami-warnungen-fuer-region-37508362.html,"Kopiere den aktuellen Link
Zur Merkliste hinzufügen
Ein schweres Erdbeben der Stärke 7,8 im Süden der Philippinen hat mindestens einen Menschen das Leben gekostet. Mindestens vier weitere Menschen … [+2997 chars]",,"Ein Toter nach schwerem Erdbeben vor Philippinen - Tsunami-Warnungen für Region. Ein schweres Erdbeben der Stärke 7,8 im Süden der Philippinen hat mindestens einen Menschen das Leben gekostet. Mindestens vier weitere Menschen seien verletzt worden, teilte die Polizei in General Santos City im Süden der Philippinen der Nachrichtenagentur A…","One dead after a severe earthquake off the Philippines - tsunami warnings for the region. A massive 7.8 magnitude earthquake in the southern Philippines has killed at least one person. At least four other people were injured, police in General Santos City in the southern Philippines told the A... news agency.","Postquam unus mortuus est post graves terrae motus defecerunt Philippinis - tsunami monita pro regione. Ingens 7.8 terrae motus in Philippinis meridionalibus saltem unum hominem occidit. Saltem quattuor alii homines vulnerati sunt, vigiles in urbe Santos Generalis in Philippinis meridionalibus nuntiaverunt ... nuntium agentis.",2026-06-10 01:38:01+00:00
f5651a7099feffb55c2654a5da4045bb,2026-06-08T04:21:44Z,'Erdbeben',www.diepresse.com,de,0.9,Tsunamiwarnung nach schwerem Erdbeben vor den Philippinen,"Nach einem Erdbeben der Stärke 7,8 wurden Tsunamiwarnungen für die Philippinen, Indonesien und sogar Japan ausgesprochen. Bei dem Erdbeben sind Menschen gestorben und es gibt Berichte über zahlreiche Verletzte.",https://www.diepresse.com/28662468/tsunamiwarnung-nach-schwerem-erdbeben-vor-den-philippinen,https://www.diepresse.com/assets_v2/images/diepresse_nachrichten.png,,"Ein schweres Erdbeben hat die südlichen Philippinen erschüttert und Tsunamiwarnungen in mehreren Ländern ausgelöst. Gebäude stürzten ein, Menschen liefen in Panik auf die Straßen. Das Beben der Stärk… [+3126 chars]",,"Tsunamiwarnung nach schwerem Erdbeben vor den Philippinen. Nach einem Erdbeben der Stärke 7,8 wurden Tsunamiwarnungen für die Philippinen, Indonesien und sogar Japan ausgesprochen. Bei dem Erdbeben sind Menschen gestorben und es gibt Berichte über zahlreiche Verletzte.","Tsunami warning after severe earthquake off the Philippines. Tsunami warnings have been issued for the Philippines, Indonesia and even Japan following a magnitude 7.8 earthquake. People died in the earthquake and there are reports of numerous injuries.","Monitum tsunami post graves terrae motus de Philippinis. Monitiones Tsunami editae sunt pro Philippinis, Indonesia et etiam Iaponia sequentem magnitudinem 7.8 terrae motus. Homines in terrae motu mortui sunt et multae iniuriae famae sunt.",2026-06-10 01:38:01+00:00
b65c060565d507b23018655424376cbf,2026-06-08T04:50:44Z,'Erdbeben',www.n-tv.de,de,0.9,Starkes Erdbeben im Pazifik : Philippinische Behörden rufen Küstenbewohner zur Flucht auf,Ein starkes Erdbeben erschüttert die südlichen Philippinen. Die Behörden warnen vor möglichen Tsunami-Wellen. Menschen an den Küsten sollen sich in Sicherheit bringen.,https://www.n-tv.de/panorama/Philippinische-Behoerden-rufen-Kuestenbewohner-zur-Flucht-auf-id30902479.html,https://www.n-tv.de/img/30902484/1780900593/Img_16_9/1200/Beschaedigte-Geschaefte-nach-einem-Erdbeben-der-Staerke-7-8-in-General-Santos-City-Philippinen-sind-zu-sehen.jpg,,"Starkes Erdbeben im Pazifik Philippinische Behörden rufen Küstenbewohner zur Flucht auf 
Viele Geschäfte sind nach dem Erdbeben beschädigt. (Foto: picture alliance/dpa/XinHua)
Ein starkes Erdbeben … [+3649 chars]",,Starkes Erdbeben im Pazifik : Philippinische Behörden rufen Küstenbewohner zur Flucht auf. Ein starkes Erdbeben erschüttert die südlichen Philippinen. Die Behörden warnen vor möglichen Tsunami-Wellen. Menschen an den Küsten sollen sich in Sicherheit bringen.,Strong earthquake in the Pacific: Philippine authorities call on coastal residents to flee. A strong earthquake shakes the southern Philippines. The authorities warn of possible tsunami waves. People on the coasts should get to safety.,Terrae motus validus in Pacifico: Philippinae auctoritates vocant incolas maritimas ut fugerent. Magnus terrae motus Philippinas australes quatit. Auctores tsunami undas fieri monent. Homines oras debent ad salutem.,2026-06-10 01:38:01+00:00
7e94dac1e673da69431c216728d59b63,2026-06-08T01:29:57Z,'Erdbeben',www.tagesspiegel.de,de,0.9,Notfälle: Tsunami-Warnung nach schwerem Erdbeben vor den Philippinen,Ein starkes Erdbeben erschüttert die südlichen Philippinen. Die Behörden warnen vor möglichen Tsunami-Wellen und rufen Menschen an den Küsten zur Flucht auf. Berichte über Schäden liegen bereits vor.,https://www.tagesspiegel.de/gesellschaft/panorama/notfalle-tsunami-warnung-nach-schwerem-erdbeben-vor-den-philippinen-15689861.html,https://www.tagesspiegel.de/images/15689925/alternates/BASE_16_9_W1400/1780889568000/erdbeben-auf-den-philippinen.jpeg,,"Ein schweres Erdbeben hat die südlichen Philippinen erschüttert und Tsunami-Warnungen in mehreren Ländern ausgelöst. Gebäude stürzten ein, Menschen liefen in Panik auf die Straßen. Das Beben der Stär… [+4571 chars]",,Notfälle: Tsunami-Warnung nach schwerem Erdbeben vor den Philippinen. Ein starkes Erdbeben erschüttert die südlichen Philippinen. Die Behörden warnen vor möglichen Tsunami-Wellen und rufen Menschen an den Küsten zur Flucht auf. Berichte über Schäden liegen bereits vor.,Emergencies: Tsunami warning after severe earthquake off the Philippines. A strong earthquake shakes the southern Philippines. The authorities are warning of possible tsunami waves and are calling on people on the coasts to flee. There are already reports of damage.,Subitis: Tsunami admonitio post graves terrae motus de Philippinis. Magnus terrae motus Philippinas australes quatit. Auctores monent tsunami fluctus fieri posse et homines in oras maritimos fugere vocantes. Iam refert damni.,2026-06-10 09:06:16+00:00
72bb06c36fbc53428d203c9106676ae3,2026-06-08T03:31:40Z,'Erdbeben',www.stern.de,de,0.9,Notfälle: Tsunami-Warnung nach schwerem Erdbeben vor den Philippinen,Ein starkes Erdbeben erschüttert die südlichen Philippinen. Die Behörden warnen vor möglichen Tsunami-Wellen und rufen Menschen an den Küsten zur Flucht auf. Berichte über Schäden liegen bereits vor.,https://www.stern.de/panorama/notfaelle--tsunami-warnung-nach-schwerem-erdbeben-vor-den-philippinen-37508138.html,https://image.stern.de/37508464/t/PT/v1/w1440/r1.7778/-/08--72qwxq6fjrv1axs2048jpeg---782a5dbd6d4a2288.jpg,,"Kopiere den aktuellen Link
Zur Merkliste hinzufügen
Ein starkes Erdbeben erschüttert die südlichen Philippinen. Die Behörden warnen vor möglichen Tsunami-Wellen und rufen Menschen an den Küsten zur… [+3388 chars]",,Notfälle: Tsunami-Warnung nach schwerem Erdbeben vor den Philippinen. Ein starkes Erdbeben erschüttert die südlichen Philippinen. Die Behörden warnen vor möglichen Tsunami-Wellen und rufen Menschen an den Küsten zur Flucht auf. Berichte über Schäden liegen bereits vor.,Emergencies: Tsunami warning after severe earthquake off the Philippines. A strong earthquake shakes the southern Philippines. The authorities are warning of possible tsunami waves and are calling on people on the coasts to flee. There are already reports of damage.,Subitis: Tsunami admonitio post graves terrae motus de Philippinis. Magnus terrae motus Philippinas australes quatit. Auctores monent tsunami fluctus fieri posse et homines in oras maritimos fugere vocantes. Iam refert damni.,2026-06-10 09:06:16+00:00
0935f27e25756be6bc69386d29d15833,2026-06-08T04:50:44Z,'Erdbeben Tote',www.n-tv.de,de,0.9,Behörden melden mehrere Tote : Schweres Erdbeben erschüttert die Philippinen,Ein starkes Erdbeben erschüttert die südlichen Philippinen. Die Behörden warnen vor möglichen Tsunami-Wellen. Menschen an den Küsten sollen sich in Sicherheit bringen.,https://www.n-tv.de/panorama/Schweres-Erdbeben-erschuettert-die-Philippinen-id30902479.html,https://www.n-tv.de/img/30902484/1780900593/Img_16_9/1200/Beschaedigte-Geschaefte-nach-einem-Erdbeben-der-Staerke-7-8-in-General-Santos-City-Philippinen-sind-zu-sehen.jpg,http://web.archive.org/web/20260608224146/https://www.n-tv.de/panorama/Schweres-Erdbeben-erschuettert-die-Philippinen-id30902479.html,"Viele Geschäfte sind nach dem Erdbeben beschädigt. (Foto: picture alliance/dpa/XinHua)
Ein starkes Erdbeben erschüttert die südlichen Philippinen. Die Behörden warnen vor möglichen Tsunami-Wellen. M… [+4143 chars]",,Behörden melden mehrere Tote : Schweres Erdbeben erschüttert die Philippinen. Ein starkes Erdbeben erschüttert die südlichen Philippinen. Die Behörden warnen vor möglichen Tsunami-Wellen. Menschen an den Küsten sollen sich in Sicherheit bringen.,Authorities report several deaths: severe earthquake shakes the Philippines. A strong earthquake shakes the southern Philippines. The authorities warn of possible tsunami waves. People on the coasts should get to safety.,Plures mortes auctores referunt: terrae motus graves Philippinas quatit. Magnus terrae motus Philippinas australes quatit. Auctores tsunami undas fieri monent. Homines oras debent ad salutem.,2026-06-10 09:06:16+00:00
53ddd56121575b6a6efe48efc76e909f,2026-06-08T05:36:13Z,'Erdbeben Schäden',www.stern.de,de,0.9,Schäden auf Mindanao: Tsunami-Warnung nach Erdbeben auf den Philippinen aufgehoben,"Ein starkes Erdbeben erschüttert die südlichen Philippinen. Mehrere Menschen kommen ums Leben, zahlreiche Gebäude werden beschädigt. Zumindest die Gefahr eines Tsunamis scheint aber gebannt.",https://www.stern.de/panorama/schaeden-auf-mindanao--tsunami-warnung-nach-erdbeben-auf-den-philippinen-aufgehoben-37508138.html,https://image.stern.de/37508808/t/tF/v1/w1440/r1.7778/-/08--ier6z5k2v5v1axs2048jpeg---33a464db71ef2acd.jpg,,"Kopiere den aktuellen Link
Zur Merkliste hinzufügen
Ein starkes Erdbeben erschüttert die südlichen Philippinen. Mehrere Menschen kommen ums Leben, zahlreiche Gebäude werden beschädigt. Zumindest di… [+3574 chars]",,"Schäden auf Mindanao: Tsunami-Warnung nach Erdbeben auf den Philippinen aufgehoben. Ein starkes Erdbeben erschüttert die südlichen Philippinen. Mehrere Menschen kommen ums Leben, zahlreiche Gebäude werden beschädigt. Zumindest die Gefahr eines Tsunamis scheint aber gebannt.",Damage in Mindanao: Tsunami warning lifted after earthquake in the Philippines. A strong earthquake shakes the southern Philippines. Several people are killed and numerous buildings are damaged. At least the danger of a tsunami seems to have been averted.,Damnum in Mindanao: Tsunami admonitio sustulit post terrae motus in Philippinis. Magnus terrae motus Philippinas australes quatit. Plures homines occiduntur et multa aedificia laeduntur. Periculum certe tsunami dempta videtur.,2026-06-10 09:06:16+00:00
9c21d3259dab40ec3ff456260b5a6e94,2026-06-08T06:18:49Z,'starkes Erdbeben',www.stern.de,de,0.9,Mehr als 120 Verletzte: Mindestens 15 Tote bei schwerem Erdbeben auf den Philippinen,"Ein starkes Erdbeben erschüttert die südlichen Philippinen. Es gibt Tote und mehr als 120 Verletzte, zahlreiche Gebäude werden beschädigt. Zumindest die Gefahr eines Tsunamis scheint aber gebannt.",https://www.stern.de/panorama/mehr-als-120-verletzte--mindestens-15-tote-bei-schwerem-erdbeben-auf-den-philippinen-37508138.html,https://image.stern.de/37508808/t/kN/v2/w1440/r1.7778/-/08--ier6z5k2v5v1axs2048jpeg---33a464db71ef2acd.jpg,,"Kopiere den aktuellen Link
Zur Merkliste hinzufügen
Ein starkes Erdbeben erschüttert die südlichen Philippinen. Es gibt Tote und mehr als 120 Verletzte, zahlreiche Gebäude werden beschädigt. Zumind… [+3695 chars]",,"Mehr als 120 Verletzte: Mindestens 15 Tote bei schwerem Erdbeben auf den Philippinen. Ein starkes Erdbeben erschüttert die südlichen Philippinen. Es gibt Tote und mehr als 120 Verletzte, zahlreiche Gebäude werden beschädigt. Zumindest die Gefahr eines Tsunamis scheint aber gebannt.","More than 120 injured: At least 15 dead in severe earthquake in the Philippines. A strong earthquake shakes the southern Philippines. There are dead and more than 120 injured, and numerous buildings are damaged. At least the danger of a tsunami seems to have been averted.","Plus quam 120 vulneravit: Saltem XV mortuus est in gravi terrae motu in Philippinis. Magnus terrae motus Philippinas australes quatit. Sunt mortui et plusquam 120 laesi, et multa aedificia laeduntur. Periculum certe tsunami dempta videtur.",2026-06-10 09:06:16+00:00
e80323d24d049cf6bfadaaa1cbe9d383,2026-06-08T06:26:35Z,'starkes Erdbeben',www.tagesschau.de,de,0.9,Schweres Erdbeben erschüttert Philippinen - Tsumaniwarnungen,"Auf den Philippinen hat sich ein starkes Erdbeben ereignet. Die Behörden warnten vor möglichen Tsunamis und riefen die Menschen dazu auf, Küstengebiete zu verlassen. Erste Berichte sprechen von mehreren Toten.",https://www.tagesschau.de/ausland/asien/erdbeben-philippinen-136.html,https://images.tagesschau.de/image/c6aac6f2-54e5-4a84-90e4-b06f5c54e8e8/AAABnqXpXR0/AAABnSSvrFg/16x9-big/philippinen-308.jpg?width=1280,http://web.archive.org/web/20260609062410/https://www.tagesschau.de/ausland/asien/erdbeben-philippinen-136.html,"Stand: 08.06.2026 08:26 Uhr
Auf den Philippinen hat sich ein starkes Erdbeben ereignet. Die Behörden warnten vor möglichen Tsunamis und riefen die Menschen dazu auf, Küstengebiete zu verlassen. Erst… [+1334 chars]",,"Schweres Erdbeben erschüttert Philippinen - Tsumaniwarnungen. Auf den Philippinen hat sich ein starkes Erdbeben ereignet. Die Behörden warnten vor möglichen Tsunamis und riefen die Menschen dazu auf, Küstengebiete zu verlassen. Erste Berichte sprechen von mehreren Toten.",Severe earthquake shakes Philippines - Tsumani warnings. A strong earthquake has occurred in the Philippines. Authorities warned of possible tsunamis and called on people to leave coastal areas. Initial reports speak of several deaths.,Gravis terrae motus Philippines concutit - Tsumani monita. Terrae motus fortis in Philippinis occurrit. Auctoritates monuerunt de tsunamis possibilis et rogaverunt homines ut areas maritimas relinquerent. Initiales relationes de pluribus mortibus loquuntur.,2026-06-10 09:06:16+00:00
655dd594013d264c2929392f1de201af,2026-06-08T06:36:31Z,'Erdbeben',www.nzz.ch,de,0.9,Mehrere Tote nach schwerem Erdbeben vor den Philippinen,Ein starkes Erdbeben hat die südlichen Philippinen erschüttert und kleinere Tsunami-Wellen ausgelöst. Das Ausmass der Schäden und die Zahl der Todesopfer ist noch unklar.,https://www.nzz.ch/panorama/mehrere-tote-nach-schwerem-erdbeben-vor-den-philippinen-ld.10010318,"https://img-msp-prod.nzz.ch/2026/06/08/0a12a558-76da-4667-beb2-be202f2a3710.jpg?width=1200&height=675&fit=bounds&quality=75&auto=webp&crop=4000,2250,x0,y0&wmark=nzz",,"Ein starkes Erdbeben hat die südlichen Philippinen erschüttert und kleinere Tsunami-Wellen ausgelöst. Das Ausmass der Schäden und die Zahl der Todesopfer ist noch unklar.
08.06.2026, 08.36 Uhr
Zusa… [+3488 chars]",,Mehrere Tote nach schwerem Erdbeben vor den Philippinen. Ein starkes Erdbeben hat die südlichen Philippinen erschüttert und kleinere Tsunami-Wellen ausgelöst. Das Ausmass der Schäden und die Zahl der Todesopfer ist noch unklar.,Several dead after massive earthquake off the Philippines. A strong earthquake shook the southern Philippines and triggered small tsunami waves. The extent of the damage and the number of fatalities are still unclear.,Plures mortui post magnum terrae motum Philippenses interfecerunt. Terrae motus validus Philippinas australes concussit et parvas tsunami undas Urguet. Ambitus damnorum et fatalium numerus adhuc lateat.,2026-06-10 09:06:16+00:00
d2396695d9d7bfa0bb16ca34500515d1,2026-06-08T00:55:12Z,'Erdbeben',www.welt.de,de,0.9,Schweres Erdbeben lässt Gebäude einstürzen – Warnung vor Tsunami,"Vor der Südküste der Philippinen ereignet sich ein schweres Erdbeben. Mehrere Gebäude stürzen ein, eine Person stirbt. Die Behörden warnen in der Folge vor Tsunamiwellen entlang der Küsten mehrerer Länder.",https://www.welt.de/vermischtes/article6a25f291b20db0d89b6589eb/philippinen-schweres-erdbeben-laesst-gebaeude-einstuerzen-warnung-vor-tsunami.html,https://images.welt.de/6a25f291b20db0d89b6589eb/559278f1e2777be219e02ed1f4824eb5-master/ci16x9-w1200/54642424-jpg,http://web.archive.org/web/20260608012624/https://www.welt.de/vermischtes/article6a25f291b20db0d89b6589eb/philippinen-schweres-erdbeben-laesst-gebaeude-einstuerzen-warnung-vor-tsunami.html,"Vor der Südküste der Philippinen ereignet sich ein schweres Erdbeben. Mehrere Gebäude stürzen ein, eine Person stirbt. Die Behörden warnen in der Folge vor Tsunamiwellen entlang der Küsten mehrerer L… [+1643 chars]",,"Schweres Erdbeben lässt Gebäude einstürzen – Warnung vor Tsunami. Vor der Südküste der Philippinen ereignet sich ein schweres Erdbeben. Mehrere Gebäude stürzen ein, eine Person stirbt. Die Behörden warnen in der Folge vor Tsunamiwellen entlang der Küsten mehrerer Länder.",Severe earthquake causes buildings to collapse - warning of tsunami. A severe earthquake occurs off the southern coast of the Philippines. Several buildings collapse and one person dies. The authorities subsequently warned of tsunami waves along the coasts of several countries.,Gravis terrae motus aedificia construxit - monitum tsunami. Terrae motus gravis in oram Philippinarum meridionali occurrit. Multa aedificia corruunt et unus homo moritur. Auctores deinde monuerunt de fluctibus tsunami in oram plurium nationum.,2026-06-11 02:03:09+00:00
fb7d87f38843c336151b27771da9bc4c,2026-06-09T06:23:48Z,'Erdbeben',www.stern.de,de,0.9,Zahl der Toten nach schwerem Erdbeben auf den Philippinen auf 41 gestiegen,Nach dem schweren Erdbeben auf den Philippinen ist die Zahl der Todesopfer auf mehr als 40 gestiegen. Am Dienstagmorgen lag sie nach einer Zählung der Nachrichtenagentur AFP unter Berufung auf Angaben aus den betroffenen Provinzen bei insgesamt 41. Mehr als 4…,https://www.stern.de/news/zahl-der-toten-nach-schwerem-erdbeben-auf-den-philippinen-auf-41-gestiegen-37515258.html,https://image.stern.de/37515260/t/4d/v1/w1440/r1.7778/-/09--eingestuerztes-gebaeudes-auf-den-philippinen---f08ae9f31b2ce17c.jpg,,"Kopiere den aktuellen Link
Zur Merkliste hinzufügen
Nach dem schweren Erdbeben auf den Philippinen ist die Zahl der Todesopfer auf mehr als 40 gestiegen. Am Dienstagmorgen lag sie nach einer Zählun… [+886 chars]",,Zahl der Toten nach schwerem Erdbeben auf den Philippinen auf 41 gestiegen. Nach dem schweren Erdbeben auf den Philippinen ist die Zahl der Todesopfer auf mehr als 40 gestiegen. Am Dienstagmorgen lag sie nach einer Zählung der Nachrichtenagentur AFP unter Berufung auf Angaben aus den betroffenen Provinzen bei insgesamt 41. Mehr als 4…,"Death toll after massive earthquake in Philippines rises to 41. After the severe earthquake in the Philippines, the death toll has risen to more than 40. On Tuesday morning, according to a count by the AFP news agency, citing information from the affected provinces, it was a total of 41. More than 4…","Mortuus theloneum post ingens terrae motus in Philippinis oritur 41. Post gravem in Philippinis terrae motum, mortis vectigal ad plus quam 40. Die Martis mane orta est, secundum narrationem nuntiorum AFP procurationis, informationes de provinciis affectis afferens, summa fuit 41. Plus quam 4…",2026-06-11 02:03:09+00:00
4d3ffe2b92afcc39fafa5b0d95f372a8,2026-06-08T05:13:12Z,'Erdbeben',orf.at,de,0.9,Philippinen: Tsunami-Entwarnung nach Erdbeben,,https://orf.at/stories/3432667/,https://orf.at/mojo/1_4_1/storyserver//news/common/images/og-fallback-news.png,http://web.archive.org/web/20260608134800/https://orf.at/stories/3432667/,Nach dem schweren Erdbeben vor der Küste der südphilippinischen Provinz Sarangani hat das US-Tsunami-Warnzentrum seine Tsunami-Warnung aufgehoben. Die Entwarnung kam mehrere Stunden nach dem Beben de… [+834 chars],,Philippinen: Tsunami-Entwarnung nach Erdbeben. None,Philippines: Tsunami all-clear after earthquake. None,Philippinae: Tsunami omnes-patet post terrae motum. Nullus,2026-06-11 17:53:41+00:00
e7049ddc38391a9978395bf3c5a49363,2026-06-08T08:18:43Z,'Erdbeben',www.faz.net,de,0.9,Tsunami-Warnung: Schweres Erdbeben erschüttert den Süden der Philippinen,"Das Beben der Stärke 7,8 lässt auf der Insel Mindanao mehrere Häuser einstürzen. Mindestens 19 Menschen sterben. Ein Video zeigt Schulkinder in Panik.",https://www.faz.net/aktuell/gesellschaft/ungluecke/philippinen-mindestens-19-tote-nach-schwerem-erdbeben-accg-200907609.html,https://media0.faz.net/image/w1200h627/54a156f90618/w4000h2090x0y80o/202606/43601.0.2193172766/bild-der-zerstoerung-in.webp,,Schwere Erdstöße haben am frühen Montagmorgen im Süden der Philippinen Häuser zum Einsturz gebracht und Behördenangaben zufolge mindestens 19 Personen getötet. Mindestens 134 weitere Menschen wurden … [+3510 chars],,"Tsunami-Warnung: Schweres Erdbeben erschüttert den Süden der Philippinen. Das Beben der Stärke 7,8 lässt auf der Insel Mindanao mehrere Häuser einstürzen. Mindestens 19 Menschen sterben. Ein Video zeigt Schulkinder in Panik.",Tsunami warning: Severe earthquake shakes southern Philippines. The magnitude 7.8 quake causes several houses to collapse on the island of Mindanao. At least 19 people die. A video shows school children in panic.,Tsunami Monitum: Gravis terrae motus Philippines meridionali quatit. Magnitudo 7.8 commotionis varias domos in insula Mindanao construxit. Saltem XIX homines moriuntur. Video pueros in schola trepidos ostendit.,2026-06-11 17:53:41+00:00
642a9173e4e0f87c27db53a568aa8e59,2026-06-08T09:51:48Z,'Erdbeben Schäden',www.diepresse.com,de,0.9,Heftiges Erdbeben auf Philippinen: Flaggenzeremonie am ersten Schultag rettete vielen Kindern das Leben,"Das Beben der Stärke 7,8 traf vor allem die Stadt Santos City, wo die meisten der 19 Todesopfer verzeichnet wurden. Dutzende Menschen wurden außerdem verletzt. Mehrere Tsunamiwarnungen wurden weitgehend wieder aufgehoben.",https://www.diepresse.com/28716557/heftiges-erdbeben-auf-philippinen-flaggenzeremonie-am-ersten-schultag,https://img.diepresse.com/public/incoming/p459c-imago-images-0858601533/alternates/WEBP_WIDE_1200/imago%20images%200858601533,,"Manila (APA/dpa) - Bei einem schweren Erdbeben auf den Philippinen sind nach Angaben des Zivilschutzes mindestens 19 Menschen ums Leben gekommen. 134 weitere wurden verletzt, wie der Direktor der Beh… [+3412 chars]",,"Heftiges Erdbeben auf Philippinen: Flaggenzeremonie am ersten Schultag rettete vielen Kindern das Leben. Das Beben der Stärke 7,8 traf vor allem die Stadt Santos City, wo die meisten der 19 Todesopfer verzeichnet wurden. Dutzende Menschen wurden außerdem verletzt. Mehrere Tsunamiwarnungen wurden weitgehend wieder aufgehoben.","Violent earthquake in Philippines: Flag ceremony on the first day of school saved many children's lives. The magnitude 7.8 quake primarily hit the city of Santos City, where most of the 19 deaths were recorded. Dozens of people were also injured. Several tsunami warnings have largely been lifted.","Terrae motus violentus in Philippinis: Caerimonia vexilla primo die scholae multas vitas natorum servavit. Magnitudo 7.8 commotio imprimis urbem Santos urbem percussit, ubi plurimae decem et novem funera scriptae sunt. Dozens etiam homines laesi sunt. Aliquot admonitiones tsunami late elevatae sunt.",2026-06-11 17:53:41+00:00
37b2b547558576833b4452917f9c28c4,2026-06-09T05:14:54Z,'Erdbeben',www.morgenpost.de,de,0.9,Erdbeben auf den Philippinen: Video zeigt dramatische Szenen vor Grundschule,Die Zahl der Todesopfer nach dem Erdbeben auf den Philippinen ist weiter gestiegen. Es handelte sich um das weltweit stärkste Beben in diesem Jahr.,https://www.morgenpost.de/panorama/article412216820/philippinen-inseln-erdbeben-pazifischer-feuerring-video-schule.html,https://img.sparknews.funkemedien.de/412227140/412227140_1780982093_v16_9_1600.jpeg,,"<ul><li>Ein Erdbeben der Stärke 7,8 hat die Philippinen erschüttert</li><li>Dutzende Menschen wurden getötet, Hunderte verletzt</li><li>Videos und Bilder zeigen das Ausmaß der Zerstörungen</li></ul>D… [+3332 chars]",,Erdbeben auf den Philippinen: Video zeigt dramatische Szenen vor Grundschule. Die Zahl der Todesopfer nach dem Erdbeben auf den Philippinen ist weiter gestiegen. Es handelte sich um das weltweit stärkste Beben in diesem Jahr.,Earthquake in the Philippines: Video shows dramatic scenes in front of a primary school. The death toll from the earthquake in the Philippines has continued to rise. It was the world's strongest earthquake this year.,Terrae motus in Philippinis: Video scenas dramaticas ante scholam primariam ostendit. Mortuum vectigal a terrae motu in Philippinis oriri continuavit. Hoc anno terrae motus validissimus fuit.,2026-06-11 17:53:41+00:00
97f1e24fb54a016dff2d2977398d29d4,2026-06-10T09:50:47Z,'Erdbeben',www.faz.net,de,0.9,Mindestens 45 Tote: Menschen hoffen auf Hilfe nach Erdbeben auf den Philippinen,"Das Beben der Stärke 7,8 hatte am Montag die Insel Mindanao erschüttert und schwere Schäden in der Provinz Sarangani angerichtet. Viele Menschen sind seitdem ohne Wasser, ohne Nahrung und ohne Dach über dem Kopf.",https://www.faz.net/video/philippinen-menschen-hoffen-nach-erdbeben-auf-hilfe-200916244.html,https://media0.faz.net/image/w1200h627/c45b8ad83adf/w5785h3022x0y417o/202606/43601.0.2198021654/epa.webp,,"Externe Inhalte aktivieren 
Das Beben der Stärke 7,8 hatte am Montag die Insel Mindanao erschüttert und schwere Schäden in der Provinz Sarangani angerichtet. Viele Menschen sind seitdem ohne Wasser,… [+41 chars]",,"Mindestens 45 Tote: Menschen hoffen auf Hilfe nach Erdbeben auf den Philippinen. Das Beben der Stärke 7,8 hatte am Montag die Insel Mindanao erschüttert und schwere Schäden in der Provinz Sarangani angerichtet. Viele Menschen sind seitdem ohne Wasser, ohne Nahrung und ohne Dach über dem Kopf.","At least 45 dead: People hope for help after earthquake in the Philippines. The 7.8 magnitude quake shook the island of Mindanao on Monday and caused severe damage in Sarangani province. Since then, many people have been without water, without food and without a roof over their heads.","Saltem 45 mortui: Homines auxilium sperant post terrae motum in Philippinis. 7.8 magnitudinis motus insulam Mindanao die Lunae concussit et grave damnum in provincia Sarangani fecit. Cum ergo multi sine aqua, sine cibo et sine tecto per capita.",2026-06-11 17:53:41+00:00
031c56e9bd332d639cf0d969dd242bb9,2026-06-08T00:55:12Z,'Erdbeben',www.welt.de,de,0.9,Schweres Erdbeben vor philippinischer Küste – Warnung vor Tsunami,Vor der Südküste der Philippinen ereignet sich ein schweres Erdbeben. Die Behörden warnen in der Folge vor Tsunamiwellen entlang der Küsten mehrerer Länder.,https://www.welt.de/vermischtes/article6a25f291b20db0d89b6589eb/philippinen-schweres-erdbeben-vor-der-kueste-warnung-vor-tsunami.html,https://images.welt.de/6a25f291b20db0d89b6589eb/efe937986646af5116e521dda911389b-master/ci16x9-w1200/gettyimages-2252502745-jpg,http://web.archive.org/web/20260608010554/https://www.welt.de/vermischtes/article6a25f291b20db0d89b6589eb/philippinen-schweres-erdbeben-vor-der-kueste-warnung-vor-tsunami.html,"Vor der Südküste der Philippinen ereignet sich ein schweres Erdbeben. Die Behörden warnen in der Folge vor Tsunamiwellen entlang der Küsten mehrerer Länder.Nach einem schweren Erdbeben der Stärke 7,8… [+1347 chars]",,Schweres Erdbeben vor philippinischer Küste – Warnung vor Tsunami. Vor der Südküste der Philippinen ereignet sich ein schweres Erdbeben. Die Behörden warnen in der Folge vor Tsunamiwellen entlang der Küsten mehrerer Länder.,Severe earthquake off the Philippine coast – tsunami warning. A severe earthquake occurs off the southern coast of the Philippines. The authorities subsequently warned of tsunami waves along the coasts of several countries.,Gravis terrae motus off oram Philippinarum - tsunami admonitio. Terrae motus gravis in oram Philippinarum meridionali occurrit. Auctores deinde monuerunt de fluctibus tsunami in oram plurium nationum.,2026-06-12 17:24:40+00:00
f548831724531240410e29df9c9e790b,2026-06-08T01:28:54Z,'Erdbeben',www.zeit.de,de,0.9,Notfälle: Schweres Erdbeben auf den Philippinen – Tsunami-Warnung,Hier finden Sie Informationen zu dem Thema „Notfälle“. Lesen Sie jetzt „Schweres Erdbeben auf den Philippinen – Tsunami-Warnung“.,https://www.zeit.de/news/2026-06/08/schweres-erdbeben-auf-den-philippinen-tsunami-warnung,https://img.zeit.de/news/2026-06/08/schweres-erdbeben-auf-den-philippinen-tsunami-warnung-image-group/wide__1300x731,http://web.archive.org/web/20260609044251/https://www.zeit.de/news/2026-06/08/schweres-erdbeben-auf-den-philippinen-tsunami-warnung,Nach einem schweren Erdbeben vor der Küste der südphilippinischen Provinz Sarangani haben die Behörden eine Tsunami-Warnung für mehrere Küstengebiete auf der Insel Mindanao ausgegeben. Das Beben erei… [+1887 chars],,Notfälle: Schweres Erdbeben auf den Philippinen – Tsunami-Warnung. Hier finden Sie Informationen zu dem Thema „Notfälle“. Lesen Sie jetzt „Schweres Erdbeben auf den Philippinen – Tsunami-Warnung“.,Emergencies: Severe earthquake in the Philippines – tsunami warning. Here you will find information on the topic of “emergencies”. Now read “Severe earthquake in the Philippines – tsunami warning”.,"Subitis: Gravis terrae motus in Philippinis – tsunami admonitio. Hic informationes invenies in argumento ""evolutionis"". Nunc lege ""Terrarum terrae motus in Philippinis - tsunami admonitionem"".",2026-06-12 17:24:40+00:00
4ce41f243ea85db6001e6bdd6b7e6f8f,2026-06-09T09:07:32Z,'Erdbeben Überlebende',www.tagesschau.de,de,0.9,Schweres Erdbeben auf Philippinen: Opferzahl steigt auf 37,Auf den Philippinen suchen Einsatzkräfte nach einem verheerenden Erdbeben weiter nach Überlebenden. Die Zahl der Toten dürfte jedoch noch steigen. Mehr als 1.000 Nachbeben erschweren zudem die Rettungsarbeiten.,https://www.tagesschau.de/ausland/asien/philippinen-erdbeben-opferzahl-steigt-100.html,https://images.tagesschau.de/image/a5d8cffa-52e0-4b58-a167-b95ba4a7b9bd/AAABnqt3Xt4/AAABnSSvrFg/16x9-big/philippinen-310.jpg?width=1280,http://web.archive.org/web/20260610021016/https://www.tagesschau.de/ausland/asien/philippinen-erdbeben-opferzahl-steigt-100.html,"Stand: 09.06.2026 11:07 Uhr
Auf den Philippinen suchen Einsatzkräfte nach einem verheerenden Erdbeben weiter nach Überlebenden. Die Zahl der Toten dürfte jedoch noch steigen. Mehr als 1.000 Nachbebe… [+2028 chars]",,Schweres Erdbeben auf Philippinen: Opferzahl steigt auf 37. Auf den Philippinen suchen Einsatzkräfte nach einem verheerenden Erdbeben weiter nach Überlebenden. Die Zahl der Toten dürfte jedoch noch steigen. Mehr als 1.000 Nachbeben erschweren zudem die Rettungsarbeiten.,"Severe earthquake in the Philippines: the number of victims rises to 37. In the Philippines, emergency services continue to search for survivors after a devastating earthquake. However, the number of deaths is likely to rise. More than 1,000 aftershocks are also making rescue work more difficult.","Gravis terrae motus in Philippinis: numerus victimarum usque ad 37. In Philippinis officia repentina pergunt ad quaerendas residuos post terrae motum vastantem. Numerus tamen funerum oriri solet. Plus quam 1,000 aftershocks etiam laborem liberandum difficiliorem faciunt.",2026-06-12 17:24:40+00:00
6fa2f83ed5f30dfcec6d261e1480528a,2026-06-09T09:32:53Z,'Erdbeben',www.faz.net,de,0.9,Insel Mindanao: 37 Tote und 480 Verletzte nach Erdbeben auf den Philippinen,"Einen Tag nach dem schweren Erdbeben auf den Philippinen wird das Ausmaß der Katastrophe deutlicher. Dutzende Menschen sind tot, Hunderte verletzt – und viele stehen unter Schock.",https://www.faz.net/aktuell/gesellschaft/ungluecke/erdbeben-auf-den-philippinen-mindestens-37-tote-accg-200912213.html,https://media0.faz.net/image/w1200h627/cedebc2130fc/w6240h3260x0y450o/202606/43601.0.2196504917/eine-person-des-notfallteams.webp,,"Die Zahl der Todesopfer nach dem schweren Erdbeben auf den Philippinen ist auf mindestens 37 gestiegen. Zudem wurden mehr als 480 Menschen verletzt, vier weitere gelten als vermisst, wie Bernardo Raf… [+2434 chars]",,"Insel Mindanao: 37 Tote und 480 Verletzte nach Erdbeben auf den Philippinen. Einen Tag nach dem schweren Erdbeben auf den Philippinen wird das Ausmaß der Katastrophe deutlicher. Dutzende Menschen sind tot, Hunderte verletzt – und viele stehen unter Schock.","Mindanao Island: 37 dead and 480 injured after earthquake in the Philippines. One day after the severe earthquake in the Philippines, the extent of the disaster is becoming clearer. Dozens of people are dead, hundreds injured - and many are in shock.","Mindanao Island: 37 mortuus et 480 post terrae motus in Philippinis vulneratus. Una die post terraemotus magnus in Philippinis, amplitudo calamitatis clarior fit. Duo homines mortui sunt, centeni laesi sunt, et multi offenduntur.",2026-06-12 17:24:40+00:00
51a67eabd92905b1ebd45f262c01edfc,2026-06-08T00:44:00Z,'Erdbeben',www.stern.de,de,0.9,"Stärke von 7,8: Schweres Erdbeben auf den Philippinen – Tsunami-Warnung","Auf den Philippinen hat es ein schweres Erdbeben gegeben. Behörden Indonesiens, Palaus', Taiwans und Papua-Neuguineas warnen vor möglichen Tsunami-Wellen.",https://www.stern.de/panorama/philippinen--schweres-erdbeben-erschuettert-region---tsunami-warnung-37508112.html,https://image.stern.de/37508114/t/hx/v2/w1440/r1.7778/-/philippinen.jpg,,"Kopiere den aktuellen Link
Zur Merkliste hinzufügen
Auf den Philippinen hat es ein schweres Erdbeben gegeben. Behörden Indonesiens, Palaus', Taiwans und Papua-Neuguineas warnen vor möglichen Tsunam… [+751 chars]",,"Stärke von 7,8: Schweres Erdbeben auf den Philippinen – Tsunami-Warnung. Auf den Philippinen hat es ein schweres Erdbeben gegeben. Behörden Indonesiens, Palaus', Taiwans und Papua-Neuguineas warnen vor möglichen Tsunami-Wellen.","Magnitude 7.8: Severe earthquake in the Philippines – tsunami warning. There has been a severe earthquake in the Philippines. Authorities in Indonesia, Palau, Taiwan and Papua New Guinea warn of possible tsunami waves.","Magnitudo 7.8: Gravis terrae motus in Philippinis – tsunami admonitio. Terremotus fuit magnus in Philippinis. Auctoritates in Indonesia, Palau, Taiwan et Papua Nova Guinea monent de undis tsunami possibiles.",2026-06-13 08:39:14+00:00
273ad42fd853f42dc5f5c0098a92299c,2026-06-08T01:28:54Z,'schweres Erdbeben',www.stern.de,de,0.9,Notfälle: Schweres Erdbeben auf den Philippinen – Tsunami-Warnung,"Erneut bebt am Pazifischen Feuerring die Erde. Die Behörden auf den Philippinen und in Indonesien warnen vor einem Tsunami - und rufen die Menschen auf, sich in Sicherheit zu bringen.",https://www.stern.de/panorama/notfaelle--schweres-erdbeben-auf-den-philippinen---tsunami-warnung-37508138.html,https://image.stern.de/37508140/t/oW/v1/w1440/r1.7778/-/08--jze3trsxnov7axs2048jpeg---547b69b0ffd7c4dd.jpg,,"Kopiere den aktuellen Link
Zur Merkliste hinzufügen
Erneut bebt am Pazifischen Feuerring die Erde. Die Behörden auf den Philippinen und in Indonesien warnen vor einem Tsunami - und rufen die Mensch… [+2080 chars]",,"Notfälle: Schweres Erdbeben auf den Philippinen – Tsunami-Warnung. Erneut bebt am Pazifischen Feuerring die Erde. Die Behörden auf den Philippinen und in Indonesien warnen vor einem Tsunami - und rufen die Menschen auf, sich in Sicherheit zu bringen.",Emergencies: Severe earthquake in the Philippines – tsunami warning. The earth shakes again on the Pacific Ring of Fire. The authorities in the Philippines and Indonesia are warning of a tsunami - and are calling on people to seek safety.,Subitis: Gravis terrae motus in Philippinis – tsunami admonitio. Terra Pacifico Ignis Annulo iterum quatitur. Auctoritates in Philippinis et Indonesia admonent de tsunami - et vocant homines ad salutem quaerendam.,2026-06-13 08:39:14+00:00
a8350f96660fc43af6aa73b9fc3c929d,2026-06-08T01:29:57Z,'schweres Erdbeben',www.tagesspiegel.de,de,0.9,Tsunami-Warnung aufgehoben: Mindestens 15 Menschen sterben durch schweres Erdbeben auf den Philippinen,"Ein Erdbeben der Stärke 7,8 hat die philippinische Insel Mindanao erschüttert. Das Beben traf die Region am ersten Tag des neuen Schuljahres.",https://www.tagesspiegel.de/gesellschaft/panorama/tsunami-warnung-aufgehoben-mindestens-15-menschen-sterben-durch-schweres-erdbeben-auf-den-philippinen-15689861.html,https://www.tagesspiegel.de/images/15689994/alternates/BASE_16_9_W1400/1780892674000/erdbeben-auf-den-philippinen.jpeg,http://web.archive.org/web/20260609150659/https://www.tagesspiegel.de/gesellschaft/panorama/tsunami-warnung-aufgehoben-mindestens-15-menschen-sterben-durch-schweres-erdbeben-auf-den-philippinen-15689861.html,"Bei dem schweren Erdbeben auf den Philippinen sind verschiedenen Behörden zufolge mindestens 15 Menschen ums Leben gekommen. 129 weitere seien bei dem Beben der Stärke 7,8 auf der Insel Mindanao verl… [+5070 chars]",,"Tsunami-Warnung aufgehoben: Mindestens 15 Menschen sterben durch schweres Erdbeben auf den Philippinen. Ein Erdbeben der Stärke 7,8 hat die philippinische Insel Mindanao erschüttert. Das Beben traf die Region am ersten Tag des neuen Schuljahres.",Tsunami warning lifted: At least 15 people die from severe earthquake in the Philippines. A magnitude 7.8 earthquake struck the Philippine island of Mindanao. The quake hit the region on the first day of the new school year.,Tsunami monitus levavit: Saltem XV homines ex gravi terrae motu in Philippinis moriuntur. Magnitudo 7.8 terrae motus Mindanao insulam Philippinam percussit. Motus est regionem primo die novi anni scholae.,2026-06-13 08:39:14+00:00
887d2cdb57e4ed4a20722d8867d6ce6d,2026-06-08T01:29:57Z,'Erdbeben',www.tagesspiegel.de,de,0.9,Notfälle: Schweres Erdbeben auf den Philippinen – Tsunami-Warnung,"Erneut bebt am Pazifischen Feuerring die Erde. Die Behörden auf den Philippinen und in Indonesien warnen vor einem Tsunami - und rufen die Menschen auf, sich in Sicherheit zu bringen.",https://www.tagesspiegel.de/gesellschaft/panorama/notfalle-schweres-erdbeben-auf-den-philippinen--tsunami-warnung-15689861.html,https://www.tagesspiegel.de/images/15689860/alternates/BASE_16_9_W1400/1780882197000/erdbeben-auf-den-philippinen.jpeg,,Nach einem schweren Erdbeben vor der Küste der südphilippinischen Provinz Sarangani haben die Behörden eine Tsunami-Warnung für mehrere Küstengebiete auf der Insel Mindanao ausgegeben. Das Beben erei… [+1937 chars],,"Notfälle: Schweres Erdbeben auf den Philippinen – Tsunami-Warnung. Erneut bebt am Pazifischen Feuerring die Erde. Die Behörden auf den Philippinen und in Indonesien warnen vor einem Tsunami - und rufen die Menschen auf, sich in Sicherheit zu bringen.",Emergencies: Severe earthquake in the Philippines – tsunami warning. The earth shakes again on the Pacific Ring of Fire. The authorities in the Philippines and Indonesia are warning of a tsunami - and are calling on people to seek safety.,Subitis: Gravis terrae motus in Philippinis – tsunami admonitio. Terra Pacifico Ignis Annulo iterum quatitur. Auctoritates in Philippinis et Indonesia admonent de tsunami - et vocant homines ad salutem quaerendam.,2026-06-13 08:39:14+00:00
db97e468e1ef32a548b8c3c3d4be3427,2026-06-08T03:28:45Z,'Erdbeben Verletzte',www.sueddeutsche.de,de,0.9,Naturkatastrophe: Schweres Erdbeben auf den Philippinen – Tsunami-Warnung,"Eine Schule und weitere Gebäude sind aufgrund des Bebens eingestürzt – ob es Tote oder Verletzte gibt, ist bislang unklar. Mehrere Küstengebiete müssen mit bis zu drei Meter hohen Flutwellen rechnen.",https://www.sueddeutsche.de/panorama/erdbeben-philippinen-tsunami-japan-pazifik-li.3495168,https://www.sueddeutsche.de/2026/06/08/acee8966-7bf3-4b42-9f98-70f7ebaf22c2.jpg?q=60&fm=webp&width=1200&rect=0%2C592%2C1536%2C864,http://web.archive.org/web/20260608035004/https://www.sueddeutsche.de/panorama/erdbeben-philippinen-tsunami-japan-pazifik-li.3495168,"Zunächst hatte die US-Erdbebenwarte USGS die Stärke auf 8,2 beziffert, dies aber später ebenfalls auf 7,8 korrigiert. Demnach fand das Beben in einer relativ geringen Tiefe von 55 Kilometern statt. U… [+2206 chars]",,"Naturkatastrophe: Schweres Erdbeben auf den Philippinen – Tsunami-Warnung. Eine Schule und weitere Gebäude sind aufgrund des Bebens eingestürzt – ob es Tote oder Verletzte gibt, ist bislang unklar. Mehrere Küstengebiete müssen mit bis zu drei Meter hohen Flutwellen rechnen.",Natural disaster: Major earthquake in the Philippines - Tsunami warning. A school and other buildings collapsed due to the quake - it is still unclear whether there are any deaths or injuries. Several coastal areas must expect tidal waves up to three meters high.,Clades naturalis: Maior terrae motus in Philippinis - Tsunami admonitio. Schola et alia aedificia propter commotionem corruerunt - adhuc incertum est utrum mortes vel iniuriae sint. Plures areae maritimae aestuosas fluctus exspectare debent usque ad tres metra altas.,2026-06-13 08:39:14+00:00
6b46a5aef61b957a0ee175319e39dd12,2026-06-08T07:00:00Z,'Erdbeben',www.dw.com,de,0.9,News kompakt: Heftiges Erdbeben erschüttert die Philippinen,Bei einem schweren Erdbeben vor den Philippinen sind mindestens 15 Menschen ums Leben gekommen. Israel meldet eine zweite Angriffswelle mit Raketen aus Iran. Der DW-Nachrichtenüberblick.,https://www.dw.com/de/erdbeben-philippinen-israel-iran-angriff-panahi-opec-china-nordkorea-steinmeier-deutschland-olympia/a-77452599,https://static.dw.com/image/77452531_6.jpg,http://web.archive.org/web/20260609153444/https://www.dw.com/de/erdbeben-philippinen-israel-iran-angriff-panahi-opec-china-nordkorea-steinmeier-deutschland-olympia/a-77452599,"Ein schweres Erdbeben hat die südlichen Philippinen erschüttert und vorübergehend Tsunami-Warnungen in mehreren Ländern ausgelöst. Gebäude stürzten ein, Menschen liefen in Panik auf die Straßen. Das … [+6680 chars]",,News kompakt: Heftiges Erdbeben erschüttert die Philippinen. Bei einem schweren Erdbeben vor den Philippinen sind mindestens 15 Menschen ums Leben gekommen. Israel meldet eine zweite Angriffswelle mit Raketen aus Iran. Der DW-Nachrichtenüberblick.,News compact: Violent earthquake shakes the Philippines. At least 15 people have died in a severe earthquake off the Philippines. Israel reports a second wave of missile attacks from Iran. The DW news overview.,Nuntium pacto: Vehemens terrae motus Philippinas quatit. Saltem XV homines in gravi terrae motu a Philippinis mortui sunt. Israel secundam oppugnationum missilium Irania refert. DW nuntium retractationis.,2026-06-13 08:39:14+00:00
0277131da6583d571655add7e9ae200d,2026-06-08T11:11:13Z,'Erdbeben',www.stern.de,de,0.9,Mehr als 30 Tote bei schwerem Erdbeben auf den Philippinen,"Ein schweres Erdbeben hat den Süden der Philippinen erschüttert und mindestens 31 Menschen in den Tod gerissen. Mindestens zwölf Menschen galten nach Behördenangaben nach dem Erdstoß am Montagmorgen als vermisst, mindestens 134 weitere Menschen wurden verletz…",https://www.stern.de/news/mehr-als-30-tote-bei-schwerem-erdbeben-auf-den-philippinen-37510532.html,https://image.stern.de/37510534/t/Xz/v1/w1440/r1.7778/-/08--schwer-beschaedigtes-gebaeude-in-general-santos---e65e9802b99cf898.jpg,http://web.archive.org/web/20260610110428/https://www.stern.de/news/mehr-als-30-tote-bei-schwerem-erdbeben-auf-den-philippinen-37510532.html,"Kopiere den aktuellen Link
Zur Merkliste hinzufügen
Ein schweres Erdbeben hat den Süden der Philippinen erschüttert und mindestens 31 Menschen in den Tod gerissen. Mindestens zwölf Menschen galten … [+1883 chars]",,"Mehr als 30 Tote bei schwerem Erdbeben auf den Philippinen. Ein schweres Erdbeben hat den Süden der Philippinen erschüttert und mindestens 31 Menschen in den Tod gerissen. Mindestens zwölf Menschen galten nach Behördenangaben nach dem Erdstoß am Montagmorgen als vermisst, mindestens 134 weitere Menschen wurden verletz…","More than 30 dead in severe earthquake in the Philippines. A severe earthquake struck the south of the Philippines, killing at least 31 people. According to authorities, at least twelve people were missing after the earthquake on Monday morning, and at least 134 other people were injured...","Plus quam 30 mortui in gravibus terrae motibus in Philippinis. Terrae motus magnus ad meridiem Philippinarum percussit, saltem 31 homines occisos. Ex auctoritatibus saltem duodecim homines post terrae motum die Lunae mane amissi sunt, et saltem 134 alii homines laesi sunt.",2026-06-13 08:39:14+00:00
a35689477d11c9e91584955cc6a39777,2026-06-08T08:28:00Z,'Erdbeben',www.focus.de,de,0.9,Das waren die schlimmsten Erdbeben weltweit,"Ein Erdbeben der Stärke 7,8 auf der Insel Mindanao hat mindestens 15 Menschen getötet. Doch Erdbeben können auch noch viel zerstörerischer sein.",https://www.focus.de/wissen/natur/naturkatastrophen-tod-und-zerstoerung-die-folgenschwersten-erdbeben-weltweit_2459721f-9c2a-4158-a932-61127144c7bd.html,"https://quadro.burda-forward.de/ctf/a82915ff-dc30-46d2-b04e-9a1503460313.15f5ead5-1fc6-4a7c-99ce-57d7b86cacb2.jpeg?im=RegionOfInterestCrop=(1200,630),regionOfInterest=(768,1024)&hash=aecf877dc29eb9709ba0aaa8f2fe6b33ddaef8355c65c15eaa744375bb2a3bc1",http://web.archive.org/web/20260608131030/https://www.focus.de/wissen/natur/naturkatastrophen-tod-und-zerstoerung-die-folgenschwersten-erdbeben-weltweit_2459721f-9c2a-4158-a932-61127144c7bd.html,"22. Mai 1960: Großes Chile-Erdbeben
Erst bei 9,5 stoppte der Zeiger auf der Momenten-Magnituden-Skala: Nie zuvor und bislang auch nie wieder danach haben Erdbebenmessgeräte derart weit ausgeschlagen… [+6496 chars]",,"Das waren die schlimmsten Erdbeben weltweit. Ein Erdbeben der Stärke 7,8 auf der Insel Mindanao hat mindestens 15 Menschen getötet. Doch Erdbeben können auch noch viel zerstörerischer sein.",These were the worst earthquakes in the world. A magnitude 7.8 earthquake on the island of Mindanao has killed at least 15 people. But earthquakes can also be much more destructive.,Hi terrae motus pessimi fuerunt. Magnitudo 7.8 terrae motus in insula Mindanao saltem quindecim homines occidit. Sed terrae motus multo etiam perniciosius esse possunt.,2026-06-13 16:00:55+00:00
9d19f4cb864b67cc6fe1dba1ef8430ca,2026-06-08T09:27:00Z,'Erdbeben Epizentrum',www.focus.de,de,0.9,Erdbeben auf den Philippinen: Video zeigt schutzsuchende Grundschulkinder,"Grundschulkinder während eines Erdbebens auf den Philippinen. Aufnahmen zeigen, wie Erwachsene die Kleinen schützend umringen, dann stürzt das Schulgebäude im Hintergrund ein.",https://www.focus.de/panorama/erdbeben-auf-den-philippinen-video-zeigt-schutzsuchende-grundschulkinder_983a824a-9d27-43bd-8e1a-f137603c1f74.html,"https://quadro.burda-forward.de/ctf/7eca56f2-a138-4a41-9598-3c310a6a9be3.af1de4e9-e532-43a9-819b-a5279f021858.png?im=RegionOfInterestCrop=(1200,630),regionOfInterest=(2401,1128)&hash=01467a65856f6af9ad78ef325b1d06ccb33317f4f18f065f0d2c1d2040bbca78",,Ein in den sozialen Medien geteiltes Video zeigt einen eindrucksvollen Moment: Bei einem heftigen Erdbeben am Montagmorgen auf den Philippinen kauerten weinende Kinder aus der Provinz Davao Occidenta… [+1247 chars],,"Erdbeben auf den Philippinen: Video zeigt schutzsuchende Grundschulkinder. Grundschulkinder während eines Erdbebens auf den Philippinen. Aufnahmen zeigen, wie Erwachsene die Kleinen schützend umringen, dann stürzt das Schulgebäude im Hintergrund ein.","Earthquake in the Philippines: Video shows primary school children seeking protection. Elementary school children during an earthquake in the Philippines. Footage shows adults surrounding the little ones protectively, then the school building collapses in the background.","Terrae motus in Philippinis: Video ostendit scholam primariam pueris tutelam petentibus. Schola puerilis terrae motus in Philippinis. Footage ostendit adultos in tutela parvulos circumfusos, deinde aedificium scholae in curriculo collapsam.",2026-06-13 16:00:55+00:00
5a110680603ab20466962981c4b04cdd,2026-06-09T10:40:01Z,'Erdbeben',www.bild.de,de,0.9,"Stärke 6,1 - Erdbeben-Alarm nahe Tuchels WM-Camp!",Es ruckelt in der englischen WM-Vorbereitung – und zwar im wahrsten Sinne des Wortes.,https://www.bild.de/sport/fussball/wm-erdbeben-alarm-nahe-tuchels-england-camp-6a27e1d0405f5b69b799b54d,"https://images.bild.de/6a27e1d0405f5b69b799b54d/7a8ed9167555bd906911ad09a62e5f0d,66d4873d?w=1280",,TTS-Player überspringenArtikel weiterlesenEs ruckelt in der WM-Vorbereitung der englischen Nationalmannschaft und zwar im wahrsten Sinne des Wortes. Das Camp der Three Lions ist am Dienstag von einem… [+1682 chars],,"Stärke 6,1 - Erdbeben-Alarm nahe Tuchels WM-Camp!. Es ruckelt in der englischen WM-Vorbereitung – und zwar im wahrsten Sinne des Wortes.",Magnitude 6.1 - Earthquake alarm near Tuchel's World Cup camp! English preparations for the World Cup are shaking – in the truest sense of the word.,Magnitudo 6.1 - terror terrae motus prope castra Mundi Tuchel! Praeparata Anglica ad Mundi Trophaeum – in verissimo sensu vocabuli trepidant.,2026-06-13 16:00:55+00:00
51f289636de817055ccc44a860d23d13,2026-06-09T09:14:45Z,'Erdbeben',www.stern.de,de,0.9,Hunderte Nachbeben und mehr als 40 Tote nach schwerem Erdbeben auf den Philippinen,"Nach dem schweren Erdbeben der Stärke 7,8 kommen die Philippinen nicht zur Ruhe: Hunderte kleinere Nachbeben haben den südostasiatischen Inselstaat erschüttert und die Rettungsarbeiten am Dienstag massiv erschwert. Mittlerweile wurden mehr als 40 Tote aus den…",https://www.stern.de/news/hunderte-nachbeben-und-mehr-als-40-tote-nach-schwerem-erdbeben-auf-den-philippinen-37515258.html,https://image.stern.de/37516700/t/ua/v1/w1440/r1.7778/-/09--eingestuerztes-gebaeudes-auf-den-philippinen---d99b1d62db85f654.jpg,http://web.archive.org/web/20260610080535/https://www.stern.de/news/hunderte-nachbeben-und-mehr-als-40-tote-nach-schwerem-erdbeben-auf-den-philippinen-37515258.html,"Kopiere den aktuellen Link
Zur Merkliste hinzufügen
Nach dem schweren Erdbeben der Stärke 7,8 kommen die Philippinen nicht zur Ruhe: Hunderte kleinere Nachbeben haben den südostasiatischen Inselsta… [+2542 chars]",,"Hunderte Nachbeben und mehr als 40 Tote nach schwerem Erdbeben auf den Philippinen. Nach dem schweren Erdbeben der Stärke 7,8 kommen die Philippinen nicht zur Ruhe: Hunderte kleinere Nachbeben haben den südostasiatischen Inselstaat erschüttert und die Rettungsarbeiten am Dienstag massiv erschwert. Mittlerweile wurden mehr als 40 Tote aus den…","Hundreds of aftershocks and more than 40 dead after severe earthquake in the Philippines. After the severe earthquake with a magnitude of 7.8, the Philippines cannot calm down: hundreds of smaller aftershocks shook the Southeast Asian island state and made rescue work massively difficult on Tuesday. More than 40 deaths have now been reported from…","Centum aftershocks et plus quam 40 mortui sunt post graves terrae motus in Philippinis. Post terrae motum gravem cum magnitudine 7.8, Philippinae mitescere non possunt: ​​centena minorum aftershocks statum insulae Southeast Asiae concusserunt et laborem magnum die Martis in mole difficili fecerunt. Plus quam 40 mortes nunc ab ... nuntiatae sunt.",2026-06-15 11:32:41+00:00
5006ea1637a83ffed809a696fe9578e6,2026-06-06T15:10:12Z,'Erdbeben Verletzte',www.stern.de,de,0.9,Katastrophenschutz: Ehrenamtliche Helfer übten Einsatz nach einem Erdbeben,Gera (th) - Etwa 200 ehrenamtliche Helfer haben in Gera die Versorgung einer großen Zahl von Verletzten nach einem Erdbeben geübt. Es ging um den Aufbau,https://www.stern.de/gesellschaft/regional/thueringen/katastrophenschutz--ehrenamtliche-helfer-uebten-einsatz-nach-einem-erdbeben-37503862.html,https://image.stern.de/37503864/t/PG/v1/w1440/r1.7778/-/06--h6qrmw2sspv9axs2048jpeg---b0be537f53dd9d9e.jpg,,"Kopiere den aktuellen Link
Zur Merkliste hinzufügen
Nach einem Katastrophenalarm muss es schnell gehen - das setzt Training voraus. Darum ging es bei einer Übung in Gera.
Etwa 200 ehrenamtliche He… [+816 chars]",,Katastrophenschutz: Ehrenamtliche Helfer übten Einsatz nach einem Erdbeben. Gera (th) - Etwa 200 ehrenamtliche Helfer haben in Gera die Versorgung einer großen Zahl von Verletzten nach einem Erdbeben geübt. Es ging um den Aufbau,Disaster protection: Volunteers practiced after an earthquake. Gera (th) - Around 200 volunteers practiced caring for a large number of injured people after an earthquake in Gera. It was about construction,Custodia calamitatis: voluntarii post terrae motum exercitati. Gera (th) - Circum 200 voluntarios exercuerunt magnam multitudinem hominum laesorum post terrae motum in Gera curando. De constructione erat,2026-06-16 02:11:23+00:00
969a16c4ae9b31f2bce759f3a959ee7c,2026-06-08T04:40:52Z,'Erdbeben',www.zeit.de,de,0.9,Philippinen: Tsunamiwarnung nach schwerem Beben vor den Philippinen,"Vor der Insel Mindanao wurde ein Erdbeben der Stärke 7,8 registriert. Für Japan gab es eine Tsunamiwarnung. Auch in vier weiteren Ländern sind extreme Wellen möglich.",https://www.zeit.de/gesellschaft/zeitgeschehen/2026-06/philippinen-erdbeben-tsunamiwarnung-japan,https://img.zeit.de/politik/ausland/2026-06/tsunami-warnung-erdbeben-philippinen-bild/wide__1300x731,,"Nach einem schweren Erdbeben vor 
der Südküste der Philippinen haben die Behörden eine Tsunamiwarnung 
ausgegeben. Das Beben der Stärke 7,8 ereignete sich am Montagmorgen vor der Küste 
der Provin… [+2466 chars]",,"Philippinen: Tsunamiwarnung nach schwerem Beben vor den Philippinen. Vor der Insel Mindanao wurde ein Erdbeben der Stärke 7,8 registriert. Für Japan gab es eine Tsunamiwarnung. Auch in vier weiteren Ländern sind extreme Wellen möglich.",Philippines: Tsunami warning after severe earthquake off the Philippines. A magnitude 7.8 earthquake was recorded off the island of Mindanao. There was a tsunami warning for Japan. Extreme waves are also possible in four other countries.,Philippinae: Tsunami admonitio post graves terrae motus de Philippinis. Magnitudo 7.8 terrae motus inter insulam Mindanao commemoratus est. Fuit tsunami admonitio pro Iaponia. Fluctus extremae etiam in quattuor aliis terris possibilis sunt.,2026-06-16 02:11:23+00:00
44d6bfab4e06c9d8daf896466e2899c7,2026-06-08T06:15:30Z,'Erdbeben',www.sueddeutsche.de,de,0.9,Naturkatastrophe: Viele Tote und Verletzte bei Erdbeben auf den Philippinen,Das Beben war auch in Indonesien deutlich zu spüren. Tsunami-Warnungen wurden zum Teil wieder aufgehoben.,https://www.sueddeutsche.de/panorama/erdbeben-philippinen-tsunami-warnungen-japan-pazifik-li.3495168,https://www.sueddeutsche.de/2026/06/08/fc4eaa8b-8bd7-4ee0-83f1-2b258fb01370.jpg?q=60&fm=webp&width=1200&rect=0%2C366%2C3000%2C1687,http://web.archive.org/web/20260608112448/https://www.sueddeutsche.de/panorama/erdbeben-philippinen-tsunami-warnungen-japan-pazifik-li.3495168,"Bei dem schweren Erdbeben auf den Philippinen sind verschiedenen Behörden zufolge mindestens 15 Menschen ums Leben gekommen. 129 weitere seien bei dem Beben der Stärke 7,8 verletzt worden, sagte der … [+2673 chars]",,Naturkatastrophe: Viele Tote und Verletzte bei Erdbeben auf den Philippinen. Das Beben war auch in Indonesien deutlich zu spüren. Tsunami-Warnungen wurden zum Teil wieder aufgehoben.,Natural disaster: Many dead and injured in earthquake in the Philippines. The quake was also clearly felt in Indonesia. Some tsunami warnings have been lifted.,Clades naturalis: Multi mortui et laesi terrae motu in Philippinis. Etiam in Indonesia motus evidenter sensit. Quidam tsunami monita sublata sunt.,2026-06-16 02:11:23+00:00
faab7411c13f053b97c451074cc5c396,2026-06-08T06:29:49Z,'Erdbeben',www.zeit.de,de,0.9,Philippinen: Mindestens 15 Tote und 129 Verletzte nach Erdbeben auf den Philippinen,"Ein Erdbeben der Stärke 7,8 auf der Insel Mindanao hat mindestens 15 Menschen getötet, mehr als 100 wurden verletzt. Tsunami-Warnungen wurden mittlerweile aufgehoben.",https://www.zeit.de/gesellschaft/zeitgeschehen/2026-06/philippinen-erdbeben-tsunamiwarnung-japan-gxe,https://img.zeit.de/politik/ausland/2026-06/tsunami-warnung-erdbeben-philippinen-bild/wide__1300x731,,"Durch ein schweres Erdbeben vor 
der Südküste der Philippinen sind nach Angaben verschiedener Behörden mindestens 15 Menschen gestorben. 129 weitere Menschen seien bei dem Beben verletzt worden, sag… [+1789 chars]",,"Philippinen: Mindestens 15 Tote und 129 Verletzte nach Erdbeben auf den Philippinen. Ein Erdbeben der Stärke 7,8 auf der Insel Mindanao hat mindestens 15 Menschen getötet, mehr als 100 wurden verletzt. Tsunami-Warnungen wurden mittlerweile aufgehoben.",Philippines: At least 15 dead and 129 injured after earthquake in the Philippines. A magnitude 7.8 earthquake on the island of Mindanao has killed at least 15 people and injured more than 100. Tsunami warnings have now been lifted.,Philippinae: Saltem XV mortuos et 129 laesa post terrae motum in Philippinis. Magnitudo 7.8 terrae motus in insula Mindanao saltem quindecim hominum occidit et plus quam 100 vulneravit. Monitiones Tsunami nunc elevatae sunt.,2026-06-16 02:11:23+00:00
79eaec3df8d23d553d0ea2170379e777,2026-06-08T08:50:58Z,'Erdbeben',www.stern.de,de,0.9,Hunderte Nachbeben: Tote und Verletzte bei schwerem Erdbeben auf den Philippinen,"Panik auf Mindanao: Häuser stürzen ein, Risse in den Straßen tun sich auf. Es gibt Tote und Verletzte - und stundenlang eine Tsunami-Warnung. Was Augenzeugen über die dramatischen Minuten berichten.",https://www.stern.de/panorama/hunderte-nachbeben--tote-und-verletzte-bei-schwerem-erdbeben-auf-den-philippinen-37508138.html,https://image.stern.de/37509850/t/TQ/v1/w1440/r1.7778/-/08--4re2pnvrw2v1axs2048jpeg---0adb164569087ee2.jpg,http://web.archive.org/web/20260609045350/https://www.stern.de/panorama/hunderte-nachbeben--tote-und-verletzte-bei-schwerem-erdbeben-auf-den-philippinen-37508138.html,"Kopiere den aktuellen Link
Zur Merkliste hinzufügen
Panik auf Mindanao: Häuser stürzen ein, Risse in den Straßen tun sich auf. Es gibt Tote und Verletzte - und stundenlang eine Tsunami-Warnung. Was… [+3757 chars]",,"Hunderte Nachbeben: Tote und Verletzte bei schwerem Erdbeben auf den Philippinen. Panik auf Mindanao: Häuser stürzen ein, Risse in den Straßen tun sich auf. Es gibt Tote und Verletzte - und stundenlang eine Tsunami-Warnung. Was Augenzeugen über die dramatischen Minuten berichten.","Hundreds of aftershocks: dead and injured in severe earthquake in the Philippines. Panic in Mindanao: Houses collapse, cracks appear in the streets. There are dead and injured - and a tsunami warning for hours. What eyewitnesses report about the dramatic minutes.","Centum aftershocks: mortui et laesi terrae motu gravi in ​​Philippinis. Terror in Mindanao: Domus ruinae, rimas in plateis apparent. Mortui sunt et laesi - et tsunami admonitio per horas. Quid testi testes referrent de minutis scenicis.",2026-06-16 02:11:23+00:00
001951b643e863e9a3ed380ea1a7e731,2026-06-08T11:34:00Z,'Erdbeben',taz.de,de,0.9,Erdbeben auf den Philippinen: Mindestens 32 Tote und viele Verletzte,"Im Süden der Philippinen hat sich ein schweres Erdbeben ereignet. Häuser stürzen ein, Straßen reißen auf. Eine Tsunamiwarnung wurde aufgehoben.",https://taz.de/Erdbeben-auf-den-Philippinen/!6185604/,https://taz.de/picture/8487611/1200/41338496.jpeg,http://web.archive.org/web/20260609065825/https://taz.de/Erdbeben-auf-den-Philippinen/!6185604/,"Im Süden der Philippinen hat sich ein schweres Erdbeben ereignet. Häuser stürzen ein, Straßen reißen auf. Eine Tsunamiwarnung wurde aufgehoben. mehr...",,"Erdbeben auf den Philippinen: Mindestens 32 Tote und viele Verletzte. Im Süden der Philippinen hat sich ein schweres Erdbeben ereignet. Häuser stürzen ein, Straßen reißen auf. Eine Tsunamiwarnung wurde aufgehoben.","Earthquake in the Philippines: At least 32 dead and many injured. A severe earthquake has occurred in the south of the Philippines. Houses collapse, streets open up. A tsunami warning has been lifted.","Terrae motus in Philippinis: Saltem 32 mortui sunt et multi vulnerati. Terraemotus magnus in Philippinis ad meridiem obvenit. Domus ruinae, plateae apertae sunt. A tsunami monitus elatus est.",2026-06-16 02:11:23+00:00
206401a5790bceb8d4f622d7338ee5ed,2026-06-08T05:09:00Z,'Erdbeben Tote',www.stern.de,de,0.9,"Stärke 7,8: Erdbeben auf den Philippinen – mindestens drei Tote, Tsunami-Warnung aufgehoben",Auf den Philippinen hat es ein schweres Erdbeben gegeben. Mindestens drei Mensch sind gestorben. Doch befürchtete Tsunami-Welle bleiben offenbar aus.,https://www.stern.de/panorama/philippinen--schweres-erdbeben---mindestens-drei-tote-37508112.html,https://image.stern.de/37508114/t/U3/v3/w1440/r1.7778/-/philippinen.jpg,http://web.archive.org/web/20260609071242/https://www.stern.de/panorama/philippinen--schweres-erdbeben---mindestens-drei-tote-37508112.html,"Kopiere den aktuellen Link
Zur Merkliste hinzufügen
Auf den Philippinen hat es ein schweres Erdbeben gegeben. Mindestens drei Mensch sind gestorben. Doch befürchtete Tsunami-Welle bleiben offenbar … [+1409 chars]",,"Stärke 7,8: Erdbeben auf den Philippinen – mindestens drei Tote, Tsunami-Warnung aufgehoben. Auf den Philippinen hat es ein schweres Erdbeben gegeben. Mindestens drei Mensch sind gestorben. Doch befürchtete Tsunami-Welle bleiben offenbar aus.","Magnitude 7.8: Earthquake in the Philippines – at least three dead, tsunami warning lifted. There has been a severe earthquake in the Philippines. At least three people have died. But the feared tsunami wave apparently did not materialize.","Magnitudo 7.8: Terrae motus in Philippinis – saltem tres mortuos, monitus tsunami levaverunt. Terremotus fuit magnus in Philippinis. Saltem tres homines mortui sunt. Sed timens tsunami unda non apparenter materia.",2026-06-16 10:27:46+00:00
d47dced65ff76fbeada750c5a08d73fc,2026-06-09T03:36:50Z,'Erdbeben',www.stern.de,de,0.9,Mehr als 1000 Nachbeben: Beben auf Philippinen: Zahl der Toten und Verletzten steigt,"Einen Tag nach dem schweren Erdbeben auf den Philippinen wird das Ausmaß der Katastrophe deutlicher. Dutzende Menschen sind tot, Hunderte verletzt - und viele stehen unter Schock.",https://www.stern.de/panorama/mehr-als-1000-nachbeben--beben-auf-philippinen--zahl-der-toten-und-verletzten-steigt-37514576.html,https://image.stern.de/37514578/t/xY/v1/w1440/r1.7778/-/09--zotljvkykev6axs2048jpeg---919f9c17b101d1a9.jpg,http://web.archive.org/web/20260610122325/https://www.stern.de/panorama/mehr-als-1000-nachbeben--beben-auf-philippinen--zahl-der-toten-und-verletzten-steigt-37514576.html,"Kopiere den aktuellen Link
Zur Merkliste hinzufügen
Einen Tag nach dem schweren Erdbeben auf den Philippinen wird das Ausmaß der Katastrophe deutlicher. Dutzende Menschen sind tot, Hunderte verletz… [+2582 chars]",,"Mehr als 1000 Nachbeben: Beben auf Philippinen: Zahl der Toten und Verletzten steigt. Einen Tag nach dem schweren Erdbeben auf den Philippinen wird das Ausmaß der Katastrophe deutlicher. Dutzende Menschen sind tot, Hunderte verletzt - und viele stehen unter Schock.","More than 1000 aftershocks: Quake in Philippines: number of dead and injured increases. One day after the severe earthquake in the Philippines, the extent of the disaster is becoming clearer. Dozens of people are dead, hundreds injured - and many are in shock.","Plus quam 1000 aftershocks: Quake in Philippinis: numerus mortuorum et laesa crescit. Una die post terraemotus magnus in Philippinis, amplitudo calamitatis clarior fit. Duo homines mortui sunt, centeni laesi sunt, et multi offenduntur.",2026-06-16 10:27:46+00:00
49c6192fb68102ddd53af9d2c4d32a28,2026-06-09T03:38:43Z,'Erdbeben Verletzte',www.tagesspiegel.de,de,0.9,Mehr als 1000 Nachbeben: Beben auf Philippinen: Zahl der Toten und Verletzten steigt,"Einen Tag nach dem schweren Erdbeben auf den Philippinen wird das Ausmaß der Katastrophe deutlicher. Dutzende Menschen sind tot, Hunderte verletzt - und viele stehen unter Schock.",https://www.tagesspiegel.de/gesellschaft/panorama/mehr-als-1000-nachbeben-beben-auf-philippinen-zahl-der-toten-und-verletzten-steigt-15694390.html,https://www.tagesspiegel.de/images/15694389/alternates/BASE_16_9_W1400/1780976322000/erdbeben-auf-den-philippinen.jpeg,http://web.archive.org/web/20260610023952/https://www.tagesspiegel.de/gesellschaft/panorama/mehr-als-1000-nachbeben-beben-auf-philippinen-zahl-der-toten-und-verletzten-steigt-15694390.html,"Die Zahl der Todesopfer nach dem schweren Erdbeben auf den Philippinen ist auf mindestens 37 gestiegen. Zudem wurden mehr als 480 Menschen verletzt, vier weitere gelten als vermisst, wie Bernardo Raf… [+3113 chars]",,"Mehr als 1000 Nachbeben: Beben auf Philippinen: Zahl der Toten und Verletzten steigt. Einen Tag nach dem schweren Erdbeben auf den Philippinen wird das Ausmaß der Katastrophe deutlicher. Dutzende Menschen sind tot, Hunderte verletzt - und viele stehen unter Schock.","More than 1000 aftershocks: Quake in Philippines: number of dead and injured increases. One day after the severe earthquake in the Philippines, the extent of the disaster is becoming clearer. Dozens of people are dead, hundreds injured - and many are in shock.","Plus quam 1000 aftershocks: Quake in Philippinis: numerus mortuorum et laesa crescit. Una die post terraemotus magnus in Philippinis, amplitudo calamitatis clarior fit. Duo homines mortui sunt, centeni laesi sunt, et multi offenduntur.",2026-06-16 10:27:46+00:00
05ff4eee42a3c040412c0655691b5348,2026-06-10T07:59:27Z,'Erdbeben',www.zeit.de,de,0.9,Erdbeben auf den Philippinen: Zahl der Toten nach Beben auf den Philippinen steigt auf mindestens 45,"Nach dem schweren Erdbeben auf den Philippinen meldet der Zivilschutz 45 Tote. Mehr als 600 Menschen wurden verletzt, 17 werden vermisst. Die Schäden sind enorm.",https://www.zeit.de/gesellschaft/2026-06/erdbeben-philippinen-tote-45-verletzte-vermisste-gxe,https://img.zeit.de/gesellschaft/2026-06/erdbeben-philippinen-mindanao-todesopfer-nachbeben-foto-1/wide__1300x731,http://web.archive.org/web/20260610184916/https://www.zeit.de/gesellschaft/2026-06/erdbeben-philippinen-tote-45-verletzte-vermisste-gxe,"Mindestens 45 Menschen sind bei dem schweren Erdbeben auf den Philippinen ums Leben gekommen. Zudem wurden mehr als 630 Menschen verletzt, 17 weitere gelten als vermisst, wie der Zivilschutz mitteilt… [+1286 chars]",,"Erdbeben auf den Philippinen: Zahl der Toten nach Beben auf den Philippinen steigt auf mindestens 45. Nach dem schweren Erdbeben auf den Philippinen meldet der Zivilschutz 45 Tote. Mehr als 600 Menschen wurden verletzt, 17 werden vermisst. Die Schäden sind enorm.","Earthquake in the Philippines: Number of deaths after earthquake in the Philippines rises to at least 45. After the severe earthquake in the Philippines, civil defense reports 45 deaths. More than 600 people were injured and 17 are missing. The damage is enormous.","Motus terrae in Philippinis: Numerus funerum post terrae motus in Philippinis oritur vel saltem 45. Post gravem terrae motum in Philippinis, civilis defensionis refert 45 mortes. Plus quam 600 homines laesi sunt et 17 desunt. Damnum est enorme.",2026-06-16 10:27:46+00:00
49e00e62a59a57e66923b12dff55f2fd,2026-06-14T09:30:49Z,'Erdbeben Tote',www.zeit.de,de,0.9,Philippinen: Zahl der Toten nach Erdbeben auf mehr als 60 gestiegen,"Knapp eine Woche nach dem schweren Erdbeben auf den Philippinen meldet der Katastrophenschutz 61 Tote. Mehr als 1.400 Menschen wurden verletzt, 40 gelten als vermisst.",https://www.zeit.de/gesellschaft/2026-06/erdbeben-philippinen-sarangani-mindanao-tote-verletzte-gxe,https://img.zeit.de/gesellschaft/2026-06/erdbeben-philippinen-sarangani-mindanao-tote-verletzte-foto-1/wide__1300x731,,"Die Zahl der Toten nach dem schweren Erdbeben auf den Philippinen ist auf mindestens 61 gestiegen. 40 Menschen würden vermisst und mehr als 1.400 seien verletzt worden, teilte der Nationale Katastrop… [+1234 chars]",,"Philippinen: Zahl der Toten nach Erdbeben auf mehr als 60 gestiegen. Knapp eine Woche nach dem schweren Erdbeben auf den Philippinen meldet der Katastrophenschutz 61 Tote. Mehr als 1.400 Menschen wurden verletzt, 40 gelten als vermisst.","Philippines: Death toll after earthquake rises to more than 60. Almost a week after the severe earthquake in the Philippines, civil protection reports 61 deaths. More than 1,400 people were injured and 40 are missing.","Philippinae: Mors thelonei post terrae motus orta est plusquam 60. Fere septimana post graves terrae motus in Philippinis, tutela civilis mortium 61 tradit. Plus quam mille 400 homines laesi sunt et 40 desunt.",2026-06-16 10:27:46+00:00
19ec390882ccf40f98c2c1718051b96a,2026-06-14T19:54:27Z,'Erdbeben Schäden',www.stern.de,de,0.9,Erdbeben: Erdbeben erschüttert Peloponnes – keine Schäden gemeldet,"Ein Erdbeben der Stärke 5,1 hat den Südwesten des Peloponnes erschüttert. Schäden wurden nicht gemeldet – dennoch bleibt die Unsicherheit in der Region bestehen.",https://www.stern.de/panorama/erdbeben--erdbeben-erschuettert-peloponnes---keine-schaeden-gemeldet-37542838.html,https://image.stern.de/37542840/t/uQ/v1/w1440/r1.7778/-/14--jexpzeikugv3axs2048jpeg---ff024c672bce3391.jpg,,"Kopiere den aktuellen Link
Zur Merkliste hinzufügen
Ein Erdbeben der Stärke 5,1 hat den Südwesten des Peloponnes erschüttert. Schäden wurden nicht gemeldet dennoch bleibt die Unsicherheit in der Re… [+1000 chars]",,"Erdbeben: Erdbeben erschüttert Peloponnes – keine Schäden gemeldet. Ein Erdbeben der Stärke 5,1 hat den Südwesten des Peloponnes erschüttert. Schäden wurden nicht gemeldet – dennoch bleibt die Unsicherheit in der Region bestehen.",Earthquake: Earthquake shakes Peloponnese – no damage reported. A magnitude 5.1 earthquake shook the southwest of the Peloponnese. No damage was reported - but uncertainty remains in the region.,Terrae motus: Terrae motus Peloponnesum quassat – nullam molestiam ferunt. 5.1 Magnitudo terrae motus Peloponnesi Africum contremuit. Nulla iniuria nuntiata est - sed haesitatio in regione manet.,2026-06-16 10:27:46+00:00
3ed5b9911ea737aa7aeb17970697d4e4,2026-06-14T19:54:27Z,'Erdbeben Schäden',www.zeit.de,de,0.9,Erdbeben: Erdbeben erschüttert Peloponnes – keine Schäden gemeldet,Hier finden Sie Informationen zu dem Thema „Erdbeben“. Lesen Sie jetzt „Erdbeben erschüttert Peloponnes – keine Schäden gemeldet“.,https://www.zeit.de/news/2026-06/14/erdbeben-erschuettert-peloponnes-keine-schaeden-gemeldet,https://img.zeit.de/news/2026-06/14/erdbeben-erschuettert-peloponnes-keine-schaeden-gemeldet-image-group/wide__1300x731,,"Ein Erdbeben der Stärke 5,1 hat am Sonntagabend den Südwesten der griechischen Halbinsel Peloponnes erschüttert. Nach weiteren Angaben des Geodynamischen Instituts der Universität Athen ereignete sic… [+827 chars]",,Erdbeben: Erdbeben erschüttert Peloponnes – keine Schäden gemeldet. Hier finden Sie Informationen zu dem Thema „Erdbeben“. Lesen Sie jetzt „Erdbeben erschüttert Peloponnes – keine Schäden gemeldet“.,Earthquake: Earthquake shakes Peloponnese – no damage reported. Here you will find information on the topic of “earthquakes”. Now read “Earthquake shakes Peloponnese – no damage reported”.,"Terrae motus: Terrae motus Peloponnesum quassat – nullam molestiam ferunt. Hic informationes invenies in argumento ""terrae motuum"". Iam lege “Terrtus Peloponnesum concutit – nullam molestiam retulit”.",2026-06-16 10:27:46+00:00
e2caf90a46f022f560a81efad5685ead,2026-06-14T19:55:22Z,'Erdbeben',www.tagesspiegel.de,de,0.9,Erdbeben: Erdbeben erschüttert Peloponnes – keine Schäden gemeldet,"Ein Erdbeben der Stärke 5,1 hat den Südwesten des Peloponnes erschüttert. Schäden wurden nicht gemeldet – dennoch bleibt die Unsicherheit in der Region bestehen.",https://www.tagesspiegel.de/gesellschaft/panorama/erdbeben-erdbeben-erschuttert-peloponnes--keine-schaden-gemeldet-15714368.html,https://www.tagesspiegel.de/images/15714367/alternates/BASE_16_9_W1400/1781466921000/erdbeben.jpeg,,"Ein Erdbeben der Stärke 5,1 hat am Sonntagabend den Südwesten der griechischen Halbinsel Peloponnes erschüttert. Nach weiteren Angaben des Geodynamischen Instituts der Universität Athen ereignete sic… [+879 chars]",,"Erdbeben: Erdbeben erschüttert Peloponnes – keine Schäden gemeldet. Ein Erdbeben der Stärke 5,1 hat den Südwesten des Peloponnes erschüttert. Schäden wurden nicht gemeldet – dennoch bleibt die Unsicherheit in der Region bestehen.",Earthquake: Earthquake shakes Peloponnese – no damage reported. A magnitude 5.1 earthquake shook the southwest of the Peloponnese. No damage was reported - but uncertainty remains in the region.,Terrae motus: Terrae motus Peloponnesum quassat – nullam molestiam ferunt. 5.1 Magnitudo terrae motus Peloponnesi Africum contremuit. Nulla iniuria nuntiata est - sed haesitatio in regione manet.,2026-06-16 10:27:46+00:00
0b6ce3b1a3da9bc8792315d4fea2264f,2026-06-14T20:02:33Z,'Erdbeben',orf.at,de,0.9,Erdbeben erschüttert Peloponnes,,https://orf.at/stories/3433321/,https://orf.at/mojo/1_4_1/storyserver//news/common/images/og-fallback-news.png,,"Ein Erdbeben der Stärke 5,1 hat heute Abend den Südwesten der griechischen Halbinsel Peloponnes erschüttert. Nach weiteren Angaben des Geodynamischen Instituts der Universität Athen ereignete sich de… [+781 chars]",,Erdbeben erschüttert Peloponnes. None,Earthquake shakes Peloponnese. None,Terrae motus Peloponnesum quatit. Nullus,2026-06-16 10:27:46+00:00
1f8f62cd285a05d8a49b24b5fe572f12,2026-06-15T03:50:09Z,'Erdbeben',www.diepresse.com,de,0.9,Erdbeben erschüttert Peloponnes: War es schon das Hauptbeben?,In der Region hat es in der Vergangenheit deutlich stärkere Erdbeben gegeben. Eine Entwarnung kann deshalb noch nicht gegeben werden.,https://www.diepresse.com/30261404/erdbeben-erschuettert-peloponnes-war-es-schon-das-hauptbeben,https://www.diepresse.com/assets_v2/images/diepresse_nachrichten.png,,"Ein Erdbeben der Stärke 5,1 hat am Sonntagabend den Südwesten der griechischen Halbinsel Peloponnes erschüttert. Nach weiteren Angaben des Geodynamischen Instituts der Universität Athen ereignete sic… [+794 chars]",,Erdbeben erschüttert Peloponnes: War es schon das Hauptbeben?. In der Region hat es in der Vergangenheit deutlich stärkere Erdbeben gegeben. Eine Entwarnung kann deshalb noch nicht gegeben werden.,Earthquake shakes Peloponnese: Was it already the main earthquake? There have been significantly stronger earthquakes in the region in the past. An all-clear cannot therefore be given yet.,Terrae motus Peloponnesum quassat: iamne terrae motus maxime fuit? Fuerunt signanter terrae motus validiores in regione praeterita. Patet igitur nondum dari.,2026-06-16 10:27:46+00:00
14f77fcabef43436a9445471bb90de21,2026-06-15T00:00:00Z,'Erdbeben',www.jw.org,de,0.9,NACHRICHTEN | Philippinen: Schweres Erdbeben erschüttert den Süden des Landes,,https://www.jw.org/de/nachrichten/region/philippinen/Philippinen-Schweres-Erdbeben-ersch%C3%BCttert-den-S%C3%BCden-des-Landes/,https://cms-imgp.jw-cdn.org/img/p/702026116/univ/art/702026116_univ_lsr_lg.jpg,,"Am 8. Juni 2026 erschütterte ein Erdbeben der Stärke 7,8 mehrere Provinzen auf der philippinischen Insel Mindanao. Damit war es eines der schwersten Erdbeben, das die Philippinen in den vergangenen 5… [+1491 chars]",,NACHRICHTEN | Philippinen: Schweres Erdbeben erschüttert den Süden des Landes. ,NEWS | Philippines: Severe earthquake shakes the south of the country.,NEWS | Philippinae: Gravis terrae motus meridianam regionem quatit.,2026-06-19 02:20:45+00:00
0041d8321fb78fbcc5c6c55a65f0f822,2026-06-16T05:41:26Z,'Erdbeben',www.diepresse.com,de,0.9,"Erdbeben mit Stärke 6,7 erschütterte indonesische Insel Sulawesi",Zunächst gab es keine Berichte über Schäden oder Opfer. Das Erbeben weckte dennoch Erinnerungen an die Katastrophe von 2018.,https://www.diepresse.com/30538874/erdbeben-mit-staerke-6-7-erschuetterte-indonesische-insel-sulawesi,https://www.diepresse.com/assets_v2/images/diepresse_nachrichten.png,,"Ein starkes Erdbeben der Stärke 6,7 hat die indonesische Insel Sulawesi erschüttert. Laut der US-Erdbebenwarte USGS und des Deutschen Geoforschungszentrums (GFZ) ereignete es sich in einer eher gerin… [+1227 chars]",,"Erdbeben mit Stärke 6,7 erschütterte indonesische Insel Sulawesi. Zunächst gab es keine Berichte über Schäden oder Opfer. Das Erbeben weckte dennoch Erinnerungen an die Katastrophe von 2018.",A magnitude 6.7 earthquake struck the Indonesian island of Sulawesi. Initially there were no reports of damage or casualties. The earthquake still brought back memories of the 2018 disaster.,Magnitudo 6.7 terrae motus Indonesiacam insulam Sulawesi percussit. Initio nullae erant relationes damni aut casus. Terrae motus adhuc memoriam calamitatis 2018 rettulit.,2026-06-20 01:37:29+00:00
a901978e70a2691464881c6a72f803fa,2026-06-10T06:34:42Z,'Erdbeben',www.tagesspiegel.de,de,0.9,Nach schwerem Erdbeben: Opferzahl auf den Philippinen steigt auf 45,Es war das bislang weltweit stärkste Erdbeben des Jahres: Noch immer steigt die Zahl der Toten und Vermissten. Der Schaden geht in die Millionen. Und die Erde bebt weiter.,https://www.tagesspiegel.de/gesellschaft/panorama/nach-schwerem-erdbeben-opferzahl-auf-den-philippinen-steigt-auf-45-15699002.html,https://www.tagesspiegel.de/images/15699001/alternates/BASE_16_9_W1400/1781073281000/erdbeben-auf-den-philippinen.jpeg,,"Die Zahl der Todesopfer nach dem schweren Erdbeben auf den Philippinen ist auf mindestens 45 gestiegen. Zudem wurden neuen Angaben des Zivilschutzes zufolge mehr als 630 Menschen verletzt, 17 weitere… [+1673 chars]",,Nach schwerem Erdbeben: Opferzahl auf den Philippinen steigt auf 45. Es war das bislang weltweit stärkste Erdbeben des Jahres: Noch immer steigt die Zahl der Toten und Vermissten. Der Schaden geht in die Millionen. Und die Erde bebt weiter.,After a serious earthquake: the number of victims in the Philippines rises to 45. It was the world's strongest earthquake of the year so far: the number of dead and missing people is still rising. The damage runs into the millions. And the earth continues to shake.,Post gravem terrae motum: numerus victimarum in Philippinis usque ad oritur 45. Fuit terrae motus validissimus mundi anni tam longe: numerus mortuorum et absentium hominum adhuc ortu est. Damnum in decies centena millia decurrit. et terra tremit.,2026-06-20 16:03:35+00:00
8fd3e3b876a873798e006106b360cefa,2026-06-03T18:18:47Z,'Erdbeben',versicherungswirtschaft-heute.de,de,0.9,Düstere Prognose von Swiss Re: Versicherte Schäden steuern unaufhaltsam auf die 200-Milliarden-Dollar-Marke zu,"Klimawandel, Inflation und unaufhaltsame Urbanisierung treiben die Kosten für Erdbeben, Hurrikane und Waldbrände weltweit in astronomische Höhen. Doch während die Schäden rasant steigen, zieht sich die Versicherungswirtschaft aus den extremen Risikogebieten z…",https://versicherungswirtschaft-heute.de/politik-und-regulierung/2026-06-03/duestere-prognose-von-swiss-re-versicherte-schaeden-steuern-unaufhaltsam-auf-die-200-milliarden-dollar-marke-zu/,https://versicherungswirtschaft-heute.de/wp-60d20-content/uploads/2023/10/431140075-1200x787.jpg,,"Beschädigte Schiffe liegen in einem Hafen in Schleswig-Holstein nach einer Sturmflut im Oktober 2023 auf einem Anleger. (Bildquelle: picture alliance/dpa | Daniel Bockwoldt)Klimawandel, Inflation und… [+572 chars]",,"Düstere Prognose von Swiss Re: Versicherte Schäden steuern unaufhaltsam auf die 200-Milliarden-Dollar-Marke zu. Klimawandel, Inflation und unaufhaltsame Urbanisierung treiben die Kosten für Erdbeben, Hurrikane und Waldbrände weltweit in astronomische Höhen. Doch während die Schäden rasant steigen, zieht sich die Versicherungswirtschaft aus den extremen Risikogebieten z…","Gloomy forecast from Swiss Re: Insured losses are heading inexorably towards the $200 billion mark. Climate change, inflation and unstoppable urbanization are driving the costs of earthquakes, hurricanes and wildfires to astronomical levels worldwide. But while losses are rising rapidly, the insurance industry is retreating from the extreme risk areas...","Triste praenuntiatio ab Helvetiis Re: Damna salubria inexorabiliter versus $200 miliarda marcam tendunt. Clima mutationis, inflationis et urbanizationis inconstans haudquaquam pellunt sumptus motuum, turbinum ac incendia ad gradus astronomicos per orbem terrarum. Sed dum damna celeriter surgunt, industria assecurationis ab extremo periculo recedit...",2026-06-21 16:16:38+00:00
095dbb00dbbfedfc4aeeddd8773d5e83,2026-06-19T10:20:05Z,'Erdbeben',www.stern.de,de,0.9,Küstenhebung,Zwei Menschen gehen über freigelegte Korallen im Pangyan Marine Sanctuary in der südphilippinischen Provinz Sarangani. Infolge einer durch ein schweres Erdbeben verursachten tektonischen Küstenhebung wurde in dem Gebiet der Meeresboden um bis zu zwei Meter an…,https://www.stern.de/news/kuestenhebung-37570962.html,https://image.stern.de/37570964/t/L5/v1/w1440/r1.7778/-/19--kuestenhebung---0d13a30fa352f2e0.jpg,,"Zugang zu stern+statt 11,96 
 nur 1  
<ul><li>Alles von stern+ mit erstklassigen Inhalten von GEO und Capital</li><li>4 Wochen testen, dann 2,99  je Woche</li><li>jederzeit kündbar</li></ul>",,Küstenhebung. Zwei Menschen gehen über freigelegte Korallen im Pangyan Marine Sanctuary in der südphilippinischen Provinz Sarangani. Infolge einer durch ein schweres Erdbeben verursachten tektonischen Küstenhebung wurde in dem Gebiet der Meeresboden um bis zu zwei Meter an…,"Coastal uplift. Two people walk over exposed coral at Pangyan Marine Sanctuary in southern Philippines' Sarangani province. As a result of a tectonic coastal uplift caused by a major earthquake, the seabed in the area rose by up to two meters...","Maritimum adlevent. Duo homines per corallium expositi in Pangyan Marine Sanctuarium ambulant in provincia Sarangani meridionali Philippinae. Propter sublationem maritimam tectonicam a terrae motu maiore causatam, in area seabed usque ad duo metra orta est.",2026-06-22 02:05:36+00:00
30bc6acf551c14081a02455b22cd5ea7,2026-06-18T13:03:44Z,'Erdbeben',www.tagesspiegel.de,de,0.9,Was 13 Minuten nach dem Japan-Beben geschah: Unerwarteter Mechanismus überrascht Forscher,"Wissenschaftler haben herausgefunden, wie das große Erdbeben von 2011 Japan verschoben hat – und warnen vor bislang unerkannten Risiken.",https://www.tagesspiegel.de/wissen/was-13-minuten-nach-dem-japan-beben-geschah-unerwarteter-mechanismus-verblufft-forscher-15727011.html,https://www.tagesspiegel.de/images/15727505/alternates/BASE_16_9_W1400/1781783812000/atomkraftwerk-fukushima.jpeg,http://web.archive.org/web/20260619080759/https://www.tagesspiegel.de/wissen/was-13-minuten-nach-dem-japan-beben-geschah-unerwarteter-mechanismus-verblufft-forscher-15727011.html,"Japan liegt seit einigen Jahren weiter im Osten. Das große Erdbeben von 2011, das in Japan einen Tsunami und dadurch die Reaktor-Katastrophe von Fukushima auslöste, hat das Land um bis zu sechs Milli… [+3898 chars]",,"Was 13 Minuten nach dem Japan-Beben geschah: Unerwarteter Mechanismus überrascht Forscher. Wissenschaftler haben herausgefunden, wie das große Erdbeben von 2011 Japan verschoben hat – und warnen vor bislang unerkannten Risiken.",What happened 13 minutes after the Japan quake: Unexpected mechanism surprises researchers. Scientists have discovered how the great 2011 earthquake shifted Japan - and warn of previously unrecognized risks.,Quod factum est 13 minuta post Iaponiam commovent: inopinata machinatio investigatores deprimit. Scientes invenerunt quomodo magnus 2011 terrae motus in Iaponia versatus est - et monent pericula antea incognita.,2026-06-23 01:33:34+00:00
579bf5625a145fb1ce639ca9538e3170,2026-06-18T18:08:32Z,'Erdbeben Plattengrenze',www.spektrum.de,de,0.9,Tohoku-Beben von 2011: Erdbebenwellen verschoben Japan um Millimeter nach Osten,Überraschung in der Seismologie: Am Erdkern reflektierte Erdbebenwellen können großflächige Bewegungen entlang von Plattengrenzen auslösen.,https://www.spektrum.de/news/tohoku-erdbeben-reflektierte-wellen-verschoben-japan/2329807,https://static.spektrum.de/fm/912/f1920x1080/GettyImages-545068228.jpg,http://web.archive.org/web/20260620095355/https://www.spektrum.de/news/tohoku-erdbeben-reflektierte-wellen-verschoben-japan/2329807,"Reflektierte Erdbebenwellen aus dem Erdinneren können nach einem starken Beben sehr großräumige Bewegungen entlang von Plattengrenzen auslösen. Das berichten Fachleute der University of Chicago, die … [+2094 chars]",,Tohoku-Beben von 2011: Erdbebenwellen verschoben Japan um Millimeter nach Osten. Überraschung in der Seismologie: Am Erdkern reflektierte Erdbebenwellen können großflächige Bewegungen entlang von Plattengrenzen auslösen.,Tohoku earthquake of 2011: Earthquake waves shifted Japan by millimeters to the east. Surprise in seismology: Earthquake waves reflected from the Earth's core can trigger large-scale movements along plate boundaries.,Terrae motus Tohoku MMXI: Iaponia undae terrae motus per mm ad orientem. Admiratio in seismologia: Fluctus terrae motus e nucleo Telluris repercussus per limites lamellas magnos scalas movere potest.,2026-06-23 01:33:34+00:00
462076be750db594dbf8ae12c1dd4bd6,2026-06-19T04:30:14Z,'Erdbeben',www.n-tv.de,de,0.9,Gleichzeitig mit Fukushima-Gau: Mega-Erdbeben könnte ganz Japan verschoben haben,"Das Tōhoku-Erdbeben mit einer Stärke von 9,0 erschüttert 2011 den Nordosten Japans. Mehr als 20.000 Menschen sterben und es kommt zur Nuklearkatastrophe im Kernkraftwerk Fukushima. Das schwere Beben scheint das gesamte Land verschoben zu haben.",https://www.n-tv.de/wissen/Mega-Erdbeben-koennte-ganz-Japan-verschoben-haben-id30983267.html,https://www.n-tv.de/img/30983313/1781793127/Img_16_9/1200/Bildnummer-55016627-Datum-01-07-2004-Copyright-imago-AFLO-File-photo-dated-on-July-2004-Photos-of-Fukushima-I-Nuclear-Power-Plant-center.jpg,http://web.archive.org/web/20260619204441/https://www.n-tv.de/wissen/Mega-Erdbeben-koennte-ganz-Japan-verschoben-haben-id30983267.html,"Das schwere Beben führte zur Nuklearkatastrophe im Kernkraftwerk Fukushima Daiichi, wo durch den Tsunami die Kühlsysteme ausfielen und es zu einer Kernschmelze in mehreren Reaktoren kam. (Foto: imago… [+3981 chars]",,"Gleichzeitig mit Fukushima-Gau: Mega-Erdbeben könnte ganz Japan verschoben haben. Das Tōhoku-Erdbeben mit einer Stärke von 9,0 erschüttert 2011 den Nordosten Japans. Mehr als 20.000 Menschen sterben und es kommt zur Nuklearkatastrophe im Kernkraftwerk Fukushima. Das schwere Beben scheint das gesamte Land verschoben zu haben.","At the same time as the Fukushima meltdown: mega-earthquake could have shifted the whole of Japan. The 9.0 magnitude Tōhoku earthquake struck northeastern Japan in 2011. More than 20,000 people die and there is a nuclear disaster at the Fukushima nuclear power plant. The severe quake appears to have shifted the entire country.",Eodem tempore ac Fukushima meltdown: mega-terrae motus totam Iaponiam mutare potuit. De magnitudine 9.0 Tōhoku terrae motus Iaponiae septentrionalis in Iaponia percussit 2011. Plus quam 20000 homines moriuntur et clades nuclearis in Fukushima planta potentiae nuclearis est. Gravis commotio totam regionem movisse videtur.,2026-06-23 01:33:34+00:00
a7c870441fd1fd5a8f8efb22942503b0,2026-06-20T11:56:44Z,'Erdbeben Epizentrum',www.bild.de,de,0.9,Traumziel in Griechenland - Erdbeben erschüttern beliebte Urlaubsinsel,"Heraklion (Kreta) – Zwei mittelschwere Erdbeben erschüttern Kreta, Schäden werden keine gemeldet.",https://www.bild.de/news/ausland/kreta-erdbeben-erschuettern-beliebte-urlaubsinsel-6a3675a5af14c0b528960ad7,"https://images.bild.de/6a3675a5af14c0b528960ad7/5622b4bd68679a256c7b5c629556c35d,beff75b8?w=1280",http://web.archive.org/web/20260621072320/https://www.bild.de/news/ausland/kreta-erdbeben-erschuettern-beliebte-urlaubsinsel-6a3675a5af14c0b528960ad7,TTS-Player überspringenArtikel weiterlesenHeraklion (Kreta)  Panik im Ferienparadies! Zwei Erdbeben erschütterten kurz hintereinander die griechische Mittelmeerinsel Kreta. Die Erde wackelte mit Stär… [+890 chars],,"Traumziel in Griechenland - Erdbeben erschüttern beliebte Urlaubsinsel. Heraklion (Kreta) – Zwei mittelschwere Erdbeben erschüttern Kreta, Schäden werden keine gemeldet.","Dream destination in Greece - earthquakes shake popular holiday island. Heraklion (Crete) - Two moderate earthquakes hit Crete, no damage reported.","Somnium destinationis in Graecia - terrae motus ferias ferias populares agitant. Heraklion (Crete) - Duo terrae motus mediocres Cretam feriunt, nullum detrimentum ferunt.",2026-06-23 01:33:34+00:00
8c49ca97452b716ac5b588bb1b1ac8ed,2026-06-08T02:55:51Z,'Erdbeben Schäden',www.faz.net,de,0.9,Tsunami-Warnung: Schweres Erdbeben auf den Philippinen,"Erneut bebt am Pazifischen Feuerring die Erde. Die Behörden auf den Philippinen und in Indonesien warnen vor einem Tsunami - und rufen die Menschen auf, sich in Sicherheit zu bringen.",https://www.faz.net/aktuell/schweres-erdbeben-philippinen-tsunami-warnung-accg-200907430.html,https://media0.faz.net/image/w1200h627/ecbb2d8e9770/w5812h3036x0y419o/202606/43601.0.2192800338/menschen-werden-evakuiert.webp,http://web.archive.org/web/20260618192536/https://www.faz.net/aktuell/schweres-erdbeben-philippinen-tsunami-warnung-accg-200907430.html,Nach einem schweren Erdbeben vor der Küste der südphilippinischen Provinz Sarangani haben die Behörden eine Tsunami-Warnung für mehrere Küstengebiete auf der Insel Mindanao ausgegeben. Das Beben erei… [+2740 chars],,"Tsunami-Warnung: Schweres Erdbeben auf den Philippinen. Erneut bebt am Pazifischen Feuerring die Erde. Die Behörden auf den Philippinen und in Indonesien warnen vor einem Tsunami - und rufen die Menschen auf, sich in Sicherheit zu bringen.",Tsunami warning: Severe earthquake in the Philippines. The earth shakes again on the Pacific Ring of Fire. The authorities in the Philippines and Indonesia are warning of a tsunami - and are calling on people to seek safety.,Tsunami admonitio: Gravis terrae motus in Philippinis. Terra Pacifico Ignis Annulo iterum quatitur. Auctoritates in Philippinis et Indonesia admonent de tsunami - et vocant homines ad salutem quaerendam.,2026-06-24 16:39:12+00:00
05ae98f2e0442532fc16ed8d3eff2134,2026-06-03T06:52:24Z,'Erdbeben',www.stern.de,de,0.9,Strack-Zimmermann wollte mit FDP-Kandidatur „Erdbeben an Austritten“ verhindern,"Die FDP-Europaabgeordnete Marie-Agnes Strack-Zimmermann hat ihre überraschende Kandidatur um den FDP-Vorsitz am vergangenen Wochenende mit der Sorge vor Austritten von Parteimitgliedern begründet. „Da drohte ein regelrechtes Erdbeben an Austritten“, sagte Str…",https://www.stern.de/news/strack-zimmermann-wollte-mit-fdp-kandidatur--erdbeben-an-austritten--verhindern-37485064.html,https://image.stern.de/37485066/t/hF/v1/w1440/r1.7778/-/03--kubicki-und-strackzimmermann---3dc549b8bcb6f4c1.jpg,http://web.archive.org/web/20260618063917/https://www.stern.de/news/strack-zimmermann-wollte-mit-fdp-kandidatur--erdbeben-an-austritten--verhindern-37485064.html,"Kopiere den aktuellen Link
Zur Merkliste hinzufügen
Die FDP-Europaabgeordnete Marie-Agnes Strack-Zimmermann hat ihre überraschende Kandidatur um den FDP-Vorsitz am vergangenen Wochenende mit der So… [+1154 chars]",,"Strack-Zimmermann wollte mit FDP-Kandidatur „Erdbeben an Austritten“ verhindern. Die FDP-Europaabgeordnete Marie-Agnes Strack-Zimmermann hat ihre überraschende Kandidatur um den FDP-Vorsitz am vergangenen Wochenende mit der Sorge vor Austritten von Parteimitgliedern begründet. „Da drohte ein regelrechtes Erdbeben an Austritten“, sagte Str…","Strack-Zimmermann wanted to prevent “earthquakes of resignations” with the FDP candidacy. FDP MEP Marie-Agnes Strack-Zimmermann justified her surprising candidacy for the FDP chairmanship last weekend with concerns about party members leaving. “There was a real threat of an earthquake of resignations,” said Str...","Strack-Zimmermann voluit impedire ""terrae motus renuntiationum"" cum petitione FDP. FDP MEP Marie-Agnes Strack-Zimmermann suam admirabilem petitionem in FDP praesidendi volutpat vestibulum proximae cum curis de sodalium factione relinquens iustificavit. ""Vera comminatio terrae motus renuntiationum fuit"", inquit Str.",2026-06-25 08:37:02+00:00
3e9c0a60769b7864da1aebdb6db9032e,2026-06-15T16:06:00Z,'Erdbeben',www.stern.de,de,0.9,"Ja-Wort des Grauens: Aufgepasst, Taylor Swift: Die Hochzeits-GAUs von Jagger, Madonna & Co.","Davon können Taylor Swift und Travis Kelce nur lernen: Was bei den Trauungen von Superstars schiefging – von geplatzten Hosen, verbrannten Brautkleidern und Erdbeben.",https://www.stern.de/fotografie/achtung--taylor-swift--die-hochzeits-gaus-von-madonna---co--37521630.html,https://image.stern.de/37522290/t/U5/v7/w1440/r1.7778/-/mick-und-bianca-jagger.jpg,,"Kopiere den aktuellen Link
Zur Merkliste hinzufügen
Davon können Taylor Swift und Travis Kelce nur lernen: Was bei den Trauungen von Superstars schiefging von geplatzten Hosen, verbrannten Brautkle… [+981 chars]",,"Ja-Wort des Grauens: Aufgepasst, Taylor Swift: Die Hochzeits-GAUs von Jagger, Madonna & Co.. Davon können Taylor Swift und Travis Kelce nur lernen: Was bei den Trauungen von Superstars schiefging – von geplatzten Hosen, verbrannten Brautkleidern und Erdbeben.","Yes word of horror: Watch out, Taylor Swift: The wedding meltdowns of Jagger, Madonna & Co. Taylor Swift and Travis Kelce can only learn from this: What went wrong at the weddings of superstars - from burst pants, burned wedding dresses and earthquakes.","Ita verbum horroris: Cave, Taylor Swift: Nuptias meltdowns de Jagger, Madonna & Co. Taylor Swift et Travis Kelce hoc solum discere potest: Quid erravit in nuptiis superstarum - ex braccis eruptis, nuptialibus coquite et terrae motu combustis.",2026-06-25 08:37:02+00:00
82cd7a2e5e27ee7d2b30246a0c7b8a75,2026-06-25T00:07:04Z,'Erdbeben verschüttet',www.tagesspiegel.de,de,0.9,"Notstand nach zwei schweren Erdbeben: Venezuela bestätigt erste Opfer, viele weitere verschüttet",Nach zwei heftigen Beben in Venezuela zeigen Videos Schäden an Gebäuden und am Flughafen der Hauptstadt Caracas. Präsidentin Delcy Rodríguez spricht von einem „Vorfall mit schwerwiegenden Folgen“.,https://www.tagesspiegel.de/gesellschaft/panorama/notstand-nach-zwei-schweren-erdbeben-venezuela-bestatigt-erste-opfer-viele-weitere-verschuttet-15755232.html,https://www.tagesspiegel.de/images/15755250/alternates/BASE_16_9_W1400/1782350599000/erdbeben-in-venezuela.jpeg,,Bei den schweren Erdbeben in Venezuela sind ersten Erkenntnissen zufolge mindestens 32 Menschen ums Leben gekommen und rund 700 weitere verletzt worden. Das sagte die geschäftsführende Präsidentin De… [+8168 chars],,"Notstand nach zwei schweren Erdbeben: Venezuela bestätigt erste Opfer, viele weitere verschüttet. Nach zwei heftigen Beben in Venezuela zeigen Videos Schäden an Gebäuden und am Flughafen der Hauptstadt Caracas. Präsidentin Delcy Rodríguez spricht von einem „Vorfall mit schwerwiegenden Folgen“.","State of emergency after two severe earthquakes: Venezuela confirms first victims, many more buried. After two strong earthquakes in Venezuela, videos show damage to buildings and the airport in the capital Caracas. President Delcy Rodríguez speaks of an “incident with serious consequences.”","Status tumultus post duos motus graves: Venezuela primas victimas confirmat, plures alias sepultas. Post duos motus validos in Venezuela, videos damnum aedificiis et aeriportum in capitali Caracas ostendunt. Praeses Delcy Rodríguez de ""accidentia cum gravibus consectariis"" loquitur.",2026-06-26 08:40:12+00:00
97b7008087c0e246cd8009e33cce8cc0,2026-06-25T00:07:04Z,'Erdbeben verschüttet',www.tagesspiegel.de,de,0.9,Schwere Erdbeben in Venezuela: Zahl der Toten steigt auf 235 – Helfer sprechen von „entscheidenden Stunden“,Nach den schweren Beben in dem südamerikanischen Land werden nach und nach weitere Leichen geborgen. Es gibt Tausende Verletzte. Etliche Menschen sollen noch unter Trümmern verschüttet sein.,https://www.tagesspiegel.de/gesellschaft/panorama/schwere-erdbeben-in-venezuela-zahl-der-toten-steigt-auf-235--helfer-sprechen-von-entscheidenden-stunden-15755232.html,https://www.tagesspiegel.de/images/15760654/alternates/BASE_16_9_W1400/1782447704000/venezuela-earthquake.jpeg,,"Internationale Hilfsteams mit Spürhunden bereiten sich auf den Einsatz in Venezuela vor. Nach den tödlichen Erdbeben, die das südamerikanische Land erschüttert haben, werden aus Ländern wie Deutschla… [+6710 chars]",,Schwere Erdbeben in Venezuela: Zahl der Toten steigt auf 235 – Helfer sprechen von „entscheidenden Stunden“. Nach den schweren Beben in dem südamerikanischen Land werden nach und nach weitere Leichen geborgen. Es gibt Tausende Verletzte. Etliche Menschen sollen noch unter Trümmern verschüttet sein.,"Severe earthquake in Venezuela: number of deaths rises to 235 – helpers speak of “decisive hours”. After the severe earthquakes in the South American country, more bodies are gradually being recovered. There are thousands of injured. A number of people are said to still be buried under rubble.","Gravis terrae motus in Venetiola: quot mortes ad 235 oriuntur, adiutores loquuntur ""horas decretorias"". Post graves terrae motus in regione Americana Meridiana corpora paulatim magis recreata sunt. Mille laesi sunt. Aliquot homines adhuc ruderibus obruti dicuntur.",2026-06-26 08:40:12+00:00
bdfb74223df7bc3b15b5eb281fe7d443,2026-06-25T03:44:07Z,'Erdbeben Tote',www.stern.de,de,0.9,Notfälle: Starke Erdbeben in Venezuela: Viele Menschen verschüttet,Zwei Beben innerhalb von nur 39 Sekunden: Viele Gebäude in Venezuela sind eingestürzt. Helfer suchen fieberhaft nach Verschütteten. Es werden zahlreiche Tote befürchtet.,https://www.stern.de/panorama/notfaelle--starke-erdbeben-in-venezuela--viele-menschen-verschuettet-37598382.html,https://image.stern.de/37599214/t/5S/v1/w1440/r1.7778/-/25--5d5tbodg6ev8axs2048jpeg---622ef5e905e53544.jpg,,"Kopiere den aktuellen Link
Zur Merkliste hinzufügen
Zwei Beben innerhalb von nur 39 Sekunden: Viele Gebäude in Venezuela sind eingestürzt. Helfer suchen fieberhaft nach Verschütteten. Es werden zah… [+4444 chars]",,Notfälle: Starke Erdbeben in Venezuela: Viele Menschen verschüttet. Zwei Beben innerhalb von nur 39 Sekunden: Viele Gebäude in Venezuela sind eingestürzt. Helfer suchen fieberhaft nach Verschütteten. Es werden zahlreiche Tote befürchtet.,Emergencies: Strong earthquake in Venezuela: Many people buried. Two earthquakes within just 39 seconds: Many buildings in Venezuela collapsed. Helpers are frantically searching for buried victims. Numerous deaths are feared.,Subitis: terrae motus validus in Venetiola: Multi homines sepeliuntur. Duo terrae motus intra tantum 39 secundis: Multa aedificia in Venetiola corruerunt. Adiutores amens victimas sepultas quaerunt. Multae mortes timentur.,2026-06-26 08:40:12+00:00
c5f9f127b5e6cf71e957d8ad2a375035,2026-06-25T04:14:00Z,'Erdbeben Trümmer',www.focus.de,de,0.9,Starke Erdbeben in Venezuela: Viele Menschen verschüttet,"Nach zwei sehr starken Erdbeben in Venezuela suchen die Rettungskräfte unter den Trümmern nach zahlreichen Verschütteten. Die US-Erdbebenwarte USGS gab die Stärke der Beben mit 7,2 und 7,5 an.",https://www.focus.de/panorama/starke-erdbeben-in-venezuela-viele-menschen-verschuettet_2012d38a-767c-4e56-a553-73a0c4adab2e.html,"https://quadro.burda-forward.de/ctf/b54445c0-6120-4e87-99b2-41a595c65242.07a93c56-6ea8-489d-95b2-f9d20e98b697.jpeg?im=RegionOfInterestCrop=(1200,630),regionOfInterest=(1024,683)&hash=47908968aff9bd675b1b6d2c836d9b559375f89eb3512af0c7ced96791201234",http://web.archive.org/web/20260625112711/https://www.focus.de/panorama/starke-erdbeben-in-venezuela-viele-menschen-verschuettet_2012d38a-767c-4e56-a553-73a0c4adab2e.html,"Die Regierung rief den Notstand aus und sprach von großen Schäden. Fotos und Videos zeigten an mehreren Orten eingestürzte Gebäude. Der Zugverkehr im Land wurde eingestellt, der internationale Flugha… [+4089 chars]",,"Starke Erdbeben in Venezuela: Viele Menschen verschüttet. Nach zwei sehr starken Erdbeben in Venezuela suchen die Rettungskräfte unter den Trümmern nach zahlreichen Verschütteten. Die US-Erdbebenwarte USGS gab die Stärke der Beben mit 7,2 und 7,5 an.","Strong earthquake in Venezuela: many people buried. After two very strong earthquakes in Venezuela, rescue workers are searching for numerous people buried under the rubble. The US Earthquake Observatory USGS gave the magnitude of the quakes as 7.2 and 7.5.","Terrae motus validus in Venetiola: multi sepeliuntur. Post duos motus validissimos in Venetiola, opifices liberandos quaerunt multos homines sub ruderibus obrutos. Motus terrae USGS Observatorii USGS magnitudinem motus sicut 7.2 et 7.5 dederunt.",2026-06-26 08:40:12+00:00
053b28c62a986a905764f85d1bc18e1b,2026-06-25T05:15:10Z,'Erdbeben',www.bild.de,de,0.9,Massive Zerstörung befürchtet - Unzählige Menschen unter Trümmern verschüttet,Zwei extreme Erdbeben innerhalb von weniger als einer Minute haben in Venezuela Panik und Chaos ausgelöst. Die US-Erdbebenwarte USGS rechnet mit 10.000 b...,https://www.bild.de/news/massive-zerstoerung-befuerchtet-unzaehlige-menschen-unter-truemmern-verschuettet-6a3cb3daafe845031b3ad505,"https://images.bild.de/6a3cb3daafe845031b3ad505/0f4cb236f930556b711cd448dfd0cad0-landscape,c813e0e5?w=1280",http://web.archive.org/web/20260625070959/https://www.bild.de/news/massive-zerstoerung-befuerchtet-unzaehlige-menschen-unter-truemmern-verschuettet-6a3cb3daafe845031b3ad505,"Mehr zum Video anzeigen 
Zwei extreme Erdbeben innerhalb von weniger als einer Minute haben in Venezuela Panik und Chaos ausgelöst. Die US-Erdbebenwarte USGS rechnet mit 10.000 bis 100.000 Todesopfe… [+195 chars]",,Massive Zerstörung befürchtet - Unzählige Menschen unter Trümmern verschüttet. Zwei extreme Erdbeben innerhalb von weniger als einer Minute haben in Venezuela Panik und Chaos ausgelöst. Die US-Erdbebenwarte USGS rechnet mit 10.000 b...,"Massive destruction feared - countless people buried under rubble. Two extreme earthquakes within less than a minute have caused panic and chaos in Venezuela. The US Earthquake Observatory USGS expects 10,000 b...","Exitium ingens timuit - innumeros ruderibus obrutos. Duo terrae motus extremae intra minus quam minutam terrorem et chaos in Venetiola fecerunt. US Terraemotus Observatorii USGS expectat 10,000 b ...",2026-06-26 08:40:12+00:00
839eee8ec8a4dcfca9b9885283d6aa9e,2026-06-25T06:23:16Z,'Erdbeben',www.diepresse.com,de,0.9,"Verheerendes Beben in Venezuela: Alle fragen sich, ob das Land die Katastrophe überhaupt bewältigen kann [premium]",Zwei starke Erdbeben in wenigen Sekunden erschüttern Venezuela. Tausende Tote werden befürchtet. Wie kann das heruntergewirtschaftete Land der Lage Herr werden?,https://www.diepresse.com/32725301/verheerendes-beben-in-venezuela-alle-fragen-sich-ob-das-land-die-kann,https://img.diepresse.com/public/incoming/mzx3me-topshot-venezuela-earthquake/alternates/WEBP_WIDE_1200/TOPSHOT-VENEZUELA-EARTHQUAKE,,"Die Lichter flackerten zuerst. Dann begann das Hochhaus zu schwanken. Als Adriana Meneses unter ihren Esstisch kroch, hörte sie das Krachen zerberstender Scheiben und das Poltern umstürzender Möbel. … [+5709 chars]",,"Verheerendes Beben in Venezuela: Alle fragen sich, ob das Land die Katastrophe überhaupt bewältigen kann [premium]. Zwei starke Erdbeben in wenigen Sekunden erschüttern Venezuela. Tausende Tote werden befürchtet. Wie kann das heruntergewirtschaftete Land der Lage Herr werden?",Devastating earthquake in Venezuela: Everyone is wondering whether the country can even cope with the disaster [premium]. Two strong earthquakes in just a few seconds shake Venezuela. Thousands of deaths are feared. How can the run-down country get the situation under control?,Terrae motus in Venetiola vastans: Quisque quaerit an terra calamitatem obire possit. Duae terrae motus validi in paucis secundis secundis Venetiam concusserunt. Mortes mille timentur. Quomodo potest currere terra in potestatem?,2026-06-26 08:40:12+00:00
72463b71a98885fd0766e5c4842c1aff,2026-06-25T07:44:29Z,'Erdbeben Tote',www.faz.net,de,0.9,Viele Tote befürchtet: Die Erde in Venezuela bebte überraschend stark,An der Nordküste Venezuelas treffen zwei Erdkrustenplatten aufeinander. Erschütterungen sind daher nicht ungewöhnlich – die Erdbeben am Mittwochabend waren aber überraschend stark.,https://www.faz.net/aktuell/gesellschaft/ungluecke/venezuela-die-erde-bebte-ueberraschend-stark-accg-200965885.html,https://media0.faz.net/image/w1200h627/d1069ae12dee/w5500h2873x0y683o/202606/43601.0.2260063776/zwei-frauen-stehen-vor-einem.webp,,"Die beiden schweren Erdbeben, die am Mittwochabend die venezolanische Hauptstadt Caracas und weite Teile des Nordens des Landes erschütterten, waren außergewöhnlich stark. Sie kamen aber nicht überra… [+3403 chars]",,Viele Tote befürchtet: Die Erde in Venezuela bebte überraschend stark. An der Nordküste Venezuelas treffen zwei Erdkrustenplatten aufeinander. Erschütterungen sind daher nicht ungewöhnlich – die Erdbeben am Mittwochabend waren aber überraschend stark.,Many deaths feared: The earth in Venezuela shook surprisingly strongly. Two plates of the earth's crust meet on the northern coast of Venezuela. Tremors are therefore not unusual - but the earthquakes on Wednesday evening were surprisingly strong.,Multae mortes timuerunt: Terra in Venezuela mire vehementer commota est. Duae laminae crustae terrae in ora septentrionali Venetiolae conveniunt. Itaque tremores non inusitatis sunt - sed terrae motus die Mercurii vesperi mire validi sunt.,2026-06-26 08:40:12+00:00
c6be4e863d7b2a4e9ccc44d7a65a5200,2026-06-25T08:04:51Z,'Erdbeben',www.faz.net,de,0.9,Viele Tote befürchtet: Warum das Erdbeben in Venezuela verheerende Folgen haben könnte,Erschütterungen an der Nordküste Venezuelas sind nicht ungewöhnlich. Die jetzigen Erdbeben waren aber überraschend stark. Viele Gebäude in dem Land sind darauf nicht vorbereitet gewesen.,https://www.faz.net/aktuell/gesellschaft/ungluecke/viele-tote-befuerchtet-deswegen-koennte-das-erdbeben-in-venezuela-verheerende-folgen-haben-accg-200965885.html,https://media0.faz.net/image/w1200h627/d1069ae12dee/w5500h2873x0y683o/202606/43601.0.2260063776/zwei-frauen-stehen-vor-einem.webp,http://web.archive.org/web/20260626023425/https://www.faz.net/aktuell/gesellschaft/ungluecke/viele-tote-befuerchtet-deswegen-koennte-das-erdbeben-in-venezuela-verheerende-folgen-haben-accg-200965885.html,"Allerdings waren die beiden jüngsten Erdbeben, die sich im Abstand von nur 39 Sekunden etwa 100 Kilometer westlich von Caracas ereigneten, mit Magnituden von 7,2 und 7,5 besonders stark. Zahlreiche H… [+2820 chars]",,Viele Tote befürchtet: Warum das Erdbeben in Venezuela verheerende Folgen haben könnte. Erschütterungen an der Nordküste Venezuelas sind nicht ungewöhnlich. Die jetzigen Erdbeben waren aber überraschend stark. Viele Gebäude in dem Land sind darauf nicht vorbereitet gewesen.,Many deaths feared: Why the earthquake in Venezuela could have devastating consequences. Tremors on the northern coast of Venezuela are not uncommon. But the current earthquakes were surprisingly strong. Many buildings in the country were not prepared for this.,Multae mortes timuerunt: quare terrae motus in Venetiola consecutiones vastare potuit. Tremores in ora septentrionali Venetiola non raro sunt. Sed terrae motus currentes mirae magnitudinis fuerunt. Multa aedificia in rure hoc parata non erant.,2026-06-26 08:40:12+00:00
7cdc352b9f7aca3143ba2b8c54be09a8,2026-06-24T23:30:09Z,'Erdbeben Epizentrum',www.welt.de,de,0.9,"Gebäude eingestürzt, Staubwolken in der Hauptstadt – Schweres Erdbeben erschüttert Venezuela","Eines der stärksten Erdbeben des laufenden Jahres trifft Venezuela. In der Hauptstadt Caracas herrscht Panik – Gebäude sind eingestürzt, die Stromversorgung ist teilweise lahmgelegt.",https://www.welt.de/vermischtes/article6a3c6575113e90346dc4ba4e/venezuela-gebaeude-eingestuerzt-staubwolken-schweres-erdbeben-erschuettert-caracas.html,https://images.welt.de/6a3c6575113e90346dc4ba4e/0a7d2ad8e1ad149b58c4cfeded225d0c-master/ci16x9-w1200/1782342399740-afp-b88k6xz-jpg,,"Ein starkes Erdbeben hat Venezuela erschüttert und Gebäude in der Hauptstadt Caracas zum Einsturz gebracht. Die US-Erdbebenwarte USGS gab die Stärke mit 7,1 an. Demnach war das Beben eines der weltwe… [+1482 chars]",,"Gebäude eingestürzt, Staubwolken in der Hauptstadt – Schweres Erdbeben erschüttert Venezuela. Eines der stärksten Erdbeben des laufenden Jahres trifft Venezuela. In der Hauptstadt Caracas herrscht Panik – Gebäude sind eingestürzt, die Stromversorgung ist teilweise lahmgelegt.","Buildings collapsed, clouds of dust in the capital – severe earthquake shakes Venezuela. One of the strongest earthquakes of the current year hits Venezuela. There is panic in the capital Caracas - buildings have collapsed and the power supply is partially paralyzed.","Aedificia corruerunt, nubes pulveris in capite - terrae motus gravis Venetiola quatit. Inter validissimas terrae motus anni currentis Venezuela pervenit. Trepidatum est in urbe Caracae - corruerunt aedificia et potentia paralytici copia est.",2026-06-26 16:33:37+00:00
d72b9f6bf32ae41f3dfdb16170f4e997,2026-06-24T23:55:13Z,'Erdbeben Epizentrum',www.tagesschau.de,de,0.9,Venezuela: Erbeben erschüttert Land und Hauptstadt Caracas,Erdbeben haben Venezuela getroffen. Auch die Hauptstadt Caracas ist betroffen. Messungen gehen von einem der stärksten weltweiten Erdbeben dieses Jahr aus.,https://www.tagesschau.de/ausland/amerika/venezuela-erdbeben-102.html,https://images.tagesschau.de/image/62fc2998-1293-4e53-98c5-6169eceaff60/AAABnvvtMu0/AAABnSSvrFg/16x9-big/venezuela-erdbeben-caracas-100.jpg?width=1280,http://web.archive.org/web/20260625023611/https://www.tagesschau.de/ausland/amerika/venezuela-erdbeben-102.html,"Stand: 25.06.2026 01:55 Uhr
Erdbeben haben Venezuela getroffen. Auch die Hauptstadt Caracas ist betroffen. Messungen gehen von einem der stärksten weltweiten Erdbeben dieses Jahr aus. 
Zwei starke … [+1194 chars]",,Venezuela: Erbeben erschüttert Land und Hauptstadt Caracas. Erdbeben haben Venezuela getroffen. Auch die Hauptstadt Caracas ist betroffen. Messungen gehen von einem der stärksten weltweiten Erdbeben dieses Jahr aus.,Venezuela: Earthquake shakes country and capital Caracas. Earthquakes have hit Venezuela. The capital Caracas is also affected. Measurements predict one of the strongest global earthquakes this year.,Venezuela: Terrae motus quatit regionem et caput Caracas. Venezuela feriunt terrae motus. Caracae caput etiam adficitur. Mensurae unum ex validissimis terrae motibus globalis hoc anno praedicunt.,2026-06-26 16:33:37+00:00
71f6334588d2cbe1c22d34b88f70eeea,2026-06-25T00:06:16Z,'Erdbeben Epizentrum',www.zeit.de,de,0.9,Notfälle: Zwei sehr starke Erdbeben erschüttern Venezuela,Hier finden Sie Informationen zu dem Thema „Notfälle“. Lesen Sie jetzt „Zwei sehr starke Erdbeben erschüttern Venezuela“.,https://www.zeit.de/news/2026-06/25/zwei-sehr-starke-erdbeben-erschuettern-venezuela,https://img.zeit.de/news/2026-06/25/zwei-sehr-starke-erdbeben-erschuettern-venezuela-image-group/wide__1300x731,http://web.archive.org/web/20260625032300/https://www.zeit.de/news/2026-06/25/zwei-sehr-starke-erdbeben-erschuettern-venezuela,"Innerhalb von weniger als einer Minute haben zwei sehr starke Erdbeben Venezuela erschüttert. Die US-Erdbebenwarte USGS gab die Stärke der Erschütterungen mit 7,2 und 7,5 an. Demnach zählten die Erdb… [+1334 chars]",,Notfälle: Zwei sehr starke Erdbeben erschüttern Venezuela. Hier finden Sie Informationen zu dem Thema „Notfälle“. Lesen Sie jetzt „Zwei sehr starke Erdbeben erschüttern Venezuela“.,Emergencies: Two very strong earthquakes shake Venezuela. Here you will find information on the topic of “emergencies”. Now read “Two very strong earthquakes shake Venezuela”.,"Subitis: Duo terrae motus validissimi Venetiola concutiunt. Hic informationes invenies in argumento ""evolutionis"". Nunc legitur ""Duo terrae motus validissimi Venezuelam concutiunt"".",2026-06-26 16:33:37+00:00
c2295b06dd9c751dae72444583fdc6c2,2026-06-25T01:39:17Z,'Erdbeben',orf.at,de,0.9,Zwei schwere Erdbeben in Venezuela,,https://orf.at/stories/3434327/,https://orf.at/mojo/1_4_1/storyserver//news/common/images/og-fallback-news.png,http://web.archive.org/web/20260626042743/https://orf.at/stories/3434327/,"Innerhalb von einer Minute haben zwei sehr starke Erdbeben Venezuela erschüttert. Die US-Erdbebenwarte USGS gab die Stärke der Erschütterungen mit 7,2 und 7,5 an. Demnach zählten die Erdbeben zu den … [+2058 chars]",,Zwei schwere Erdbeben in Venezuela. None,Two major earthquakes in Venezuela. None,Duo terrae motus maiores in Venetiola. Nullus,2026-06-26 16:33:37+00:00
a2a1d32af765bd66a46111ee2d6825d1,2026-06-25T02:41:22Z,'Erdbeben',www.zeit.de,de,0.9,Erdbeben in Venezuela: Venezuela ruft Notstand nach zwei Erdbeben aus,"Erdbeben haben in Venezuela Häuser zum Einsturz gebracht, Fachleute rechnen mit Tausenden Toten. Innenminister Caballo spricht von einer »alarmierenden Situation«.",https://www.zeit.de/gesellschaft/zeitgeschehen/2026-06/erdbeben-venezuela-nord-zentrum-delcy-rodriguez,https://img.zeit.de/gesellschaft/zeitgeschehen/2026-06/erdbeben-venezuela-nord-zentrum-delcy-rodriguez-foto-1/wide__1300x731,http://web.archive.org/web/20260625032257/https://www.zeit.de/gesellschaft/zeitgeschehen/2026-06/erdbeben-venezuela-nord-zentrum-delcy-rodriguez,"Zwei schwere Erdbeben haben den Norden und das Zentrum Venezuelas erschüttert und Häuser zum
Einsturz gebracht. Die geschäftsführende Präsidentin Delcy Rodríguez rief den
Notstand aus. In einer Fer… [+1977 chars]",,"Erdbeben in Venezuela: Venezuela ruft Notstand nach zwei Erdbeben aus. Erdbeben haben in Venezuela Häuser zum Einsturz gebracht, Fachleute rechnen mit Tausenden Toten. Innenminister Caballo spricht von einer »alarmierenden Situation«.","Earthquake in Venezuela: Venezuela declares a state of emergency after two earthquakes. Earthquakes have caused houses to collapse in Venezuela, and experts expect thousands of deaths. Interior Minister Caballo speaks of an “alarming situation.”","Terrae motus in Venetiola: Venezuela statum repentinae declarat post duos terrae motus. Motus terrae in Venetiola domos concidere fecerunt et periti mille mortes exspectant. Internus minister Caballo de condicione ""terrenda"" loquitur.",2026-06-26 16:33:37+00:00
1b78338088e027c35c27a8ebb58cd773,2026-06-25T03:04:52Z,'Erdbeben',www.diepresse.com,de,0.9,Viele Todesopfer nach schwerem Erdbeben in Venezuela befürchtet,Zwei starke Beben innerhalb nur einer Minute erschüttern Venezuela. Präsidentin Rodríguez ruft den Notstand aus und spricht von einem „Vorfall mit schwerwiegenden Folgen“.,https://www.diepresse.com/32720433/viele-todesopfer-nach-schwerem-erdbeben-in-venezuela-befuerchtet,https://img.diepresse.com/public/incoming/w04a6t-venezuela-earthquake/alternates/WEBP_WIDE_1200/VENEZUELA-EARTHQUAKE,http://web.archive.org/web/20260626045025/https://www.diepresse.com/32720433/viele-todesopfer-nach-schwerem-erdbeben-in-venezuela-befuerchtet,"Die Presse auf Google als bevorzugte Nachrichtenquelle hinzufügen.
 Innerhalb von einer Minute haben zwei sehr starke Erdbeben Venezuela erschüttert. Die US-Erdbebenwarte USGS gab die Stärke der Ers… [+2713 chars]",,Viele Todesopfer nach schwerem Erdbeben in Venezuela befürchtet. Zwei starke Beben innerhalb nur einer Minute erschüttern Venezuela. Präsidentin Rodríguez ruft den Notstand aus und spricht von einem „Vorfall mit schwerwiegenden Folgen“.,Many deaths feared after severe earthquake in Venezuela. Two strong earthquakes within just one minute hit Venezuela. President Rodríguez declares a state of emergency and speaks of an “incident with serious consequences”.,"Multae mortes post graves terrae motus in Venetiola timuerunt. Duo terrae motus validi intus in Venezuela uno momento percussi sunt. Praeses Rodríguez statum necessitatis declarat et de ""accidentia cum magnis consectariis"" loquitur.",2026-06-26 16:33:37+00:00
44b99f7e82a39b0477342aa917c48d67,2026-06-25T05:25:32Z,'Erdbeben Epizentrum',www.stern.de,de,0.9,Notfälle: Mindestens 32 Tote nach Doppel-Erdbeben in Venezuela,"Zwei Beben innerhalb von nur 39 Sekunden: Viele Gebäude in Venezuela sind eingestürzt. Helfer suchen intensiv nach Verschütteten. Es wird befürchtet, dass die Operzahl noch weiter ansteigt.",https://www.stern.de/panorama/notfaelle--mindestens-32-tote-nach-doppel-erdbeben-in-venezuela-37598382.html,https://image.stern.de/37599442/t/xt/v1/w1440/r1.7778/-/25--2ql5orimvvv1axs2048jpeg---fd70897eefd74eae.jpg,,"Kopiere den aktuellen Link
Zur Merkliste hinzufügen
Zwei Beben innerhalb von nur 39 Sekunden: Viele Gebäude in Venezuela sind eingestürzt. Helfer suchen intensiv nach Verschütteten. Es wird befürch… [+4954 chars]",,"Notfälle: Mindestens 32 Tote nach Doppel-Erdbeben in Venezuela. Zwei Beben innerhalb von nur 39 Sekunden: Viele Gebäude in Venezuela sind eingestürzt. Helfer suchen intensiv nach Verschütteten. Es wird befürchtet, dass die Operzahl noch weiter ansteigt.",Emergencies: At least 32 dead after double earthquake in Venezuela. Two earthquakes within just 39 seconds: Many buildings in Venezuela collapsed. Helpers search intensively for buried victims. It is feared that the number of operas will continue to rise.,Subitis: Saltem 32 mortui post duplex terrae motus in Venetiola. Duo terrae motus intra tantum 39 secundis: Multa aedificia in Venetiola corruerunt. Adiutores intensive victimas sepultas exquirunt. Verendum est ne numerus operationum perseueret.,2026-06-26 16:33:37+00:00
f859e0665a136f5235aa1e39b492a6c3,2026-06-25T09:00:00Z,'Erdbeben Epizentrum',www.telepolis.de,de,0.9,Notstand ausgerufen: Schwere Erdbeben erschüttern Venezuela,"Zwei Erdbeben der Stärken 7,2 und 7,5 trafen Venezuela gestern Abend. Mindestens 32 Menschen starben, doch die tatsächliche Opferzahl könnte weitaus höher sein.",https://www.telepolis.de/article/Notstand-ausgerufen-Schwere-Erdbeben-erschuettern-Venezuela-11344120.html,https://heise.cloudimg.io/bound/1200x1200/q85.png-lossy-85.webp-lossy-85.foil1/_www-heise-de_/imgs/18/5/1/0/6/4/2/0/HLoLNstWcAEjNVF-9ac9e28762977c9d.jpg,,"Bergungsarbeiten gestern Abend: Venezuela hat den Notstand ausgerufen
(Bild: Telesur/X)
Zwei Erdbeben der Stärken 7,2 und 7,5 trafen Venezuela gestern Abend. Mindestens 32 Menschen starben, doch di… [+5035 chars]",,"Notstand ausgerufen: Schwere Erdbeben erschüttern Venezuela. Zwei Erdbeben der Stärken 7,2 und 7,5 trafen Venezuela gestern Abend. Mindestens 32 Menschen starben, doch die tatsächliche Opferzahl könnte weitaus höher sein.","State of emergency declared: Severe earthquakes shake Venezuela. Two earthquakes measuring 7.2 and 7.5 hit Venezuela last night. At least 32 people died, but the actual death toll could be much higher.","Status tumultus declaratus est: Gravis terrae motus Venezuela agitabit. Duo terrae motus mensurae 7.2 et 7.5 Venezuela heri feriunt. Saltem 32 homines mortui sunt, sed ipsa portio mortis multo altior potuit.",2026-06-26 16:33:37+00:00
c58788d2f6666bef3a0996443f66a8ec,2026-06-25T10:08:02Z,'Erdbeben Epizentrum',orf.at,de,0.9,Große Zerstörung durch Beben in Venezuela,"Die Ungewissheit nach den beiden kurz aufeinanderfolgenden schweren Erdbeben in Venezuela ist groß. Zahlreiche Tote werden befürchtet, laut der US-Erdbebenwarte USGS 10.000 bis 100.000. Die Zerstörung ist groß. Bestätigt ist, dass mindestens 32 Menschen ums L…",https://orf.at/stories/3434370/,https://ibs.orf.at/news?image=https%3A%2F%2Fassets.orf.at%2Fmims%2F2026%2F26%2F37%2Fcrops%2Fw%3D1200%2Ch%3D630%2Cq%3D75%2F3087445_master_1195437_venezuela_erdbeben_domi_afp.jpg%3Fs%3De51a46b4e46c615432640cf7679f0b8dd537ca19,http://web.archive.org/web/20260626004313/https://orf.at/stories/3434370/,"Der Bundesstaat an der Karibik-Küste sei ein Katastrophengebiet. Dort sind Dutzende Gebäude eingestürzt, und es sind intensive Rettungseinsätze am Laufen, um die Leben zu retten, die Gott uns retten … [+5333 chars]",,"Große Zerstörung durch Beben in Venezuela. Die Ungewissheit nach den beiden kurz aufeinanderfolgenden schweren Erdbeben in Venezuela ist groß. Zahlreiche Tote werden befürchtet, laut der US-Erdbebenwarte USGS 10.000 bis 100.000. Die Zerstörung ist groß. Bestätigt ist, dass mindestens 32 Menschen ums L…","Major earthquake destruction in Venezuela. There is great uncertainty following the two severe earthquakes in Venezuela in quick succession. Numerous deaths are feared, according to the US earthquake monitoring station USGS 10,000 to 100,000. The destruction is great. It is confirmed that at least 32 people were killed...","Terrae motus Maior in Venetiola destructio. Magna est dubitatio sequentes duos graves motus in Venezuela per successionem. Multae mortes timentur, secundum USGS 10,000 ad 100,000 ad stationem terrae motuum US. Magna interitus. Confirmatur saltem XXXII homines occisi ...",2026-06-26 16:33:37+00:00
145fb97bddc8d40121976f07088df463,2026-06-25T11:45:00Z,'Erdbeben',www.stern.de,de,0.9,Naturkatastrophe: „Es war fürchterlich“ - Angst und Zerstörung in Venezuela,Nach den schweren Erdbeben kommen aus Venezuela schlimme Bilder. Das Ausmaß der Katastrophe ist längst nicht absehbar - auch die Regierung bittet Gott um Beistand.,https://www.stern.de/panorama/naturkatastrophe---es-war-fuerchterlich----angst-und-zerstoerung-in-venezuela-37601036.html,https://image.stern.de/37601982/t/aK/v1/w1440/r1.7778/-/25--7drm3neacuv4axs2048jpeg---bd33581a72e36f6d.jpg,http://web.archive.org/web/20260626013516/https://www.stern.de/panorama/naturkatastrophe---es-war-fuerchterlich----angst-und-zerstoerung-in-venezuela-37601036.html,"Kopiere den aktuellen Link
Zur Merkliste hinzufügen
Nach den schweren Erdbeben kommen aus Venezuela schlimme Bilder. Das Ausmaß der Katastrophe ist längst nicht absehbar - auch die Regierung bittet… [+3665 chars]",,Naturkatastrophe: „Es war fürchterlich“ - Angst und Zerstörung in Venezuela. Nach den schweren Erdbeben kommen aus Venezuela schlimme Bilder. Das Ausmaß der Katastrophe ist längst nicht absehbar - auch die Regierung bittet Gott um Beistand.,"Natural disaster: “It was terrible” - fear and destruction in Venezuela. After the severe earthquakes, terrible pictures are coming from Venezuela. The extent of the catastrophe is far from being foreseeable - the government is also asking God for help.","Naturalis clades: ""Terribilis"" - timor et interitus in Venetiola. Post graves terrae motus terribiles imagines Venezuela oriuntur. Ambitus calamitatis longe abest ut praevideri possit - imperium etiam auxilium a Deo petit.",2026-06-26 16:33:37+00:00
be341b7d1ca7e81f00e85bc6bdb6821f,2026-06-25T12:10:07Z,'Erdbeben Tote',www.tagesschau.de,de,0.9,Venezuela: Mindestens 164 Tote nach Erdbeben,Nach den schweren Erdbeben in Venezuela ist die Zahl der Todesopfer auf mindestens 164 gestiegen. Mindestens 971 weitere Menschen wurden verletzt. Es ist das stärkste Beben seit mehr als einem Jahrhundert.,https://www.tagesschau.de/ausland/amerika/venezuela-erdbeben-110.html,https://images.tagesschau.de/image/647729c8-4190-4961-adc1-1e774deea345/AAABnv665-U/AAABnSSvrFg/16x9-big/venezuela-1116.jpg?width=1280,http://web.archive.org/web/20260625155224/https://www.tagesschau.de/ausland/amerika/venezuela-erdbeben-110.html,"Stand: 25.06.2026 14:10 Uhr
Nach den schweren Erdbeben in Venezuela ist die Zahl der Todesopfer auf mindestens 164 gestiegen. Mindestens 971 weitere Menschen wurden verletzt. Es ist das stärkste Beb… [+3443 chars]",,Venezuela: Mindestens 164 Tote nach Erdbeben. Nach den schweren Erdbeben in Venezuela ist die Zahl der Todesopfer auf mindestens 164 gestiegen. Mindestens 971 weitere Menschen wurden verletzt. Es ist das stärkste Beben seit mehr als einem Jahrhundert.,"Venezuela: At least 164 dead after earthquake. After the severe earthquakes in Venezuela, the death toll has risen to at least 164. At least 971 other people were injured. It is the strongest earthquake in more than a century.","Venezuela: Saltem 164 post terrae motum mortuum. Post graves terrae motus in Venezuela, theloneum mortis ortum est saltem 164. Saltem 971 alii homines laesi sunt. Fortissimus terrae motus est plus quam saeculum.",2026-06-26 16:33:37+00:00
49ffe080a08bf98ad73f7792b07ec6ff,2026-06-25T12:32:25Z,'Erdbeben',www.stern.de,de,0.9,Naturkatastrophe: Mindestens 164 Tote nach Doppel-Erdbeben in Venezuela,"Trümmer überall, Stromausfall, Chaos am Flughafen: Nach zwei Erdbeben herrscht in Venezuela Ausnahmezustand. Es wird verzweifelt nach Verschütteten gesucht, Helfer arbeiten oft mit bloßen Händen.",https://www.stern.de/panorama/naturkatastrophe--mindestens-164-tote-nach-doppel-erdbeben-in-venezuela-37598382.html,https://image.stern.de/37602266/t/85/v1/w1440/r1.7778/-/25--xrnngqhrygv2axs2048jpeg---125283627913448e.jpg,,"Kopiere den aktuellen Link
Zur Merkliste hinzufügen
Trümmer überall, Stromausfall, Chaos am Flughafen: Nach zwei Erdbeben herrscht in Venezuela Ausnahmezustand. Es wird verzweifelt nach Verschüttet… [+7951 chars]",,"Naturkatastrophe: Mindestens 164 Tote nach Doppel-Erdbeben in Venezuela. Trümmer überall, Stromausfall, Chaos am Flughafen: Nach zwei Erdbeben herrscht in Venezuela Ausnahmezustand. Es wird verzweifelt nach Verschütteten gesucht, Helfer arbeiten oft mit bloßen Händen.","Natural disaster: At least 164 dead after double earthquake in Venezuela. Rubble everywhere, power outage, chaos at the airport: After two earthquakes, Venezuela is in a state of emergency. There is a desperate search for buried victims, and helpers often work with their bare hands.","Clades naturalis: Saltem 164 post duplex terrae motus in Venezuela mortuus. Rudera ubique, potentia eu, chaos in aeriporto: Post duos terrae motus, Venezuela in statu necessitatis est. Hostias sepultas inquisitione desperata est, et adiutores nudis manibus saepe laborant.",2026-06-26 16:33:37+00:00
121f9ae3de36f33723f5c8cbcd4fe6f1,2026-06-25T12:53:50Z,'Erdbeben Epizentrum',www.zeit.de,de,0.9,Erdbeben in Venezuela : Als würde die Erde ewig und immer stärker beben,"Die Epizentren der Beben in Venezuela liegen nahe der Erdoberfläche. Zu der heftigen Katastrophe führten zwei tektonische Platten, die sich vor der Küste treffen.",https://www.zeit.de/wissenschaft/2026-06/erdbeben-venezuela-notstand-opfer-suedamerika,https://img.zeit.de/wissenschaft/2026-06/erdbeben-venezuela-notstand-opfer-suedamerika-bild-03/wide__1300x731,,"Um kurz nach 18 Uhr Ortszeit beginnt die Erde im Norden Venezuelas zu beben. Das Beben trifft die Hauptstadt Caracas, auch mehrere andere Bundesstaaten melden starke Erschütterungen. Weniger als eine… [+642 chars]",,"Erdbeben in Venezuela : Als würde die Erde ewig und immer stärker beben. Die Epizentren der Beben in Venezuela liegen nahe der Erdoberfläche. Zu der heftigen Katastrophe führten zwei tektonische Platten, die sich vor der Küste treffen.",Earthquake in Venezuela: As if the earth were shaking forever and ever stronger. The epicenters of the earthquakes in Venezuela are close to the earth's surface. The violent catastrophe was caused by two tectonic plates that meet off the coast.,Terrae motus in Venezuela: Quasi terra tremeret in aeternum et semper fortius. Epicentes terrae motuum in Venezuela prope terrae superficiem sunt. Catastrophe vehemens duabus laminis tectonicis occurrentibus littori causa est.,2026-06-26 16:33:37+00:00
c11c867278d718622e3511ad8ed005c0,2026-06-25T13:39:06Z,'Erdbeben Epizentrum',www.diepresse.com,de,0.9,Erdbeben in Venezuela: „Da ist wirklich eine größere Katastrophe zu erwarten“ [premium],"Der Nothilfekoordinator von „Jugend eine Welt“ in Venezuela, Wolfgang Wedan, wohnt seit Jahren in Caracas, das vom Doppelerdbeben schwer getroffen wurde. Er ist auf Heimaturlaub in Wien und erzählt von den Veränderungen seit dem US-Angriff, den akuten Problem…",https://www.diepresse.com/32910471/erdbeben-in-venezuela-da-ist-wirklich-eine-groessere-katastrophe-zu,https://img.diepresse.com/public/incoming/n6b7a5-venezuela-earthquake/alternates/WEBP_WIDE_1200/VENEZUELA-EARTHQUAKE,http://web.archive.org/web/20260625155251/https://www.diepresse.com/32910471/erdbeben-in-venezuela-da-ist-wirklich-eine-groessere-katastrophe-zu,"Sie leben seit Jahren in Venezuela und sind gerade eher zufällig in Wien.Wolfgang Wedan: Ganz genau, ich bin auf Heimaturlaub, hätte eigentlich vorgehabt, Sonntag in einer Woche nach Venezuela zurück… [+5768 chars]",,"Erdbeben in Venezuela: „Da ist wirklich eine größere Katastrophe zu erwarten“ [premium]. Der Nothilfekoordinator von „Jugend eine Welt“ in Venezuela, Wolfgang Wedan, wohnt seit Jahren in Caracas, das vom Doppelerdbeben schwer getroffen wurde. Er ist auf Heimaturlaub in Wien und erzählt von den Veränderungen seit dem US-Angriff, den akuten Problem…","Earthquake in Venezuela: “A major catastrophe is really to be expected” [premium]. The emergency aid coordinator of “Youth One World” in Venezuela, Wolfgang Wedan, has lived for years in Caracas, which was hit hard by the double earthquake. He is on home leave in Vienna and talks about the changes since the US attack, the acute problem...","Terrae motus in Venetiola: ""Maior calamitas vere est expectanda"". Subitis auxilium coordinatoris ""Iuventutis Unius Mundi"" in Venezuela, Wolfgang Wedan, annis in Caracas vixit, quod duplici terrae motu graviter ictus est. Viennae in domum suam discedit et de mutationibus cum oppugnatione US loquitur, problema acutissimum.",2026-06-26 16:33:37+00:00
dfe143c305b073de0cc81f9c18c74072,2026-06-25T15:25:51Z,'Erdbeben Trümmer',www.n-tv.de,de,0.9,Rettungsarbeiten dauern an: Venezuelas Präsidentin bittet nach Erdbeben um Gottes Hilfe,Nach den schweren Erdstößen wird das dramatische Ausmaß in Venezuela immer sichtbarer. Noch immer werden zahlreiche Menschen in den Trümmern vermisst. Bei Anwohnern werden Erinnerungen an die schweren seismischen Aktivitäten im Jahr 1967 wach.,https://www.n-tv.de/panorama/Venezuelas-Praesidentin-bittet-nach-Erdbeben-um-Gottes-Hilfe-id31013569.html,https://www.n-tv.de/img/31013646/1782404669/Img_16_9/1200/Rettungskraefte-durchsuchen-nach-einem-Erdbeben-die-Truemmer-Zwei-schwere-Erdbeben-innerhalb-von-nur-39-Sekunden-haben-in-Venezuela-mindestens-164-Menschen-das-Leben-gekostet.jpg,http://web.archive.org/web/20260626024539/https://www.n-tv.de/panorama/Venezuelas-Praesidentin-bittet-nach-Erdbeben-um-Gottes-Hilfe-id31013569.html,"Feuerwehrleute suchen nach Überlebenden. (Foto: picture alliance/dpa/AP)
Nach den schweren Erdstößen wird das dramatische Ausmaß in Venezuela immer sichtbarer. Noch immer werden zahlreiche Menschen … [+3684 chars]",,Rettungsarbeiten dauern an: Venezuelas Präsidentin bittet nach Erdbeben um Gottes Hilfe. Nach den schweren Erdstößen wird das dramatische Ausmaß in Venezuela immer sichtbarer. Noch immer werden zahlreiche Menschen in den Trümmern vermisst. Bei Anwohnern werden Erinnerungen an die schweren seismischen Aktivitäten im Jahr 1967 wach.,"Rescue work continues: Venezuela's president asks for God's help after earthquake. After the severe tremors, the dramatic extent in Venezuela is becoming increasingly visible. Numerous people are still missing in the rubble. For residents, memories of the severe seismic activity in 1967 are brought back.","Eripe opus pergit: Venezuela praeses auxilium Dei post terrae motum petit. Post graves tremores, actio dramatica in Venetiola magis magisque conspicua est. Plurimi adhuc desunt in ruderibus. Pro habitant, memorias gravium seismicarum activitatis anno 1967 reductae sunt.",2026-06-26 16:33:37+00:00
0028fba5e7077d499683b03414bdfc5e,2026-06-25T00:07:04Z,'Erdbeben',www.tagesspiegel.de,de,0.9,Notfälle: Zwei sehr starke Erdbeben erschüttern Venezuela,Nach zwei heftigen Beben in Venezuela zeigen Videos Schäden an Gebäuden und am Flughafen der Hauptstadt Caracas. Unweit des Epizentrums leben Hunderttausende Menschen.,https://www.tagesspiegel.de/gesellschaft/panorama/notfalle-zwei-sehr-starke-erdbeben-erschuttern-venezuela-15755232.html,https://www.tagesspiegel.de/images/15755231/alternates/BASE_16_9_W1400/1782346024000/unabhangigkeitstag-in-venezuela.jpeg,,"Innerhalb von weniger als einer Minute haben zwei sehr starke Erdbeben Venezuela erschüttert. Die US-Erdbebenwarte USGS gab die Stärke der Erschütterungen mit 7,2 und 7,5 an. Demnach zählten die Erdb… [+1386 chars]",,Notfälle: Zwei sehr starke Erdbeben erschüttern Venezuela. Nach zwei heftigen Beben in Venezuela zeigen Videos Schäden an Gebäuden und am Flughafen der Hauptstadt Caracas. Unweit des Epizentrums leben Hunderttausende Menschen.,"Emergencies: Two very strong earthquakes shake Venezuela. After two strong earthquakes in Venezuela, videos show damage to buildings and the airport in the capital Caracas. Hundreds of thousands of people live not far from the epicenter.","Subitis: Duo terrae motus validissimi Venetiola concutiunt. Post duos motus validos in Venezuela, videos damnum aedificiis et aeriportum in capitali Caracas ostendunt. Centum milia hominum non longe ab epicente vivunt.",2026-06-27 01:31:01+00:00
22d8fcca6a69e5eec0ffce5557fc1ec5,2026-06-25T01:26:49Z,'Erdbeben Tote',www.bild.de,de,0.9,Venezuela stürzt ins Chaos - Zehntausende Tote nach Erdbeben befürchtet,Caracas – Zwei extreme Erdbeben innerhalb von weniger als einer Minute haben Venezuela erschüttert. In der Hauptstadt Caracas sind mehrere Gebäude eingestürzt.,https://www.bild.de/news/ausland/naturkatastrophe-in-venezuela-zehntausende-tote-nach-erdbeben-befuerchtet-6a3c7a57113e90346dc4bb58,"https://images.bild.de/6a3c7a57113e90346dc4bb58/101c9e84715674d0f55f46f6828c7759,866825e2?w=1280",,Caracas (Venezuela) Zwei extreme Erdbeben innerhalb von weniger als einer Minute haben Venezuela erschüttert. In der Hauptstadt Caracas stürzten mehrere Gebäude ein. Die US-Erdbebenwarte USGS rechnet… [+3530 chars],,Venezuela stürzt ins Chaos - Zehntausende Tote nach Erdbeben befürchtet. Caracas – Zwei extreme Erdbeben innerhalb von weniger als einer Minute haben Venezuela erschüttert. In der Hauptstadt Caracas sind mehrere Gebäude eingestürzt.,Venezuela is plunging into chaos - tens of thousands of deaths feared after earthquake. Caracas – Two extreme earthquakes within less than a minute have shaken Venezuela. Several buildings collapsed in the capital Caracas.,Venezuela in chaos immergit - decem milia mortum post terrae motum metuuntur. Caracas – Duo terrae motus extremi intra minus quam minutum Venetiam concusserunt. Aliquot aedificia in capitali Caracae corruerunt.,2026-06-27 01:31:01+00:00
d43193eb17fe5a5b8072cf250e12746b,2026-06-25T03:04:42Z,'Erdbeben',www.morgenpost.de,de,0.9,Zwei schwere Erdbeben erschüttern Venezuela: Notstand ausgerufen,"Innerhalb einer Minute richten zwei Erdbeben der Stärke 7,2 und 7,5 enorme Schäden in Venezuela an. Einsatzkräfte erwarten viele Opfer.",https://www.morgenpost.de/panorama/article412384340/zwei-schwere-erdbeben-erschuettern-venezuela-notstand-ausgerufen.html,https://img.sparknews.funkemedien.de/412384341/412384341_1782356530_v16_9_1600.jpeg,,"In Venezuela haben zwei schwere Erdbeben in Teilen des Landes massive Schäden angerichtet. Die venezolanische Präsidentin Delcy Rodríguez rief den Notstand aus, Schulen und Flughäfen wurden geschloss… [+3202 chars]",,"Zwei schwere Erdbeben erschüttern Venezuela: Notstand ausgerufen. Innerhalb einer Minute richten zwei Erdbeben der Stärke 7,2 und 7,5 enorme Schäden in Venezuela an. Einsatzkräfte erwarten viele Opfer.","Two severe earthquakes hit Venezuela: a state of emergency declared. Within a minute, two earthquakes of magnitude 7.2 and 7.5 caused enormous damage in Venezuela. Emergency services expect many victims.",Duae terrae motus graves Venetiolae percusserunt: status tumultus declaratus est. In momento duo terrae motus magnitudinis 7.2 et 7.5 in Venetiola magnum damnum attulerunt. Subitis officia multas victimas expecto.,2026-06-27 01:31:01+00:00
e8fc65d75eb490084116d1562643f2f4,2026-06-25T04:46:28Z,'Erdbeben',www.morgenpost.de,de,0.9,"Zwei Erdbeben der Stärke 7,2 und 7,5 in Venezuela: Zehntausende Tote befürchtet","Innerhalb einer Minute richten zwei Erdbeben der Stärke 7,2 und 7,5 enorme Schäden in Venezuela an. Einsatzkräfte erwarten viele Opfer.",https://www.morgenpost.de/panorama/article412384340/erdbeben-in-venezuela-us-behoerde-rechnet-mit-bis-zu-100000-toten.html,https://img.sparknews.funkemedien.de/412384341/412384341_1782356530_v16_9_1600.jpeg,,"In Venezuela haben zwei schwere Erdbeben in Teilen des Landes massive Schäden angerichtet. Die US-Erdbebenwarte USGS gab die Stärke der Beben mit 7,2 und 7,5 an. Die Regierung rief den Notstand aus u… [+4403 chars]",,"Zwei Erdbeben der Stärke 7,2 und 7,5 in Venezuela: Zehntausende Tote befürchtet. Innerhalb einer Minute richten zwei Erdbeben der Stärke 7,2 und 7,5 enorme Schäden in Venezuela an. Einsatzkräfte erwarten viele Opfer.","Two earthquakes of magnitude 7.2 and 7.5 in Venezuela: tens of thousands of deaths feared. Within a minute, two earthquakes of magnitude 7.2 and 7.5 caused enormous damage in Venezuela. Emergency services expect many victims.",Duo terrae motus magnitudinis 7.2 et 7.5 in Venezuela: decem milia mortum timentur. In momento duo terrae motus magnitudinis 7.2 et 7.5 in Venetiola magnum damnum attulerunt. Subitis officia multas victimas expecto.,2026-06-27 01:31:01+00:00
e1131bca174672a479014a2a89f3185e,2026-06-25T05:21:24Z,'Erdbeben',www.morgenpost.de,de,0.9,Erdbeben in Venezuela: Fotos und Videos zeigen extremes Ausmaß,Nach schweren Erdbeben werden Zehntausende Tote erwartet. Videos in den sozialen Medien geben Einblick in die Lage vor Ort.,https://www.morgenpost.de/panorama/article412384524/erdbeben-in-venezuela-fotos-und-videos-zeigen-extremes-ausmass.html,https://img.sparknews.funkemedien.de/412384521/412384521_1782363934_v16_9_1600.jpeg,,"Ausnahmesituation in Venezuela: Das Land wurde von zwei schweren Erdbeben der Stärke 7,2 und 7,5 erschüttert. Zwischen 10.000 und 100.000 Tote werden laut einer Rechnung der US-Geologiebehörde USGS e… [+1886 chars]",,Erdbeben in Venezuela: Fotos und Videos zeigen extremes Ausmaß. Nach schweren Erdbeben werden Zehntausende Tote erwartet. Videos in den sozialen Medien geben Einblick in die Lage vor Ort.,Earthquake in Venezuela: Photos and videos show extreme extent. Tens of thousands of deaths are expected after severe earthquakes. Videos on social media provide insight into the situation on site.,Terrae motus in Venetiola: Imagines et videos extremam extensionem ostendunt. Decem milia mortum post graves terrae motus expectantur. Videos in instrumentis socialibus perspectum praebere in situ in situ.,2026-06-27 01:31:01+00:00
e1bbdff6c2a15bb66c44bd8e060b1e3c,2026-06-25T06:15:24Z,'Erdbeben Schäden',www.tagesspiegel.de,de,0.9,"Gemessene Stärke von 3,6: Erdbeben bei Supervulkan nahe Neapel",Wieder einmal rumort die Erde am Supervulkan Phlegräische Felder in der Nähe der Hauptstadt der Region Kampanien. Berichte über Verletzte oder größere Schäden liegen bislang nicht vor.,https://www.tagesspiegel.de/gesellschaft/panorama/gemessene-starke-von-36-erdbeben-bei-supervulkan-nahe-neapel-15755454.html,https://www.tagesspiegel.de/images/15755488/alternates/BASE_16_9_W1400/1782367445000/phlegraische-felder.jpeg,,Das Gebiet rund um die süditalienische Großstadt Neapel ist von einem Erdbeben erschüttert worden. Das Nationale Institut für Geophysik und Vulkanologie (INGV) verortete den Erdstoß mit einer Stärke … [+1537 chars],,"Gemessene Stärke von 3,6: Erdbeben bei Supervulkan nahe Neapel. Wieder einmal rumort die Erde am Supervulkan Phlegräische Felder in der Nähe der Hauptstadt der Region Kampanien. Berichte über Verletzte oder größere Schäden liegen bislang nicht vor.",Measured magnitude of 3.6: earthquake at supervolcano near Naples. Once again the earth is rumbling at the Phlegraean Fields supervolcano near the capital of the Campania region. There have been no reports of injuries or major damage so far.,Magnitudo mensurata 3.6: terrae motus in supervolcano prope Neapolim. Iterum terra sonat in campis Phlegraeis supervolcano prope caput regionis Campaniae. Nullae fuerunt relationes iniuriarum vel damni tantum.,2026-06-27 01:31:01+00:00
e5d320bc5630769fc3d8bcf5c0a2ad31,2026-06-25T06:54:07Z,'Erdbeben',www.morgenpost.de,de,0.9,Erdbeben in Venezuela: Wie verhalte ich mich im Notfall richtig?,Zwei schwere Erdbeben haben Venezuela erschüttert. Viele Menschen reagieren im Schock falsch. Diese einfachen Regeln können Leben retten.,https://www.morgenpost.de/panorama/article408232881/erdbeben-venezuela-notfall-ernstfall-naturkatastrophe-wie-verhalte-ich-mich-richtig.html,https://img.sparknews.funkemedien.de/412384613/412384613_1782370452_v16_9_1600.jpeg,http://web.archive.org/web/20260626083555/https://www.morgenpost.de/panorama/article408232881/erdbeben-venezuela-notfall-ernstfall-naturkatastrophe-wie-verhalte-ich-mich-richtig.html,Noch immer stehen viele Menschen unter Schock. Zwei schwere Erdbeben haben in Venezuela nach bisherigen Erkenntnissen mindestens 32 Menschen das Leben gekostet. Rund 700 Menschen sind verletzt. Die a… [+4673 chars],,Erdbeben in Venezuela: Wie verhalte ich mich im Notfall richtig?. Zwei schwere Erdbeben haben Venezuela erschüttert. Viele Menschen reagieren im Schock falsch. Diese einfachen Regeln können Leben retten.,Earthquake in Venezuela: How do I react correctly in an emergency? Two severe earthquakes have shaken Venezuela. Many people react incorrectly when shocked. These simple rules can save lives.,Terrae motus in Venetiola: Quomodo recte ago in an emergency? Duae terrae motus graves Venetiam concusserunt. Male pugnant cum multi abhorrent. Hae regulae simplices vitam possunt salvare.,2026-06-27 01:31:01+00:00
3066baa68bb8654863671d9e1a47e270,2026-06-25T07:01:02Z,'Erdbeben Schäden',www.sueddeutsche.de,de,0.9,Venezuela: Starkes Erdbeben in Venezuela - US-Behörde befürchtet Zehntausende Tote,Die kurz aufeinander folgenden Erdbeben zählen zu den weltweit stärksten des laufenden Jahres. Die Regierung ruft den Notstand aus.,https://www.sueddeutsche.de/panorama/venezuela-erdbeben-caracas-tote-verletzte-li.3504761,https://www.sueddeutsche.de/2026/06/25/7c5cb1ec-9dc5-4115-b3fd-b1d651558c44.jpg?q=60&fm=webp&width=1200&rect=0%2C399%2C4000%2C2250,,"Rettungskräfte suchten in den Trümmern eingestürzter Gebäude nach Verschütteten. Der Zugverkehr in dem südamerikanischen Land wurde eingestellt, der internationale Flughafen der Hauptstadt Caracas wu… [+3751 chars]",,Venezuela: Starkes Erdbeben in Venezuela - US-Behörde befürchtet Zehntausende Tote. Die kurz aufeinander folgenden Erdbeben zählen zu den weltweit stärksten des laufenden Jahres. Die Regierung ruft den Notstand aus.,Venezuela: Strong earthquake in Venezuela - US authorities fear tens of thousands of deaths. The earthquakes in quick succession are among the strongest in the world this year. The government declares a state of emergency.,Venezuela: Terrae motus in Venetiola - US auctoritates decem milia mortium timent. Terrae motus continuos in mundo hoc anno inter validissimos sunt. Imperium declarat statum tempori.,2026-06-27 01:31:01+00:00
6c21a713408df48c9db2cf548fff8c2c,2026-06-25T07:01:02Z,'Erdbeben',www.sueddeutsche.de,de,0.9,Venezuela: Mindestens 32 Tote und 700 Verletzte nach starken Erdbeben – Notstand ausgerufen,"Zwei Erdbeben mit Stärken von 7,2 und 7,5 erschütterten Venezuela in kurzer Folge. Besonders betroffen sind San Felipe, Puerto Cabello und Caracas.",https://www.sueddeutsche.de/panorama/venezuela-erdbeben-caracas-flughafen-naturkatastrophe-tote-li.3504761,https://www.sueddeutsche.de/2026/06/25/7c5cb1ec-9dc5-4115-b3fd-b1d651558c44.jpg?q=60&fm=webp&width=1200&rect=0%2C399%2C4000%2C2250,,"Rettungskräfte suchten in den Trümmern eingestürzter Gebäude nach Verschütteten. Der Zugverkehr in dem südamerikanischen Land wurde eingestellt, der internationale Flughafen der Hauptstadt Caracas wu… [+3751 chars]",,"Venezuela: Mindestens 32 Tote und 700 Verletzte nach starken Erdbeben – Notstand ausgerufen. Zwei Erdbeben mit Stärken von 7,2 und 7,5 erschütterten Venezuela in kurzer Folge. Besonders betroffen sind San Felipe, Puerto Cabello und Caracas.","Venezuela: At least 32 dead and 700 injured after strong earthquake – state of emergency declared. Two earthquakes with magnitudes of 7.2 and 7.5 shook Venezuela in quick succession. San Felipe, Puerto Cabello and Caracas are particularly affected.","Venezuela: Saltem 32 mortui et 700 laesi post terrae motus validi - status tumultus declaratus est. Duo terrae motus cum magnitudinibus 7.2 et 7.5 Venezuela in celeri successu concusserunt. San Felipe, Puerto Cabello et Caracas praecipue afficiuntur.",2026-06-27 01:31:01+00:00
6d16cbae2fa6fd4f7c7a50263dc2bd74,2026-06-25T07:39:53Z,'Erdbeben Schäden',www.morgenpost.de,de,0.9,Trump verspricht Hilfe für Venezuela – andere Staaten folgen,In Venezuela hat ein Erdbeben wohl verheerende Schäden verursacht. Die Situation ist dynamisch. Erste Staaten schicken Hilfe. Die News im Blog.,https://www.morgenpost.de/panorama/article412385382/trump-verspricht-hilfe-fuer-venezuela-andere-staaten-folgen.html,https://img.sparknews.funkemedien.de/412385193/412385193_1782373192_v16_9_1600.jpeg,,"Ein schweres Erdbeben hat Venezuela erschüttert. Zwei Stöße der Stärke 7,2 und 7,5 haben massive Zerstörungen im Nordosten des Landes angerichtet. Die US-Erdbebenwarte USGCS rechnet mit zwischen 10.0… [+183 chars]",,Trump verspricht Hilfe für Venezuela – andere Staaten folgen. In Venezuela hat ein Erdbeben wohl verheerende Schäden verursacht. Die Situation ist dynamisch. Erste Staaten schicken Hilfe. Die News im Blog.,Trump promises help for Venezuela - other countries follow. An earthquake has caused devastating damage in Venezuela. The situation is dynamic. The first states are sending help. The news in the blog.,Trump auxilium pollicetur pro Venetiola - aliae nationes sequentur. Terrae motus in Venetiola vastitatem intulit. Res dynamica est. Primae civitates mittimus auxilium. Vulgatum in diario.,2026-06-27 01:31:01+00:00
1a0aeeee2e35262749e3844dede83917,2026-06-25T09:03:00Z,'Erdbeben Trümmer',www.welt.de,de,0.9,Bis zu 100.000 Tote nach Erdbeben befürchtet – Pistorius schickt Luftwaffe nach Venezuela,"Zwei der stärksten Erdbeben des laufenden Jahres treffen Venezuela. In der Hauptstadt Caracas herrscht Panik – Gebäude sind eingestürzt, Menschen unter den Trümmern verschüttet. Auch am Flughafen gibt es erhebliche Schäden.",https://www.welt.de/vermischtes/article6a3c6575113e90346dc4ba4e/bis-zu-100-000-tote-nach-zwei-erdbeben-befuerchtet-pistorius-schickt-luftwaffe-nach-venezuela.html,https://images.welt.de/6a3c6575113e90346dc4ba4e/35f0ad2785f052a7c3da7fddc9bc9316/ci16x9-w1200/2026-06-25t022514z-693922304-rc2m0max3nv5-rtrmadp-3-venezuela-quake-jpg,,"Zwei der stärksten Erdbeben des laufenden Jahres treffen Venezuela. In der Hauptstadt Caracas herrscht Panik Gebäude sind eingestürzt, Menschen unter den Trümmern verschüttet. Auch am Flughafen gibt … [+7538 chars]",,"Bis zu 100.000 Tote nach Erdbeben befürchtet – Pistorius schickt Luftwaffe nach Venezuela. Zwei der stärksten Erdbeben des laufenden Jahres treffen Venezuela. In der Hauptstadt Caracas herrscht Panik – Gebäude sind eingestürzt, Menschen unter den Trümmern verschüttet. Auch am Flughafen gibt es erhebliche Schäden.","Up to 100,000 dead after earthquake feared – Pistorius sends air force to Venezuela. Two of the strongest earthquakes this year hit Venezuela. There is panic in the capital Caracas - buildings have collapsed and people are buried under the rubble. There is also significant damage at the airport.","Usque ad 100,000 mortui postquam terrae motus timentur – Pistorius vim aeris in Venezuelam mittit. Duo terrae motus validi hoc anno Venezuela percusserunt. Trepidatur in urbe Caracae - corruerunt aedificia et homines sub ruderibus obruuntur. Etiam in aeroportus damnum significant.",2026-06-27 01:31:01+00:00
5aefe633286c1f25e3d72792529de48e,2026-06-25T09:18:09Z,'Erdbeben',www.morgenpost.de,de,0.9,Erdbeben in Venezuela: Spenden helfen – wichtige Informationen,Nach dem Erdbeben benötigen Hunderttausende Menschen Hilfe. Organisationen sammeln bereits Spenden. Eine Übersicht.,https://www.morgenpost.de/panorama/article412386808/erdbeben-in-venezuela-spenden-helfen-wichtige-informationen.html,https://img.sparknews.funkemedien.de/412386786/412386786_1782379089_v16_9_1600.jpeg,,Ein schweres Erdbeben hat in Venezuela wohl verheerende Schäden angerichtet. Schon wenige Stunden nach der Katastrophe war die Rede von Dutzenden Toten und Hunderten Verletzten. Das gesamte Ausmaß wi… [+1696 chars],,Erdbeben in Venezuela: Spenden helfen – wichtige Informationen. Nach dem Erdbeben benötigen Hunderttausende Menschen Hilfe. Organisationen sammeln bereits Spenden. Eine Übersicht.,Earthquake in Venezuela: Donations help – important information. Hundreds of thousands of people need help after the earthquake. Organizations are already collecting donations. An overview.,Terrae motus in Venetiola: Donationes adiuva - informationes magni momenti. Centum milia hominum post terrae motum auxilium egent. Institutiones donationum iam colligendae sunt. Meditatio.,2026-06-27 01:31:01+00:00
4f01147f5a59941a5b46482f049b3dfc,2026-06-25T09:35:05Z,'Erdbeben',www.tagesspiegel.de,de,0.9,Geoforschung: Warum die Erde in Venezuela bebt,"Zwei starke Erdbeben erschüttern Venezuela innerhalb von 30 Sekunden. Ein Potsdamer Forscher erklärt, warum diese Region betroffen ist - und wie die Erdstöße historisch einzuordnen sind.",https://www.tagesspiegel.de/gesellschaft/panorama/geoforschung-warum-die-erde-in-venezuela-bebt-15756398.html,https://www.tagesspiegel.de/images/15756882/alternates/BASE_16_9_W1400/1782383501000/erdbeben-in-venezuela.jpeg,,Die jüngsten Erdbeben in Venezuela gehören nach Einschätzung eines Forschers zu den stärksten in der Region seit 100 Jahren. Torsten Dahm vom Potsdamer Helmholtz-Zentrum für Geoforschung (GFZ) erklär… [+2454 chars],,"Geoforschung: Warum die Erde in Venezuela bebt. Zwei starke Erdbeben erschüttern Venezuela innerhalb von 30 Sekunden. Ein Potsdamer Forscher erklärt, warum diese Region betroffen ist - und wie die Erdstöße historisch einzuordnen sind.",Georesearch: Why the earth is shaking in Venezuela. Two strong earthquakes hit Venezuela within 30 seconds. A Potsdam researcher explains why this region is affected - and how the tremors can be classified historically.,Georesearch: quare terra in Venezuela quatitur. Duo terrae motus validi Venetiola intra XXX seconds percusserunt. A Investigator Potsdam explicat cur haec regio afficiatur - et quomodo tremores historice indicari possint.,2026-06-27 01:31:01+00:00
0b6a5215a8c181af7e3467d367946c75,2026-06-25T10:43:48Z,'Erdbeben Schäden',www.bild.de,de,0.9,"Doppelbeben verwüstet Venezuela - „Die Treppe löste sich, die gesamte Wand riss“","Eine junge Frau schildert, wie sie die Erdbeben in Caracas erlebte. „Die Szenerie glich einem Horrorfilm“, sagt sie weinend. Die Zahl der Opfer steigt.",https://www.bild.de/news/ausland/erdbeben-in-venezuela-opfer-berichten-von-entsetzlichen-szenen-6a3ce12aafe845031b3ad84e,"https://images.bild.de/6a3ce12aafe845031b3ad84e/f1d7a95e1eee5c2519a691c88c13a7f4,c6ae1df2?w=1280",,"Caracas (Venezuela) Ausnahmezustand nach dem schweren Doppelbeben am Mittwochabend in Venezuela. Unzählige Häuser in und um Caracas stürzten ein, auch Hochhäuser liegen in der Hauptstadt in Trümmern.… [+3513 chars]",,"Doppelbeben verwüstet Venezuela - „Die Treppe löste sich, die gesamte Wand riss“. Eine junge Frau schildert, wie sie die Erdbeben in Caracas erlebte. „Die Szenerie glich einem Horrorfilm“, sagt sie weinend. Die Zahl der Opfer steigt.","Double earthquake devastates Venezuela - “The stairs came loose, the entire wall cracked”. A young woman describes how she experienced the earthquakes in Caracas. “The scene was like a horror film,” she says, crying. The number of victims is increasing.","Duplex terrae motus Venetiola vastat - ""Saerae solutae sunt, totus murus crepuit"". Puella describitur quomodo motus in Caracae expertus est. ""Scaena erat sicut horror pelliculae,"" inquit, clamans. Numerus victimarum augetur.",2026-06-27 01:31:01+00:00
5863dfdc6d8273f246805d208b60db0b,2026-06-25T11:09:04Z,'Erdbeben Schäden',www.bild.de,de,0.9,Tiefe Risse nach dem Beben in La Guaira - Erdbeben reißt Straßen auf,Zerstörte Straßen von La Guaira. Das Doppel-Erdbeben hat die Küstenregion besonders schwer getroffen und massive Schäden angerichtet.,https://www.bild.de/news/erdbeben-reisst-strassen-auf-tiefe-risse-nach-dem-beben-in-la-guaira-6a3d0ac9507c0ee6f17a7b2c,"https://images.bild.de/6a3d0ac9507c0ee6f17a7b2c/5f576318096f447d114bbc77a4ee2730,176c16bf?w=1280",,"Mehr zum Video anzeigen 
Tiefe Risse ziehen sich durch die Straßen von La Guaira. Das Doppel-Erdbeben hat die Küstenregion besonders schwer getroffen und massive Schäden an Straßen, Gebäuden und der… [+76 chars]",,Tiefe Risse nach dem Beben in La Guaira - Erdbeben reißt Straßen auf. Zerstörte Straßen von La Guaira. Das Doppel-Erdbeben hat die Küstenregion besonders schwer getroffen und massive Schäden angerichtet.,Deep cracks after the earthquake in La Guaira - earthquake tears open streets. Destroyed streets of La Guaira. The double earthquake hit the coastal region particularly hard and caused massive damage.,Lacrimae terrae motus in La Guaira - terrae motus lacrimae apertae sunt. Viae La Guaira dirutae. Duplex terrae motus terram maritimam maxime duram percussit et damnum ingentem attulit.,2026-06-27 01:31:01+00:00
5cf443e9c7850da53d0bc31e2680dcb0,2026-06-25T14:54:28Z,'Erdbeben Schäden',www.morgenpost.de,de,0.9,„Alles hat gezittert“: Erdbeben erschüttert Supervulkan bei Neapel,"Erneut hat ein Erdbeben am Supervulkan das Gebiet bei Neapel aufgerüttelt. Bewohner sind genervt: Sie wollen wissen, wie ernst die Lage ist.",https://www.morgenpost.de/panorama/article412390427/alles-hat-gezittert-erdbeben-erschuettert-supervulkan-bei-neapel.html,https://img.sparknews.funkemedien.de/412391078/412391078_fc_1782393193_v16_9_1600.jpeg,,"Ein lauter Knall, vibrierende Wände und schwankende Möbel: In den frühen Morgenstunden hat ein Erdbeben die Bewohner der Phlegräischen Felder und zahlreicher Stadtviertel Neapels aus dem Schlaf geris… [+4819 chars]",,"„Alles hat gezittert“: Erdbeben erschüttert Supervulkan bei Neapel. Erneut hat ein Erdbeben am Supervulkan das Gebiet bei Neapel aufgerüttelt. Bewohner sind genervt: Sie wollen wissen, wie ernst die Lage ist.",“Everything shook”: Earthquake shakes supervolcano near Naples. An earthquake at the supervolcano has once again shaken up the area near Naples. Residents are annoyed: They want to know how serious the situation is.,"""Omnia concussa sunt"": Terrae motus supervolcano prope Neapolim quatit. Terrae motus in supervolcano aream prope Neapolim iterum concussit. Incolae moleste ferunt: scire volunt quam seria res sit.",2026-06-27 01:31:01+00:00
4dad3281c7438757476b2f07999d3f05,2026-06-26T01:03:22Z,'Erdbeben',www.tagesspiegel.de,de,0.9,Erdbebenkatastrophe: Trümmerfeld Venezuela: Helfer finden immer mehr Opfer,Zwei starke Erdbeben erschütterten Venezuela und die ganze Region an der Karibikküste. Inzwischen sind 589 Tote und fast 3.000 Verletzte bestätigt. Den Helfern läuft die Zeit davon.,https://www.tagesspiegel.de/gesellschaft/panorama/erdbebenkatastrophe-trummerfeld-venezuela-helfer-finden-immer-mehr-opfer-15760470.html,https://www.tagesspiegel.de/images/15764282/alternates/BASE_16_9_W1400/1782484462000/erdbeben-in-venezuela.jpeg,,Suchtrupps und verzweifelte Angehörige haben am zweiten Tag nach dem schweren Erdbeben in Venezuela weiter nach Opfern unter den Trümmern eingestürzter Häuser gesucht. Die Zahl der geborgenen Toten s… [+6918 chars],,Erdbebenkatastrophe: Trümmerfeld Venezuela: Helfer finden immer mehr Opfer. Zwei starke Erdbeben erschütterten Venezuela und die ganze Region an der Karibikküste. Inzwischen sind 589 Tote und fast 3.000 Verletzte bestätigt. Den Helfern läuft die Zeit davon.,"Earthquake disaster: Rubble field in Venezuela: Helpers are finding more and more victims. Two strong earthquakes shook Venezuela and the entire region on the Caribbean coast. 589 deaths and almost 3,000 injuries have now been confirmed. The helpers are running out of time.","Clades terrae motus: Rubble campus in Venetiola: adiutores victimas magis ac magis inveniunt. Duo terrae motus validi Venezuela et totam regionem in ora Caribici concusserunt. 589 mortes ac paene 3,000 iniuriae nunc confirmatae sunt. Adiutores ex tempore currunt.",2026-06-27 01:31:01+00:00
aa20cf39a2cb1f8001b535b4b49322f2,2026-06-25T03:40:51Z,'Erdbeben',orf.at,de,0.9,Schwere Erdbeben erschüttern Venezuela,"Innerhalb von einer Minute haben zwei sehr starke Erdbeben Venezuela erschüttert. Die US-Erdbebenwarte USGS gab die Stärke der Erschütterungen mit 7,2 und 7,5 an. Das zweite Beben ereignete sich in einer Tiefe von nur 10 Kilometern um 18.04 Ortszeit (00.04 ME…",https://orf.at/stories/3434328/,https://ibs.orf.at/news?image=https%3A%2F%2Fassets.orf.at%2Fmims%2F2026%2F26%2F18%2Fcrops%2Fw%3D1200%2Ch%3D630%2Cq%3D75%2F3086893_master_1195218_venezuela_erdbeben_r.jpg%3Fs%3D2a456b1291afc245d4d4d9115e28e68440af9f35,http://web.archive.org/web/20260626031303/https://orf.at/stories/3434328/,Die US-Geologiebehörde USGS rechnet mit enormen Zerstörungen und schätzt die Zahl der möglichen Todesopfer auf 10.000 bis 100.000. Innenminister Diosdado Cabello bestätigte im Fernsehen den Einsturz … [+2981 chars],,"Schwere Erdbeben erschüttern Venezuela. Innerhalb von einer Minute haben zwei sehr starke Erdbeben Venezuela erschüttert. Die US-Erdbebenwarte USGS gab die Stärke der Erschütterungen mit 7,2 und 7,5 an. Das zweite Beben ereignete sich in einer Tiefe von nur 10 Kilometern um 18.04 Ortszeit (00.04 ME…",Severe earthquakes shake Venezuela. Two very strong earthquakes shook Venezuela within a minute. The US Earthquake Observatory USGS gave the magnitude of the tremors as 7.2 and 7.5. The second quake occurred at a depth of just 10 kilometers at 6:04 p.m. local time (00:04 ME…,Gravibus terrae motibus Venezuela quassant. Duo terrae motus validissimi Venetiola intra minutum concusserunt. USGS terrae motus Observatorii USGS magnitudinem tremorum sicut 7.2 et 7.5 dederunt. Secunda commotio in altitudinem iustorum 10 chiliometrorum incidit in 6:04 a.m. locus temporis (00:04 ME…,2026-06-27 08:12:11+00:00
80e787bb1977eb93a49d9a381d9d7d46,2026-06-25T04:37:52Z,'Erdbeben Trümmer',www.welt.de,de,0.9,"Gebäude eingestürzt, bis zu 100.000 Tote befürchtet – Schwere Erdbeben erschüttern Venezuela","Nach zwei sehr starken Erdbeben in Venezuela werden bis 100.000 Tote befürchtet. Rettungskräfte suchen unter den Trümmern nach Verschütteten. Die US-Erdbebenwarte USGS gab die Stärke der Beben mit 7,2 und 7,5 an.",https://www.welt.de/videos/video6a3ca994113e90346dc4bd53/staerke-7-2-und-7-5-gebaeude-eingestuerzt-bis-zu-100-000-tote-befuerchtet-schwere-erdbeben-erschuettern-venezuela.html,https://images.welt.de/6a3ca994113e90346dc4bd53/f9828566ea27903d8143d9a6ac3d0f79/ci16x9-w1200/1782342399740-afp-b88k6xz-jpg,,"Nach zwei sehr starken Erdbeben in Venezuela werden bis 100.000 Tote befürchtet. Rettungskräfte suchen unter den Trümmern nach Verschütteten. Die US-Erdbebenwarte USGS gab die Stärke der Beben mit 7,… [+72 chars]",,"Gebäude eingestürzt, bis zu 100.000 Tote befürchtet – Schwere Erdbeben erschüttern Venezuela. Nach zwei sehr starken Erdbeben in Venezuela werden bis 100.000 Tote befürchtet. Rettungskräfte suchen unter den Trümmern nach Verschütteten. Die US-Erdbebenwarte USGS gab die Stärke der Beben mit 7,2 und 7,5 an.","Building collapsed, up to 100,000 dead feared – severe earthquakes shake Venezuela. After two very strong earthquakes in Venezuela, up to 100,000 deaths are feared. Rescue workers are searching for people buried under the rubble. The US Earthquake Observatory USGS gave the magnitude of the quakes as 7.2 and 7.5.","Aedificium concidit, usque ad 100,000 mortuum timuit - terrae motus graves Venetiola concutiunt. Post duos motus validissimos in Venetiola usque ad 100,000 mortes timentur. Opifices liberate quaerunt homines sub ruderibus obruti. Motus terrae USGS Observatorii USGS magnitudinem motus sicut 7.2 et 7.5 dederunt.",2026-06-27 08:12:11+00:00
85177f3eb3121b261efff99e435f5eba,2026-06-25T06:55:53Z,'Erdbeben Rettungskräfte',www.tagesschau.de,de,0.9,Tote nach Erdbeben in Venezuela,Nach den schweren Beben in Venezuela ist das ganze Ausmaß der Schäden noch nicht überschaubar. Nach ersten Angaben der Regierung wurden mindestens 32 Menschen getötet - doch Informationen aus der am stärksten betroffenen Region fehlen noch.,https://www.tagesschau.de/ausland/amerika/venezuela-erdbeben-106.html,https://images.tagesschau.de/image/03a2e940-921c-4795-8cd7-350128574041/AAABnv2Hr1w/AAABnSSvrFg/16x9-big/venezuela-erdbeben-108.jpg?width=1280,,"Stand: 25.06.2026 08:55 Uhr
Nach den schweren Beben in Venezuela ist das ganze Ausmaß der Schäden noch nicht überschaubar. Nach ersten Angaben der Regierung wurden mindestens 32 Menschen getötet - d… [+3249 chars]",,Tote nach Erdbeben in Venezuela. Nach den schweren Beben in Venezuela ist das ganze Ausmaß der Schäden noch nicht überschaubar. Nach ersten Angaben der Regierung wurden mindestens 32 Menschen getötet - doch Informationen aus der am stärksten betroffenen Region fehlen noch.,"Dead after earthquake in Venezuela. After the severe earthquakes in Venezuela, the full extent of the damage is not yet clear. According to initial government figures, at least 32 people were killed - but information from the most affected region is still missing.","Mortuus post terrae motum in Venetiola. Post graves terrae motus in Venetiola, amplitudo damni nondum constat. Secundum figuras gubernationis initiales saltem 32 homines interfecti sunt - sed informationes regionum maxime affectarum adhuc desunt.",2026-06-27 08:12:11+00:00
be559ab3cdec621e640ea7e9d0a0661d,2026-06-25T08:21:00Z,'Erdbeben',www.stern.de,de,0.9,Erdbeben-Katastrophe: USA kündigen „sofortige“ Entsendung von Rettungskräften nach Venezuela an,"Für Venezuela stehen laut Donald Trump Such- und Rettungsmannschaften, medizinische Ressourcen und humanitäre Hilfe bereit, um die Erdbebenopfer zu versorgen.",https://www.stern.de/panorama/erdbeben-in-venezuela--usa-kuendigen-entsendung-von-rettungskraeften-an-37600020.html,https://image.stern.de/37600022/t/Zb/v4/w1440/r1.7778/-/venezuela-bild-1.jpg,http://web.archive.org/web/20260625193655/https://www.stern.de/panorama/erdbeben-in-venezuela--usa-kuendigen-entsendung-von-rettungskraeften-an-37600020.html,"Kopiere den aktuellen Link
Zur Merkliste hinzufügen
Für Venezuela stehen laut Donald Trump Such- und Rettungsmannschaften, medizinische Ressourcen und humanitäre Hilfe bereit, um die Erdbebenopfer … [+1758 chars]",,"Erdbeben-Katastrophe: USA kündigen „sofortige“ Entsendung von Rettungskräften nach Venezuela an. Für Venezuela stehen laut Donald Trump Such- und Rettungsmannschaften, medizinische Ressourcen und humanitäre Hilfe bereit, um die Erdbebenopfer zu versorgen.","Earthquake disaster: USA announces “immediate” dispatch of rescue workers to Venezuela. According to Donald Trump, search and rescue teams, medical resources and humanitarian aid are available for Venezuela to care for the earthquake victims.","Clades terrae motus: USA denuntiat ""immediatam"" celeritatem opificum liberandi in Venetiola. Secundum Donald Trump, iunctiones quaerendi et liberandi, facultates medicinae et subsidia humanitaria praesto sunt Venezuela ad victimas terrae motus curandas.",2026-06-27 08:12:11+00:00
427c4554088ad2d3a651b76914679a39,2026-06-25T10:22:33Z,'Erdbeben Rettungskräfte',www.tagesschau.de,de,0.9,"Erdbeben in Venezuela: ""Katastrophenschutz ist schlecht aufgestellt""","Die schweren Erdbeben treffen mit Venezuela ein ohnehin schon angeschlagenes Land. Wie Janine Leitmeyer von der Hilfsorganisation World Vision erklärt, ist es - nicht zuletzt wegen der politischen Lage - schlecht auf Katastrophen vorbereitet.",https://www.tagesschau.de/ausland/amerika/erdbeben-venezuela-interview-100.html,https://images.tagesschau.de/image/3c717af2-3fc8-4b34-bcc6-90d0129a8307/AAABnv4zQY0/AAABnSSvrFg/16x9-big/sendungsbild-1754722.jpg?width=1280,http://web.archive.org/web/20260626050121/https://www.tagesschau.de/ausland/amerika/erdbeben-venezuela-interview-100.html,"Stand: 25.06.2026 12:22 Uhr
Die schweren Erdbeben treffen mit Venezuela ein ohnehin schon angeschlagenes Land. Wie Janine Leitmeyer von der Hilfsorganisation World Vision erklärt, ist es - nicht zul… [+1308 chars]",,"Erdbeben in Venezuela: ""Katastrophenschutz ist schlecht aufgestellt"". Die schweren Erdbeben treffen mit Venezuela ein ohnehin schon angeschlagenes Land. Wie Janine Leitmeyer von der Hilfsorganisation World Vision erklärt, ist es - nicht zuletzt wegen der politischen Lage - schlecht auf Katastrophen vorbereitet.","Earthquake in Venezuela: “Disaster protection is poorly positioned”. The severe earthquakes are hitting a country that is already struggling, Venezuela. As Janine Leitmeyer from the aid organization World Vision explains, it is ill-prepared for disasters - not least because of the political situation.","Terrae motus in Venezuela: ""Malum praesidium male collocatum est"". Gravis terrae motus terram iam luctantem Venetiola feriunt. Ut Janine Leitmeyer ex ordinatione Mundi Visionis auxilium exponit, male praeparatur ad calamitates, non minimum propter condicionem rei publicae.",2026-06-27 08:12:11+00:00
9c8d38ca991dcb25f3b8d7e422e08748,2026-06-25T11:02:07Z,'Erdbeben',www.stern.de,de,0.9,Gerettet,Nach zwei schweren Erdbeben bringen Rettungskräfte eine Verletzte aus einem eingestürzten Gebäude in Caracas. Venezuela war am Abend innerhalb von einer Minute von zwei heftigen Erdbeben erschüttert worden. Nach Angaben der Regierung kamen dabei mindestens 16…,https://www.stern.de/news/gerettet-37601682.html,https://image.stern.de/37601684/t/Jh/v1/w1440/r1.7778/-/25--gerettet---119d5b64d662c83e.jpg,,"Zugang zu stern+statt 11,96 
 nur 1  
<ul><li>Alles von stern+ mit erstklassigen Inhalten von GEO und Capital</li><li>4 Wochen testen, dann 2,99  je Woche</li><li>jederzeit kündbar</li></ul>",,Gerettet. Nach zwei schweren Erdbeben bringen Rettungskräfte eine Verletzte aus einem eingestürzten Gebäude in Caracas. Venezuela war am Abend innerhalb von einer Minute von zwei heftigen Erdbeben erschüttert worden. Nach Angaben der Regierung kamen dabei mindestens 16…,"Saved. After two severe earthquakes, rescue workers bring an injured person out of a collapsed building in Caracas. Venezuela was shaken by two powerful earthquakes within a minute in the evening. According to the government, at least 16...","Servatus. Post duos terrae motus graves, adiutores laborantes hominem laesum ex aedificii collapso in Caracas afferunt. Venezuela duobus validis terrae motibus intra minutum vesperum concussa est. Secundum imperium, saltem XVI.",2026-06-27 08:12:11+00:00
0c0f01982838ddfe4abe0b1581631f3b,2026-06-25T12:30:26Z,'Erdbeben',www.faz.net,de,0.9,Erdbeben in Venezuela: „Ich habe nichts mehr von meinem Cousin gehört“,Aus Angst vor Nachbeben haben viele Menschen in Venezuela die Nacht draußen verbracht. Nun bangen sie um Vermisste. Unter den Trümmern könnten noch viele Opfer liegen.,https://www.faz.net/aktuell/gesellschaft/ungluecke/erdbeben-in-venezuela-caracas-trotzt-der-katastrophe-accg-200967391.html,https://media0.faz.net/image/w1200h627/24a9c85b3090/w5176h2704x0y643o/202606/43601.0.2261145652/am-morgen-danach-bewohner-von.webp,,Caracas erwacht am Donnerstag in gespenstischer Ruhe. Der Morgenverkehr bleibt aus. Die Regierung hatte am Abend zuvor alle öffentlichen Aktivitäten suspendiert und den Notstand ausgerufen. Auf den S… [+3153 chars],,Erdbeben in Venezuela: „Ich habe nichts mehr von meinem Cousin gehört“. Aus Angst vor Nachbeben haben viele Menschen in Venezuela die Nacht draußen verbracht. Nun bangen sie um Vermisste. Unter den Trümmern könnten noch viele Opfer liegen.,"Earthquake in Venezuela: “I haven’t heard from my cousin again”. Fearing aftershocks, many people in Venezuela spent the night outside. Now they are worried about missing people. There could still be many victims under the rubble.","Terrae motus in Venezuela: ""Iterum a patruele meo non audivi"". Timens aftershocks, multi in Venetiola pernoctabant extra. Nunc solliciti sunt de populo defuit. Multae victimae sub ruderibus adhuc esse potuerunt.",2026-06-27 08:12:11+00:00
7a8e7ae440e630a579f474f5e493c8c2,2026-06-25T17:00:00Z,'Erdbeben Trümmer',www.welt.de,de,0.9,"39 Sekunden, die in Venezuela für Tod und Zerstörung sorgen","Zwei der stärksten Erdbeben des laufenden Jahres treffen Venezuela. In der Hauptstadt Caracas herrscht Panik – Gebäude sind eingestürzt, Menschen unter den Trümmern verschüttet. Auch am Flughafen gibt es erhebliche Schäden. Die Zahl der Opfer steigt weiter.",https://www.welt.de/vermischtes/article6a3c6575113e90346dc4ba4e/39-sekunden-die-in-venezuela-fuer-tod-und-zerstoerung-sorgen.html,https://images.welt.de/6a3c6575113e90346dc4ba4e/35f0ad2785f052a7c3da7fddc9bc9316/ci16x9-w1200/2026-06-25t022514z-693922304-rc2m0max3nv5-rtrmadp-3-venezuela-quake-jpg,,"Zwei der stärksten Erdbeben des laufenden Jahres treffen Venezuela. In der Hauptstadt Caracas herrscht Panik Gebäude sind eingestürzt, Menschen unter den Trümmern verschüttet. Auch am Flughafen gibt … [+8121 chars]",,"39 Sekunden, die in Venezuela für Tod und Zerstörung sorgen. Zwei der stärksten Erdbeben des laufenden Jahres treffen Venezuela. In der Hauptstadt Caracas herrscht Panik – Gebäude sind eingestürzt, Menschen unter den Trümmern verschüttet. Auch am Flughafen gibt es erhebliche Schäden. Die Zahl der Opfer steigt weiter.",39 seconds that cause death and destruction in Venezuela. Two of the strongest earthquakes this year hit Venezuela. There is panic in the capital Caracas - buildings have collapsed and people are buried under the rubble. There is also significant damage at the airport. The number of victims continues to rise.,39 secunda quae in Venetiola mortem et exitium faciunt. Duo terrae motus validi hoc anno Venezuela percusserunt. Trepidatur in urbe Caracae - corruerunt aedificia et homines sub ruderibus obruuntur. Etiam in aeroportus damnum significant. Numerus victimarum oritur.,2026-06-27 08:12:11+00:00
59160f8e5b99b41bf441374f1350fe11,2026-06-25T18:04:11Z,'Erdbeben',www.zeit.de,de,0.9,Erdbeben in Venezuela: Zahl der Toten nach Erdbeben steigt auf mindestens 188,"Nach den schweren Erdbeben in Venezuela dauern die Rettungsarbeiten an. Rettungskräfte sorgen sich um Hunderte Menschen, die unter Trümmern verschüttet sind.",https://www.zeit.de/gesellschaft/2026-06/erdbeben-venezuela-la-guaira-caracas-rettung,https://img.zeit.de/gesellschaft/2026-06/erdbeben-venezuela-la-guaira-caracas-rettung-foto-1/wide__1300x731,,"Bei den schweren Erdbeben in Venezuela sind mindestens 188 Menschen getötet worden. Zudem gebe es 1.520 Verletzte und 200 Verschüttete, sagte Parlamentspräsident Jorge Rodríguez.
Rettungsteams versu… [+589 chars]",,"Erdbeben in Venezuela: Zahl der Toten nach Erdbeben steigt auf mindestens 188. Nach den schweren Erdbeben in Venezuela dauern die Rettungsarbeiten an. Rettungskräfte sorgen sich um Hunderte Menschen, die unter Trümmern verschüttet sind.",Earthquake in Venezuela: Number of deaths after earthquake rises to at least 188. Rescue work is continuing after the severe earthquakes in Venezuela. Rescue workers are worried about hundreds of people buried under rubble.,Terrae motus in Venezuela: Numerus funerum post terrae motus exortus est saltem 188. Liberare opus continuatur post graves terrae motus in Venetiola. Opifices erue sollicitus circa centena hominum ruderibus obruta sunt.,2026-06-27 08:12:11+00:00
8867fba91c3d0bf7d19c5e44d8f5345b,2026-06-25T18:57:07Z,'Erdbeben',www.stern.de,de,0.9,Mindestens 188 Tote bei Erdbeben in Venezuela - Internationale Hilfe läuft an,Verzweifelte Suche nach Überlebenden und Warten auf internationale Hilfe: Venezuela kämpft mit den Folgen der schwersten Erdbeben seit mehr als 125 Jahren. Die Opferzahl erhöhte sich am Donnerstag nach Angaben von Parlamentspräsident Jorge Rodríguez auf minde…,https://www.stern.de/news/mindestens-188-tote-bei-erdbeben-in-venezuela---internationale-hilfe-laeuft-an-37599438.html,https://image.stern.de/37604200/t/53/v1/w1440/r1.7778/-/25--suche-nach-ueberlebenden-in-catia-la-mar---45c7ef0346199eca.jpg,,"Kopiere den aktuellen Link
Zur Merkliste hinzufügen
Verzweifelte Suche nach Überlebenden und Warten auf internationale Hilfe: Venezuela kämpft mit den Folgen der schwersten Erdbeben seit mehr als 1… [+5113 chars]",,Mindestens 188 Tote bei Erdbeben in Venezuela - Internationale Hilfe läuft an. Verzweifelte Suche nach Überlebenden und Warten auf internationale Hilfe: Venezuela kämpft mit den Folgen der schwersten Erdbeben seit mehr als 125 Jahren. Die Opferzahl erhöhte sich am Donnerstag nach Angaben von Parlamentspräsident Jorge Rodríguez auf minde…,"At least 188 dead in earthquake in Venezuela - international aid begins. Desperate search for survivors and waiting for international help: Venezuela is struggling with the consequences of the worst earthquake in more than 125 years. According to Parliament President Jorge Rodríguez, the number of victims increased on Thursday to at least...",Saltem 188 terrae motus in Venezuela mortuus - auxilium internationale incipit. Desperata inquisitione superstites et auxilium internationale exspectans: Venezuela luctatur cum consequentibus terrae motus pessimo plus quam 125 annos. Secundum parlamentum Praeses Jorge Rodríguez numerus victimarum die Iovis usque ad minimum auctus est...,2026-06-27 08:12:11+00:00
90721121004925b463c7e79225ca2648,2026-06-25T19:08:43Z,'Erdbeben Überlebende',www.diepresse.com,de,0.9,"Verheerendes Erdbeben: Venezolaner versuchten fieberhaft, Überlebende aus Trümmern zu retten",Dutzende Menschen wurden bereits aus den Trümmern gerettet. Zugleich gibt es neue Opferzahlen. Demnach starben mindestens 188 Menschen. Die Dunkelziffer dürfte noch weit höher sein.,https://www.diepresse.com/33005414/verheerendes-erdbeben-venezolaner-versuchten-fieberhaft-ueberlebende-zu,https://img.diepresse.com/public/incoming/xt2r6o-topshot-venezuela-earthquake/alternates/WEBP_WIDE_1200/TOPSHOT-VENEZUELA-EARTHQUAKE,http://web.archive.org/web/20260626042650/https://www.diepresse.com/33005414/verheerendes-erdbeben-venezolaner-versuchten-fieberhaft-ueberlebende-zu,"Die Presse auf Google als bevorzugte Nachrichtenquelle hinzufügen.
 Nach den verheerenden Erdbeben in Venezuela haben die Behörden bisher 188 Tote gezählt. Wie der Präsident der Nationalversammlung,… [+7281 chars]",,"Verheerendes Erdbeben: Venezolaner versuchten fieberhaft, Überlebende aus Trümmern zu retten. Dutzende Menschen wurden bereits aus den Trümmern gerettet. Zugleich gibt es neue Opferzahlen. Demnach starben mindestens 188 Menschen. Die Dunkelziffer dürfte noch weit höher sein.","Devastating earthquake: Venezuelans frantically tried to rescue survivors from rubble. Dozens of people have already been rescued from the rubble. At the same time there are new numbers of victims. Accordingly, at least 188 people died. The number of unreported cases is likely to be much higher.",Terrae motus vastans: Venezuelans amens reliquias ruderibus eripere conatus est. justo hominum ruderibus erepti sunt. Eodem tempore novi sunt numeri victimarum. Quocirca saltem 188 homines mortui sunt. Numerus casuum unreportationum multo superiorem esse verisimile est.,2026-06-27 08:12:11+00:00
251eed9bda2c62f2d08859608efa344b,2026-06-25T20:36:00Z,'Erdbeben',www.stern.de,de,0.9,Doppel-Erdbeben: Offiziell fast 200 Tote in Venezuela – Wettlauf gegen die Zeit,"Rettungsteams sind unterwegs, doch die Zeit in Venezuela wird knapp für Überlebende. Krankenhäuser, Wohnanlagen und Straßen wurden bei dem Doppel-Erdbeben schwer beschädigt.",https://www.stern.de/panorama/beben-in-venezuela--offiziell-188-tote-und-200-verschuettet-37598382.html,https://image.stern.de/37604266/t/w1/v3/w1440/r1.7778/-/venezuela.jpg,,"Kopiere den aktuellen Link
Zur Merkliste hinzufügen
Rettungsteams sind unterwegs, doch die Zeit in Venezuela wird knapp für Überlebende. Krankenhäuser, Wohnanlagen und Straßen wurden bei dem Doppel… [+4586 chars]",,"Doppel-Erdbeben: Offiziell fast 200 Tote in Venezuela – Wettlauf gegen die Zeit. Rettungsteams sind unterwegs, doch die Zeit in Venezuela wird knapp für Überlebende. Krankenhäuser, Wohnanlagen und Straßen wurden bei dem Doppel-Erdbeben schwer beschädigt.","Double earthquake: Officially almost 200 dead in Venezuela – race against time. Rescue teams are on the way, but time is running out for survivors in Venezuela. Hospitals, residential complexes and roads were badly damaged in the double earthquake.","Terre motus duplex: Publice 200 prope mortuus in Venezuela – genus contra tempus. Partes libera in via sunt, sed tempus breve est pro reliquiis in Venetiola. Hospitalia, complexiones residentiales et viae in duplici terrae motu male laeduntur.",2026-06-27 08:12:11+00:00
d0121f421e50c93e58a0930990c92a7e,2026-06-26T01:02:09Z,'Erdbeben',www.zeit.de,de,0.9,Katastrophen: Ausländische Helfer fliegen nach Erdbeben nach Venezuela,Hier finden Sie Informationen zu dem Thema „Katastrophen“. Lesen Sie jetzt „Ausländische Helfer fliegen nach Erdbeben nach Venezuela“.,https://www.zeit.de/news/2026-06/26/auslaendische-helfer-fliegen-nach-erdbeben-nach-venezuela,https://img.zeit.de/news/2026-06/26/auslaendische-helfer-fliegen-nach-erdbeben-nach-venezuela-image-group/wide__1300x731,,"Internationale Hilfsteams mit Spürhunden bereiten sich auf den Einsatz in Venezuela vor. Nach den tödlichen Erdbeben, die das südamerikanische Land erschüttert haben, werden aus Ländern wie Deutschla… [+5293 chars]",,Katastrophen: Ausländische Helfer fliegen nach Erdbeben nach Venezuela. Hier finden Sie Informationen zu dem Thema „Katastrophen“. Lesen Sie jetzt „Ausländische Helfer fliegen nach Erdbeben nach Venezuela“.,Disasters: Foreign aid workers fly to Venezuela after earthquake. Here you will find information on the topic of “disasters”. Now read “Foreign aid workers fly to Venezuela after earthquake”.,"Clades: Externorum adiutores in Venetiola post terrae motum volant. Hic informationes invenies in argumento ""clades"". Nunc legitur ""Aliena auxilia post terrae motus in Venezuela"".",2026-06-27 08:12:11+00:00
312a3fa6a3c70c4fbfc518be0a91f54e,2026-06-26T01:02:09Z,'Erdbeben Überlebende',www.stern.de,de,0.9,Katastrophen: Ausländische Helfer fliegen nach Erdbeben nach Venezuela,Mit Rettungskräften und Spürhunden unterstützen Länder wie Deutschland und Mexiko die Suche nach Überlebenden. THW-Präsidentin Lackner spricht von „entscheidenden Stunden“.,https://www.stern.de/panorama/katastrophen--auslaendische-helfer-fliegen-nach-erdbeben-nach-venezuela-37604790.html,https://image.stern.de/37604792/t/kb/v1/w1440/r1.7778/-/26--pchsrrb3esv1axs2048jpeg---407729ed7b29d47c.jpg,,"Kopiere den aktuellen Link
Zur Merkliste hinzufügen
Mit Rettungskräften und Spürhunden unterstützen Länder wie Deutschland und Mexiko die Suche nach Überlebenden. THW-Präsidentin Lackner spricht vo… [+5459 chars]",,Katastrophen: Ausländische Helfer fliegen nach Erdbeben nach Venezuela. Mit Rettungskräften und Spürhunden unterstützen Länder wie Deutschland und Mexiko die Suche nach Überlebenden. THW-Präsidentin Lackner spricht von „entscheidenden Stunden“.,Disasters: Foreign aid workers fly to Venezuela after earthquake. Countries like Germany and Mexico are supporting the search for survivors with rescue workers and sniffer dogs. THW President Lackner speaks of “crucial hours”.,"Clades: Externorum adiutores in Venetiola post terrae motum volant. Regiones sicut Germania et Mexici investigationem reliquiarum adiuvant cum adiutoribus et canibus olentis liberandis. THW Praeses Lackner de ""horis crucialibus"" loquitur.",2026-06-27 08:12:11+00:00
3725ccdb3c839f950c738cc97b9a4a49,2026-06-26T01:29:45Z,'Erdbeben',www.nzz.ch,de,0.9,LIVE-TICKER - Schwere Erdbeben erschüttern Venezuela: Ausländische Helfer fliegen mit Suchhunden und Drohnen ein +++ Mindestens 188 Tote und 250 zerstörte Gebäude,Innerhalb weniger Minuten richteten zwei Erdbeben in Venezuela verheerende Schäden an. Rettungskräfte suchen unter den Trümmern nach Überlebenden. Über das Ausmass der Schäden ist wenig bekannt.,https://www.nzz.ch/panorama/schwere-erdbeben-erschuettern-venezuela-auslaendische-helfer-fliegen-mit-suchhunden-und-drohnen-ein-mindestens-188-tote-und-250-zerstoerte-gebaeude-ld.10012850,"https://img-msp-prod.nzz.ch/2026/06/25/638f9ba8-085b-4a6c-aff9-44828ea32f8c.jpg?width=1200&height=675&fit=bounds&quality=75&auto=webp&crop=5472,3078,x0,y492&wmark=nzz",http://web.archive.org/web/20260626114604/https://www.nzz.ch/panorama/schwere-erdbeben-erschuettern-venezuela-auslaendische-helfer-fliegen-mit-suchhunden-und-drohnen-ein-mindestens-188-tote-und-250-zerstoerte-gebaeude-ld.10012850,"Internationale Hilfsteams mit Spürhunden bereiten sich auf den Einsatz in Venezuela vor. Nach den tödlichen Erdbeben, die das südamerikanische Land erschüttert haben, werden aus Ländern wie Deutschla… [+1619 chars]",,LIVE-TICKER - Schwere Erdbeben erschüttern Venezuela: Ausländische Helfer fliegen mit Suchhunden und Drohnen ein +++ Mindestens 188 Tote und 250 zerstörte Gebäude. Innerhalb weniger Minuten richteten zwei Erdbeben in Venezuela verheerende Schäden an. Rettungskräfte suchen unter den Trümmern nach Überlebenden. Über das Ausmass der Schäden ist wenig bekannt.,"LIVE TICKER - Severe earthquakes shake Venezuela: Foreign helpers fly in with search dogs and drones +++ At least 188 dead and 250 buildings destroyed. Within minutes, two earthquakes in Venezuela caused devastating damage. Rescue workers are searching for survivors under the rubble. Little is known about the extent of the damage.",Tessera terrae motus graves Venezuela concutiunt: adiutores alieni involant cum canibus et fucis quaesitis +++ saltern 188 mortuis et 250 aedificiis destructis. Intra minuta duo terrae motus in Venezuela damnum devastant. Opifices liberate quaerunt reliquias sub ruderibus. Parva nota de damni amplitudine.,2026-06-27 08:12:11+00:00
30c13e2dfdbb0faaa42093aed573c502,2026-06-26T02:13:45Z,'Erdbeben Tote',www.tagesschau.de,de,0.9,Viele Vermisste: Mindestens 235 Tote in Venezuela nach Erdbeben,In Venezuela ist nach Angaben des Gesundheitsministers die Zahl der Toten auf mindestens 235 gestiegen. Mehrere Länder bieten ihre Hilfe an. Auch Einsatzkräfte aus Deutschland bereiten sich vor.,https://www.tagesschau.de/ausland/venezuela-erdbeben-tote-100.html,https://images.tagesschau.de/image/8d249fe3-c77d-45c0-b4aa-030a380fad66/AAABnwGih78/AAABnSSvrFg/16x9-big/caracas-erdbeben-suche-100.jpg?width=1280,http://web.archive.org/web/20260626072206/https://www.tagesschau.de/ausland/venezuela-erdbeben-tote-100.html,"Stand: 26.06.2026 04:13 Uhr
In Venezuela ist nach Angaben des Gesundheitsministers die Zahl der Toten auf mindestens 235 gestiegen. Mehrere Länder bieten ihre Hilfe an. Auch Einsatzkräfte aus Deutsc… [+2315 chars]",,Viele Vermisste: Mindestens 235 Tote in Venezuela nach Erdbeben. In Venezuela ist nach Angaben des Gesundheitsministers die Zahl der Toten auf mindestens 235 gestiegen. Mehrere Länder bieten ihre Hilfe an. Auch Einsatzkräfte aus Deutschland bereiten sich vor.,"Many missing: At least 235 dead in Venezuela after earthquake. According to the health minister, the number of deaths in Venezuela has risen to at least 235. Several countries are offering their help. Emergency services from Germany are also preparing.","Multi desunt: ​​Saltem 235 in Venetiola post terrae motum mortui. Secundum ministrum sanitatis, numerus defunctorum in Venetiola ortus est saltem 235. Pluribus regionibus auxilium suum offerunt. Servitia subitis ex Germania etiam parant.",2026-06-27 08:12:11+00:00
ad530e59aec46c1b3fa575825d0ead87,2026-06-26T03:02:41Z,'Erdbeben Rettungskräfte',www.zeit.de,de,0.9,Erdbebenkatastrophe: Verzweiflung in Venezuela: Überlebende bangen um die Zukunft,Hier finden Sie Informationen zu dem Thema „Erdbebenkatastrophe“. Lesen Sie jetzt „Verzweiflung in Venezuela: Überlebende bangen um die Zukunft“.,https://www.zeit.de/news/2026-06/26/verzweiflung-in-venezuela-ueberlebende-bangen-um-die-zukunft,https://img.zeit.de/news/2026-06/26/verzweiflung-in-venezuela-ueberlebende-bangen-um-die-zukunft-image-group/wide__1300x731,,"Cerafín Owaldo fleht um nur fünf Minuten. Der 74-Jährige steht vor seinem schwerbeschädigten Wohnhaus in der venezolanischen Hauptstadt Caracas, in dem er seit 40 Jahren lebt - und kann infolge der v… [+2649 chars]",,Erdbebenkatastrophe: Verzweiflung in Venezuela: Überlebende bangen um die Zukunft. Hier finden Sie Informationen zu dem Thema „Erdbebenkatastrophe“. Lesen Sie jetzt „Verzweiflung in Venezuela: Überlebende bangen um die Zukunft“.,Earthquake disaster: despair in Venezuela: survivors fear for the future. Here you will find information on the topic of “earthquake disasters”. Read “Despair in Venezuela: Survivors Fear for the Future” now.,"Terrae motus clades: desperatio in Venetiola: reliquiae de futuro timent. Hic informationes invenies in argumento ""clades terrae motus"". Lege ""Desperatio in Venetiola: Superstites Timete pro Future"" nunc.",2026-06-27 08:12:11+00:00
34f3ce9fda83ddaa6e8ef96cd519a785,2026-06-26T04:16:11Z,'Erdbeben Rettungskräfte',www.diepresse.com,de,0.9,"Erdbeben in Venezuela: 235 Tote bestätigt, USA, Mexiko und Kanada schicken Hilfe","Rettungskräfte suchen nach Verschütteten, während internationale Hilfsteams ihre Unterstützung für das schwer getroffene Land mobilisieren. Das volle Ausmaß der Zerstörung ist weiterhin unklar.",https://www.diepresse.com/33012523/erdbeben-in-venzuela-235-tote-bestaetigt-usa-mexiko-und-kanada-schicken,https://img.diepresse.com/public/incoming/7q0h3q-venezuela-earthquake/alternates/WEBP_WIDE_1200/VENEZUELA-EARTHQUAKE,,"Die Presse auf Google als bevorzugte Nachrichtenquelle hinzufügen.
 Nach dem verheerenden Erdbeben in Venezuela ist die Zahl der bestätigten Toten auf 235 gestiegen. Das gab Gesundheitsminister Carl… [+1961 chars]",,"Erdbeben in Venezuela: 235 Tote bestätigt, USA, Mexiko und Kanada schicken Hilfe. Rettungskräfte suchen nach Verschütteten, während internationale Hilfsteams ihre Unterstützung für das schwer getroffene Land mobilisieren. Das volle Ausmaß der Zerstörung ist weiterhin unklar.","Earthquake in Venezuela: 235 dead confirmed, USA, Mexico and Canada send help. Rescue workers are searching for those buried while international aid teams are mobilizing their support for the hard-hit country. The full extent of the destruction remains unclear.","Terrae motus in Venezuela: 235 mortuis confirmatis, USA, Mexico et Canada auxilium mittunt. Opifices liberate quaerunt sepultos dum internationalis subsidia iugis auxilium suum ad patriam duram movendam sunt. Plenitudo interitus lateat.",2026-06-27 08:12:11+00:00
5055c8d2d2304231e7c2427426e230dd,2026-06-26T05:12:30Z,'Erdbeben Rettungskräfte',www.tagesschau.de,de,0.9,Nach Erdbeben in Venezuela: Rettungskräfte arbeiten gegen die Zeit,Nach den Erdbeben in Venezuela suchen Retter unter den Trümmern nach Verschütteten. Ausländische Helfer sind unterwegs. Das THW schickt ein Team mit Spürhunden. Doch es ist ein Wettlauf gegen die Zeit. Die Zahl der Toten steigt. Von Jenny Barke.,https://www.tagesschau.de/ausland/amerika/venezuela-erdbeben-128.html,https://images.tagesschau.de/image/29bc428a-df4d-42b0-9c5c-8f037e0cc204/AAABnwJX_cQ/AAABnSSvrFg/16x9-big/venezuela-erdbeben-130.jpg?width=1280,,"Stand: 26.06.2026 07:12 Uhr
Nach den Erdbeben in Venezuela suchen Retter unter den Trümmern nach Verschütteten. Ausländische Helfer sind unterwegs. Das THW schickt ein Team mit Spürhunden. Doch es i… [+3644 chars]",,Nach Erdbeben in Venezuela: Rettungskräfte arbeiten gegen die Zeit. Nach den Erdbeben in Venezuela suchen Retter unter den Trümmern nach Verschütteten. Ausländische Helfer sind unterwegs. Das THW schickt ein Team mit Spürhunden. Doch es ist ein Wettlauf gegen die Zeit. Die Zahl der Toten steigt. Von Jenny Barke.,"After an earthquake in Venezuela: rescue workers are working against time. After the earthquakes in Venezuela, rescuers search for those buried under the rubble. Foreign helpers are on the way. The THW is sending a team with sniffer dogs. But it's a race against time. The number of deaths is rising. By Jenny Barke.","Post terrae motus in Venezuela: adiutores liberandi sunt contra tempus laborantes. Post terrae motus in Venezuela, servatores quaerendi pro ruderibus obruti sunt. Adiutores alieni in via sunt. ThW mittit equos cum canibus olentis. Sed aliquam tempus cursus. Funerum numerus oritur. Apud Jenny Barke.",2026-06-27 08:12:11+00:00
8a6a9fed41a0e94f46bcc47039f91277,2026-06-26T05:21:25Z,'Erdbeben Trümmer',www.faz.net,de,0.9,"Bergungsarbeiten in Caracas: Staub, Trümmer und Tränen",Unzählige Freiwillige beteiligen sich nach dem schweren Erdbeben in Venezuela an den Bergungsarbeiten. In der Tragödie finden die Venezolaner zueinander.,https://www.faz.net/aktuell/gesellschaft/ungluecke/erdbeben-in-venezuela-so-laeuft-die-arbeit-in-den-truemmern-in-caracas-accg-200969927.html,https://media0.faz.net/image/w1200h627/36e35384152e/w6192h3235x0y657o/202606/43601.0.2263494922/ein-mann-traegt-einen.webp,http://web.archive.org/web/20260626235008/https://www.faz.net/aktuell/gesellschaft/ungluecke/erdbeben-in-venezuela-so-laeuft-die-arbeit-in-den-truemmern-in-caracas-accg-200969927.html,"Oben auf den Trümmern hebt jemand die Faust in die Höhe. Silencio! Silencio!, schreien die Helfer. Ruhe! Die Bagger stellen ihre Motoren aus, es wird leise. Ein Zivilschützer hält seinen Kopf unter e… [+6212 chars]",,"Bergungsarbeiten in Caracas: Staub, Trümmer und Tränen. Unzählige Freiwillige beteiligen sich nach dem schweren Erdbeben in Venezuela an den Bergungsarbeiten. In der Tragödie finden die Venezolaner zueinander.","Salvage work in Caracas: dust, rubble and tears. Countless volunteers are taking part in the rescue work after the severe earthquake in Venezuela. In tragedy, Venezuelans find each other.","Salvage opus in Caracas: pulvis, rudera et lacrimae. Innumerabiles voluntarii intersunt subsidio operi post gravem terrae motum in Venetiola. In Tragoedia Venezuelans se invicem reperiunt.",2026-06-27 08:12:11+00:00
7c85db073efb92ea9f8965eb43a53c53,2026-06-26T06:19:27Z,'Erdbeben',www.diepresse.com,de,0.9,Venezolaner graben mit bloßen Händen nach Überlebenden des Erdbebens [premium],Freiwillige organisieren Hilfe in der besonders betroffenen Provinz La Guaira. Der Einsatz der staatlichen Rettungskräfte lief nur schleppend an – und offenbart den desolaten Zustand der Infrastruktur.,https://www.diepresse.com/33018235/venezolaner-graben-mit-blossen-haenden-nach-ueberlebenden-des-erdbebens,https://img.diepresse.com/public/incoming/k66p20-venezuela-quake/alternates/WEBP_WIDE_1200/VENEZUELA-QUAKE,,"Eine Maschine! Bitte, eine Maschine! Meine Schwester liegt da unten! Die Frau, die diese verzweifelten Sätze in den heißen Sommerwind schreit, steht vor einem Hügel aus Beton, Stahl und Staub. Vor we… [+4636 chars]",,Venezolaner graben mit bloßen Händen nach Überlebenden des Erdbebens [premium]. Freiwillige organisieren Hilfe in der besonders betroffenen Provinz La Guaira. Der Einsatz der staatlichen Rettungskräfte lief nur schleppend an – und offenbart den desolaten Zustand der Infrastruktur.,Venezuelans dig with bare hands for earthquake survivors [premium]. Volunteers are organizing help in the particularly affected province of La Guaira. The deployment of the state rescue services got off to a slow start - and revealed the desolate state of the infrastructure.,Venezuelans nudis manibus ad terrae motus residuos fodit. Voluntarii auxilium ordinant in provincia praesertim affectata La Guaira. Instructio rei publicae subsidiorum officia lento initio discessit - et statum infrastructurae desertam patefecit.,2026-06-27 08:12:11+00:00
6a4fde6ce6fe0698ff07117dba4dc2ee,2026-06-25T13:52:03Z,'Erdbeben',www.nzz.ch,de,0.9,Das schwere Erdbeben stellt Venezuelas neue Führung auf die Probe,Das Ausmass der Katastrophe ist noch unklar. Präsidentin Delcy Rodríguez demonstriert Handlungsfähigkeit. US-Präsident Trump sagt Hilfe zu.,https://www.nzz.ch/international/ein-erdbeben-stellt-venezuelas-neue-fuehrung-auf-die-probe-ld.10012970,"https://img-msp-prod.nzz.ch/2026/06/25/aa1bb6eb-3385-4a09-85d6-92f43564f070.jpg?width=1200&height=675&fit=bounds&quality=75&auto=webp&crop=6240,3510,x0,y325&wmark=nzz",,"Das Ausmass der Katastrophe ist noch unklar. Präsidentin Delcy Rodríguez demonstriert Handlungsfähigkeit. US-Präsident Trump sagt Hilfe zu.
Zusammenfassung
Die Erdbeben vom Mittwochabend haben auch… [+4968 chars]",,Das schwere Erdbeben stellt Venezuelas neue Führung auf die Probe. Das Ausmass der Katastrophe ist noch unklar. Präsidentin Delcy Rodríguez demonstriert Handlungsfähigkeit. US-Präsident Trump sagt Hilfe zu.,The severe earthquake is testing Venezuela's new leadership. The extent of the disaster is still unclear. President Delcy Rodríguez demonstrates the ability to act. US President Trump promises help.,Gravis terrae motus novum principatum Venetiolae probat. Ambitus cladis adhuc lateat. Praeses Delcy Rodríguez facultatem agendi demonstrat. Praeses Trump auxilium pollicetur.,2026-06-28 01:36:39+00:00
f524854368b0e423a6198b826c719452,2026-06-25T14:11:00Z,'Erdbeben',www.bild.de,de,0.9,Benjamin (5) überlebte Erdbeben in Venezuela - Gerettet! Aber wo ist Mama?,"Es sind herzzerreißende Szenen, die sich gerade in Venezuela abspielen. Das südamerikanische Land wurde von gleich zwei schweren Erdbeben heimgesucht. Die US-Erdbebenwarte hält 10.000 bis 100.000 Todesopfer für möglich.",https://www.bild.de/news/ausland/junge-ueberlebte-das-erdbeben-in-venezuela-gerettet-aber-wo-ist-mama-6a3d254eb7ab279f3082d87c,"https://images.bild.de/6a3d254eb7ab279f3082d87c/efcd24f8852df94cd9bde27feb9c478f,42816d35?w=1280",,"Caracas (Venezuela) Er liegt an einer Hauswand, leicht zugedeckt, den rechten Arm in Gips und an seiner Seite sein treuer, kleiner Hund. Benjamin wurde wahrscheinlich unter Trümmern eines Hauses vers… [+1933 chars]",,"Benjamin (5) überlebte Erdbeben in Venezuela - Gerettet! Aber wo ist Mama?. Es sind herzzerreißende Szenen, die sich gerade in Venezuela abspielen. Das südamerikanische Land wurde von gleich zwei schweren Erdbeben heimgesucht. Die US-Erdbebenwarte hält 10.000 bis 100.000 Todesopfer für möglich.","Benjamin (5) survived earthquake in Venezuela - Saved! But where is mom? There are heartbreaking scenes that are currently taking place in Venezuela. The South American country was hit by two serious earthquakes. The US earthquake monitoring agency believes 10,000 to 100,000 deaths are possible.","Beniamin (5) terrae motus in Venetiola remansit - Servatus! Sed ubi est mom? Argumenta dolentia sunt quae in Venetiola nunc fiunt. Terra Americae Meridionalis duobus gravibus terrae motibus ictus est. Terraemotus magna procuratio US credit 10,000 ad 100,000 mortes possibilia esse.",2026-06-28 01:36:39+00:00
afef98d1aa131babba5071dcec0fcc64,2026-06-25T16:25:00Z,'Erdbeben verschüttet',www.focus.de,de,0.9,"Mann flieht aus Haus, von Stock zu Stock wird es schlimmer",Ein Video auf X zeigt die Zerstörung nach den schweren Erdbeben in Venezuela aus einer Ich-Perspektive.,https://www.focus.de/panorama/welt/mann-flieht-aus-haus-von-stock-zu-stock-wird-es-schlimmer_d00f5ed9-9392-4317-8f20-253c7144c1e5.html,"https://quadro.burda-forward.de/ctf/574588fd-c0e7-46a9-a517-7a069419fac3.b9eaa84e-02f5-4e24-8e3b-9873fc55b7e0.jpeg?im=RegionOfInterestCrop=(1200,630),regionOfInterest=(420,199)&hash=7ec7a0cd9ed45ae9ae00a6c50a313bcd0269314618c33a6ab97815208428f610",,"Zu Beginn wirkt das Treppenhaus noch begehbar. Doch mit jedem Stockwerk wird das Bild drastischer. Putz liegt auf den Stufen, Wände sind aufgerissen, ganze Teile des Gebäudes wirken instabil.
Immer … [+606 chars]",,"Mann flieht aus Haus, von Stock zu Stock wird es schlimmer. Ein Video auf X zeigt die Zerstörung nach den schweren Erdbeben in Venezuela aus einer Ich-Perspektive.","Man flees house, things get worse from floor to floor. A video on X shows the destruction after the severe earthquakes in Venezuela from a first-person perspective.","Homo domum fugit, res ab area ad solum deteriora fiunt. Video in X interitum post graves terrae motus in Venezuela ex prospectu primi hominis ostendit.",2026-06-28 01:36:39+00:00
a5340767895bc3b09cef01dc91e73612,2026-06-25T19:59:11Z,'Erdbeben verschüttet',www.stern.de,de,0.9,Katastrophen: Beben in Venezuela: Offiziell 188 Tote und 200 verschüttet,"Rettungsteams sind unterwegs, doch die Zeit wird knapp für Überlebende. Krankenhäuser, Wohnanlagen und Straßen wurden bei dem Doppel-Erdbeben schwer beschädigt.",https://www.stern.de/panorama/katastrophen--beben-in-venezuela--offiziell-188-tote-und-200-verschuettet-37598382.html,https://image.stern.de/37604266/t/w3/v1/w1440/r1.7778/-/25--kl7yodrk5gv7axs2048jpeg---de661b972115acc1.jpg,,"Kopiere den aktuellen Link
Zur Merkliste hinzufügen
Rettungsteams sind unterwegs, doch die Zeit wird knapp für Überlebende. Krankenhäuser, Wohnanlagen und Straßen wurden bei dem Doppel-Erdbeben sch… [+4181 chars]",,"Katastrophen: Beben in Venezuela: Offiziell 188 Tote und 200 verschüttet. Rettungsteams sind unterwegs, doch die Zeit wird knapp für Überlebende. Krankenhäuser, Wohnanlagen und Straßen wurden bei dem Doppel-Erdbeben schwer beschädigt.","Disasters: Quake in Venezuela: Officially 188 dead and 200 buried. Rescue teams are on the way, but time is running out for survivors. Hospitals, residential complexes and roads were badly damaged in the double earthquake.","Clades: Quake in Venezuela: Publice 188 mortuus et 200 sepultus est. Eripe iunctos in via, sed tempus breve est pro superstitibus. Hospitalia, complexiones residentiales et viae in duplici terrae motu male laeduntur.",2026-06-28 01:36:39+00:00
2eb21d69d8d97e25e1f8674054440a65,2026-06-26T02:26:45Z,'Erdbeben',www.stern.de,de,0.9,Katastrophen: Zahl der Erdbeben-Toten in Venezuela steigt auf 235,Nach den schweren Beben in dem südamerikanischen Land werden nach und nach weitere Leichen geborgen. Es gibt Tausende Verletzte. Etliche Menschen sollen noch unter Trümmern verschüttet sein.,https://www.stern.de/panorama/katastrophen--zahl-der-erdbeben-toten-in-venezuela-steigt-auf-235-37605094.html,https://image.stern.de/37605096/t/pa/v1/w1440/r1.7778/-/26--2o6coz6gjcv6axs2048jpeg---e85af4cb34f85933.jpg,,"Kopiere den aktuellen Link
Zur Merkliste hinzufügen
Nach den schweren Beben in dem südamerikanischen Land werden nach und nach weitere Leichen geborgen. Es gibt Tausende Verletzte. Etliche Menschen… [+1397 chars]",,Katastrophen: Zahl der Erdbeben-Toten in Venezuela steigt auf 235. Nach den schweren Beben in dem südamerikanischen Land werden nach und nach weitere Leichen geborgen. Es gibt Tausende Verletzte. Etliche Menschen sollen noch unter Trümmern verschüttet sein.,Disasters: Number of earthquake deaths in Venezuela rises to 235. More bodies are gradually being recovered after the severe earthquakes in the South American country. There are thousands of injured. A number of people are said to still be buried under rubble.,Clades: Numerus mortum terrae motus in Venezuela oritur 235. Plures corpora paulatim recreantur post graves terrae motus in regione Americae Meridionalis. Mille laesi sunt. Aliquot homines adhuc ruderibus obruti dicuntur.,2026-06-28 01:36:39+00:00
4de4a10fc6ec766e726643a642a4e9fe,2026-06-26T05:01:01Z,'Erdbeben',www.n-tv.de,de,0.9,Tausende Verschüttete befürchtet: Anzahl der Toten nach Erdbeben in Venezuela steigt weiter,"Zwei heftige Erdbeben erschüttern am Mittwoch den Norden und das Zentrum Venezuelas. Noch immer werden zahlreiche Menschen unter den Trümmern vermisst. Auch Rettungskräfte aus Deutschland reisen an, um nach Überlebenden zu suchen - denn die ""entscheidenden St…",https://www.n-tv.de/panorama/Erdbeben-in-Venezuela-Anzahl-der-Toten-steigt-auf-235-id31015488.html,https://www.n-tv.de/img/31015495/1782455272/Img_16_9/1200/Police-carry-a-body-from-a-building-that-collapsed-after-earthquakes-struck-La-Guaira-Venezuela-Thursday-June-25-2026.jpg,,"Tausende Verschüttete befürchtetAnzahl der Toten nach Erdbeben in Venezuela steigt weiter
Die ""goldene Rettungszeit"" liegt meist in den ersten 24 bis 72 Stunden. (Foto: AP Photo/Javier Campos)
Zwei… [+3595 chars]",,"Tausende Verschüttete befürchtet: Anzahl der Toten nach Erdbeben in Venezuela steigt weiter. Zwei heftige Erdbeben erschüttern am Mittwoch den Norden und das Zentrum Venezuelas. Noch immer werden zahlreiche Menschen unter den Trümmern vermisst. Auch Rettungskräfte aus Deutschland reisen an, um nach Überlebenden zu suchen - denn die ""entscheidenden St…","Thousands feared buried: number of deaths after earthquake in Venezuela continues to rise. Two powerful earthquakes hit northern and central Venezuela on Wednesday. Numerous people are still missing under the rubble. Rescue workers from Germany are also traveling to look for survivors - because the ""crucial...","Milia timuerunt sepulta: multa funera post terrae motus in Venezuela oriri pergit. Duo terrae motus potentes septentrionalem et centralem Venezuela die Mercurii feriunt. Plurimi adhuc desunt sub ruderibus. Opifices e Germania liberate etiam iter ad reliquias quaerendas sunt — nam ""cruciales...",2026-06-28 01:36:39+00:00
8fe773d54893f7bfabc290b653a4a12b,2026-06-26T07:13:00Z,'Erdbeben',www.stern.de,de,0.9,Naturkatastrophe: Verzweifelte Suche nach Erdbebenopfern in Venezuela,Nach zwei schweren Erdbeben liegen im Norden Venezuelas ganze Straßenzüge in Trümmern. Im Wettlauf mit der Zeit suchen Anwohner verzweifelt nach Tausenden Verschütteten.,https://www.stern.de/panorama/venezuela--verzweifelte-suche-nach-erdbebenopfern-geht-weiter-37604790.html,https://image.stern.de/37606036/t/Xa/v1/w1440/r1.7778/-/26--p2qotb3opzv6axs2048jpeg---97a162e2228f55f7.jpg,,"Kopiere den aktuellen Link
Zur Merkliste hinzufügen
Nach zwei schweren Erdbeben liegen im Norden Venezuelas ganze Straßenzüge in Trümmern. Im Wettlauf mit der Zeit suchen Anwohner verzweifelt nach … [+4966 chars]",,Naturkatastrophe: Verzweifelte Suche nach Erdbebenopfern in Venezuela. Nach zwei schweren Erdbeben liegen im Norden Venezuelas ganze Straßenzüge in Trümmern. Im Wettlauf mit der Zeit suchen Anwohner verzweifelt nach Tausenden Verschütteten.,"Natural disaster: desperate search for earthquake victims in Venezuela. After two severe earthquakes, entire streets in northern Venezuela are in ruins. In a race against time, residents are desperately searching for thousands of buried victims.","Clades naturalis: in Venezuela victimas terrae motus inquisitio desperata. Post duos terrae motus graves, totius plateae in Venetiola septentrionali ruinae sunt. In stadio contra tempus, habitant perdite quaerunt milia victimarum sepultarum.",2026-06-28 01:36:39+00:00
9520a8fb9bb4645ecd465f9b3cd1326a,2026-06-25T02:27:57Z,'Erdbeben',www.nzz.ch,de,0.9,Zwei schwere Erdbeben erschüttern Venezuela. Präsidentin Rodríguez ruft den Notstand aus,Innerhalb von weniger als einer Minute erschütterten zwei sehr starke Erdbeben Venezuela und richteten beträchtliche Schäden an. Es wird eine hohe Zahl an Opfern befürchtet.,https://www.nzz.ch/panorama/zwei-schwere-erdbeben-erschuettern-venezuela-praesidentin-rodriguez-ruft-den-notstand-aus-ld.10012850,"https://img-msp-prod.nzz.ch/2026/06/25/638f9ba8-085b-4a6c-aff9-44828ea32f8c.jpg?width=1200&height=675&fit=bounds&quality=75&auto=webp&crop=5472,3078,x0,y285&wmark=nzz",http://web.archive.org/web/20260625174427/https://www.nzz.ch/panorama/zwei-schwere-erdbeben-erschuettern-venezuela-praesidentin-rodriguez-ruft-den-notstand-aus-ld.10012850,"Innerhalb von weniger als einer Minute erschütterten zwei sehr starke Erdbeben Venezuela und richteten beträchtliche Schäden an. Es wird eine hohe Zahl an Opfern befürchtet.
25.06.2026, 04.27 Uhr
Z… [+1266 chars]",,Zwei schwere Erdbeben erschüttern Venezuela. Präsidentin Rodríguez ruft den Notstand aus. Innerhalb von weniger als einer Minute erschütterten zwei sehr starke Erdbeben Venezuela und richteten beträchtliche Schäden an. Es wird eine hohe Zahl an Opfern befürchtet.,"Two severe earthquakes hit Venezuela. President Rodríguez declares a state of emergency. Within less than a minute, two very strong earthquakes struck Venezuela and caused significant damage. A high number of victims is feared.","Duae terrae motus graves Venetiolae percusserunt. Praeses Rodríguez statum necessitatis declarat. Intra minus quam momento, duo terrae motus validissimi Venetiola percusserunt et damnum significantes effecit. Magnus numerus victimarum timetur.",2026-06-28 08:34:26+00:00
0e882c66f45018c0842e3ae99dfd3e21,2026-06-25T05:44:00Z,'Erdbeben Tote',taz.de,de,0.9,Venezuela: Mindestens 32 Tote nach Doppel-Erdbeben,Die venezolanische Regierung meldet Tote und Verletzte nach zwei aufeinanderfolgenden Erdbeben. Die Katastrophe passierte innerhalb weniger Sekunden.,https://taz.de/Venezuela/!6190535/,https://taz.de/picture/8565300/1200/41490934.jpeg,,Die venezolanische Regierung meldet Tote und Verletzte nach zwei aufeinanderfolgenden Erdbeben. Die Katastrophe passierte innerhalb weniger Sekunden. mehr...,,Venezuela: Mindestens 32 Tote nach Doppel-Erdbeben. Die venezolanische Regierung meldet Tote und Verletzte nach zwei aufeinanderfolgenden Erdbeben. Die Katastrophe passierte innerhalb weniger Sekunden.,Venezuela: At least 32 dead after double earthquake. The Venezuelan government reports deaths and injuries after two consecutive earthquakes. The disaster happened within a few seconds.,Venezuela: Saltem 32 mortuos post duplex terrae motum. Imperium Venezuelan refert mortes et iniurias post duos motus continuos. Accidit ea clades intra brevi tempore.,2026-06-28 08:34:26+00:00
00550f00efdeb5ad995f8e7e7f216eaa,2026-06-25T11:02:23Z,'Erdbeben',www.stern.de,de,0.9,Notfälle: Mindestens 164 Tote bei Erdbeben in Venezuela,Nach zwei Erdbeben in Venezuela steigt die Zahl der Toten. Nach Angaben der Präsidentin kommen mindestens 164 Menschen ums Leben. Modellrechnungen lassen noch mehr Opfer befürchten.,https://www.stern.de/panorama/notfaelle--mindestens-164-tote-bei-erdbeben-in-venezuela-37598382.html,https://image.stern.de/37601670/t/op/v1/w1440/r1.7778/-/25--rxigtp6ipgv1axs2048jpeg---528e143e2678abb8.jpg,,"Kopiere den aktuellen Link
Zur Merkliste hinzufügen
Nach zwei Erdbeben in Venezuela steigt die Zahl der Toten. Nach Angaben der Präsidentin kommen mindestens 164 Menschen ums Leben. Modellrechnunge… [+1615 chars]",,Notfälle: Mindestens 164 Tote bei Erdbeben in Venezuela. Nach zwei Erdbeben in Venezuela steigt die Zahl der Toten. Nach Angaben der Präsidentin kommen mindestens 164 Menschen ums Leben. Modellrechnungen lassen noch mehr Opfer befürchten.,"Emergencies: At least 164 dead in earthquake in Venezuela. The death toll is rising after two earthquakes in Venezuela. According to the president, at least 164 people are killed. Model calculations give rise to fears of even more victims.",Subitis: Saltem 164 terrae motus in Venezuela mortuus. Theloneum mortis oritur post duos terrae motus in Venetiola. Secundum praesidem saltem 164 homines interfecti sunt. Exemplar calculi metus plus victimarum oriuntur.,2026-06-28 08:34:26+00:00
de24bfca2cca2c3545fa5b2460e8d512,2026-06-25T15:23:00Z,'Erdbeben verschüttet',taz.de,de,0.9,Erdbeben in Venezuela: „Wir haben große Angst vor den Nachbeben“,"Zwei schwere Erdbeben erschüttern Venezuela. Hochhäuser in mehreren Städten stürzen ein, Menschen sind verschüttet, die Zahl der Toten steigt.",https://taz.de/Erdbeben-in-Venezuela/!6190662/,https://taz.de/picture/8566624/1200/41494259.jpeg,http://web.archive.org/web/20260626051000/https://taz.de/Erdbeben-in-Venezuela/!6190662/,"Zwei schwere Erdbeben erschüttern Venezuela. Hochhäuser in mehreren Städten stürzen ein, Menschen sind verschüttet, die Zahl der Toten steigt. mehr...",,"Erdbeben in Venezuela: „Wir haben große Angst vor den Nachbeben“. Zwei schwere Erdbeben erschüttern Venezuela. Hochhäuser in mehreren Städten stürzen ein, Menschen sind verschüttet, die Zahl der Toten steigt.","Earthquake in Venezuela: “We are very afraid of the aftershocks”. Two severe earthquakes hit Venezuela. High-rise buildings in several cities are collapsing, people are buried, and the number of deaths is rising.","Terrae motus in Venezuela: ""Pertimescimus of the aftershocks"". Duae terrae motus graves Venetiolae percusserunt. Aedificia summus ortus in compluribus urbibus concidit, homines sepeliuntur et numerus funerum ortus est.",2026-06-28 08:34:26+00:00
d26f442120d54b69c4f58058e3000594,2026-06-25T16:54:17Z,'Erdbeben Überlebende',www.stern.de,de,0.9,Notfälle: Erdbeben in Venezuela: Kleinkinder lebend gerettet,"Bagger fehlen, internationale Teams eilen herbei: Nach dem Beben in Venezuela zählt jede Minute. Die Retter feiern Erfolge und finden Überlebende unter den Trümmern.",https://www.stern.de/panorama/notfaelle--erdbeben-in-venezuela--kleinkinder-lebend-gerettet-37603822.html,https://image.stern.de/37603824/t/rI/v1/w1440/r1.7778/-/25--mjih54g5o3v3axs2048jpeg---1f154380138cd52c.jpg,,"Kopiere den aktuellen Link
Zur Merkliste hinzufügen
Bagger fehlen, internationale Teams eilen herbei: Nach dem Beben in Venezuela zählt jede Minute. Die Retter feiern Erfolge und finden Überlebende… [+1791 chars]",,"Notfälle: Erdbeben in Venezuela: Kleinkinder lebend gerettet. Bagger fehlen, internationale Teams eilen herbei: Nach dem Beben in Venezuela zählt jede Minute. Die Retter feiern Erfolge und finden Überlebende unter den Trümmern.","Emergencies: Earthquake in Venezuela: Toddlers rescued alive. Excavators are missing, international teams rush to the scene: After the earthquake in Venezuela, every minute counts. The rescuers celebrate success and find survivors under the rubble.","Subitis: Terrae motus in Venetiola: Kids vivi erepti. Excavatores desunt, iunctiones internationales ad scaenam ruunt: Post terrae motum in Venezuela, minutatim computantur. Evocati victoriam celebrant et reliquias sub ruderibus inveniunt.",2026-06-28 08:34:26+00:00
ed48d4eb165eba82d2b0fe5942047da7,2026-06-25T16:56:12Z,'Erdbeben',www.stern.de,de,0.9,Plünderungen nach Erdbeben in Venezuela,"Nach den schweren Erdbeben in Venezuela Jahren ist es in der betroffenen Küstenregion zu Plünderungen von Geschäften gekommen. Reporter der Nachrichtenagentur AFP beobachteten am Donnerstag in Catia la Mar nördlich der Hauptstadt Caracas, wie eine Gruppe Mens…",https://www.stern.de/news/pluenderungen-nach-erdbeben-in-venezuela-37603830.html,https://image.stern.de/37603832/t/iM/v1/w1440/r1.7778/-/25--pluenderungen-in-catia-la-mar---3b973b4bc344c26e.jpg,http://web.archive.org/web/20260626053748/https://www.stern.de/news/pluenderungen-nach-erdbeben-in-venezuela-37603830.html,"Kopiere den aktuellen Link
Zur Merkliste hinzufügen
Nach den schweren Erdbeben in Venezuela Jahren ist es in der betroffenen Küstenregion zu Plünderungen von Geschäften gekommen. Reporter der Nachr… [+724 chars]",,"Plünderungen nach Erdbeben in Venezuela. Nach den schweren Erdbeben in Venezuela Jahren ist es in der betroffenen Küstenregion zu Plünderungen von Geschäften gekommen. Reporter der Nachrichtenagentur AFP beobachteten am Donnerstag in Catia la Mar nördlich der Hauptstadt Caracas, wie eine Gruppe Mens…","Looting after earthquake in Venezuela. After the severe earthquakes in Venezuela, shops in the affected coastal region were looted. Reporters from the AFP news agency observed on Thursday in Catia la Mar, north of the capital Caracas, a group of people...","Depraedatio terrae motus in Venetiola. Post graves terrae motus in Venezuela, tabernae in regione maritima affecta depraedati sunt. Nuntii notarii ab AFP procurationis die Iovis in Catia la Mar observati, ad septentrionem urbis Caracae, coetus hominum.",2026-06-28 08:34:26+00:00
0a577d39083f4a62169f79e3791c6649,2026-06-25T18:30:39Z,'Erdbeben',www.welt.de,de,0.9,"„Man muss damit rechnen, dass das Land und die Bevölkerung sehr schwer getroffen ist“","Nach dem schweren Erdbeben in Venezuela ist das Ausmaß der Katastrophe noch unklar. Viele Regionen sind von der Außenwelt abgeschnitten. „Sollte keine Hilfe kommen, droht eine neue Flüchtlingswelle“, sagt Tobias Käufer, Südamerika-Korrespondent.",https://www.welt.de/videos/video6a3d5b9fafe845031b3ae47c/erdbeben-in-venezuela-man-muss-damit-rechnen-dass-das-land-und-die-bevoelkerung-sehr-schwer-getroffen-ist.html,https://images.welt.de/6a3d5b9fafe845031b3ae47c/cecc092362f3ef952dfd4c326a712da5/ci16x9-w1200/gyi-2282754100-jpg,,"Nach dem schweren Erdbeben in Venezuela ist das Ausmaß der Katastrophe noch unklar. Viele Regionen sind von der Außenwelt abgeschnitten. Sollte keine Hilfe kommen, droht eine neue Flüchtlingswelle, s… [+103 chars]",,"„Man muss damit rechnen, dass das Land und die Bevölkerung sehr schwer getroffen ist“. Nach dem schweren Erdbeben in Venezuela ist das Ausmaß der Katastrophe noch unklar. Viele Regionen sind von der Außenwelt abgeschnitten. „Sollte keine Hilfe kommen, droht eine neue Flüchtlingswelle“, sagt Tobias Käufer, Südamerika-Korrespondent.","“You have to assume that the country and the population will be hit very hard.” After the severe earthquake in Venezuela, the extent of the disaster is still unclear. Many regions are cut off from the outside world. “If no help comes, there is a risk of a new wave of refugees,” says Tobias Buyer, South America correspondent.","""Ponenda tibi est quod terra et multitudo gravissima percutietur."" Post graves terrae motus in Venetiola, amplitudo cladis adhuc obscura est. Multae regiones ab exterioribus abscissae sunt. ""Si nullum auxilium venit, periculum est novae profugorum undae"", Tobias Emptor, Americae Meridionalis correspondent.",2026-06-28 08:34:26+00:00
fdd5f0f6c9142ce24c8176ab78444da8,2026-06-26T03:00:09Z,'Erdbeben',www.stern.de,de,0.9,Notfälle: Venezuela: Warum die Erdbeben das Land hart treffen,"Warum trifft eine Naturkatastrophe Venezuela besonders hart? Ein Blick auf ein Land zwischen Erdölreichtum, humanitärer Krise und politischem Wandel.",https://www.stern.de/panorama/notfaelle--venezuela--warum-die-erdbeben-das-land-hart-treffen-37605234.html,https://image.stern.de/37605236/t/Y6/v1/w1440/r1.7778/-/26--7yfpjjpribv6axs2048jpeg---b14342c0840eeeeb.jpg,http://web.archive.org/web/20260627225256/https://www.stern.de/panorama/notfaelle--venezuela--warum-die-erdbeben-das-land-hart-treffen-37605234.html,"Kopiere den aktuellen Link
Zur Merkliste hinzufügen
Warum trifft eine Naturkatastrophe Venezuela besonders hart? Ein Blick auf ein Land zwischen Erdölreichtum, humanitärer Krise und politischem Wan… [+3041 chars]",,"Notfälle: Venezuela: Warum die Erdbeben das Land hart treffen. Warum trifft eine Naturkatastrophe Venezuela besonders hart? Ein Blick auf ein Land zwischen Erdölreichtum, humanitärer Krise und politischem Wandel.","Emergencies: Venezuela: Why the earthquakes are hitting the country hard. Why does a natural disaster hit Venezuela particularly hard? A look at a country between oil wealth, humanitarian crisis and political change.","Subitis: Venezuela: Quare terrae motus duritiam terrae feriunt. Cur naturalis cladis Venetiolae praecipue dura percussus est? Vide patriam inter opes oleum, discrimen humanitarium et rerum novarum.",2026-06-28 08:34:26+00:00
a9f780db4a79455e022a255d2fb0fbcb,2026-06-26T03:30:00Z,'Erdbeben',www.nzz.ch,de,0.9,Erdbeben in Venezuela: Die wichtigsten Karten und Grafiken zur gegenwärtigen Lage,Die Erdbeben im Norden Venezuelas bedeuten eine Katastrophe für das Land und könnten Tausende von Menschen das Leben gekostet haben. Eine Übersicht,https://www.nzz.ch/visuals/erdbeben-in-venezuela-die-wichtigsten-karten-und-grafiken-zur-aktuellen-lage-ld.10012945,"https://img-msp-prod.nzz.ch/2026/06/25/088cfde9-363f-474b-85cc-ba8eef677036.png?width=1200&height=675&fit=bounds&quality=75&auto=webp&crop=2401,1351,x0,y312&wmark=nzz",http://web.archive.org/web/20260627053402/https://www.nzz.ch/visuals/erdbeben-in-venezuela-die-wichtigsten-karten-und-grafiken-zur-aktuellen-lage-ld.10012945,"In einem Abstand von nur 39 Sekunden erschütterten am Mittwochabend zwei heftige Erdbeben den Nordwesten Venezuelas. Die Schäden sind immens: Wie Videos zeigen, liegen ganze Häuserkomplexe in Trümmer… [+2594 chars]",,Erdbeben in Venezuela: Die wichtigsten Karten und Grafiken zur gegenwärtigen Lage. Die Erdbeben im Norden Venezuelas bedeuten eine Katastrophe für das Land und könnten Tausende von Menschen das Leben gekostet haben. Eine Übersicht,Earthquake in Venezuela: The most important maps and graphics on the current situation. The earthquakes in northern Venezuela spell disaster for the country and could have cost thousands of lives. An overview,Terrae motus in Venezuela: In maximis mappis et graphics in praesenti situ. Terrae motus in Venezuela septentrionali calamitatem carminum pro patria et mille vitarum constantem habere potuerunt. Overview,2026-06-28 08:34:26+00:00
50899f79c3f8743935c72345252a6680,2026-06-26T04:43:43Z,'Erdbeben',www.welt.de,de,0.9,„Hier herrscht Großbetrieb. Immer wieder rollen Lkws vom THW vor“,Bei dem Erdbeben in Venezuela sind nach aktuellem Stand 235 Menschen getötet worden. Viele Gebäude stürzten ein. WELT-Reporter Gerrit Schröder berichtet.,https://www.welt.de/videos/video6a3dfd20113e90346dc4d479/erdebeben-in-venezuela-hier-herrscht-grossbetrieb-immer-wieder-rollen-lkws-vom-thw-vor.html,https://images.welt.de/6a3dfd20113e90346dc4d479/4cda8532d98f80c2f3369f333e73ebda/ci16x9-w1200/gyi-2283364366-jpg,,Die WELT als ePaper: Die vollständige Ausgabe steht Ihnen bereits am Vorabend zur Verfügung so sind Sie immer hochaktuell informiert. Weitere Informationen https://epaper.welt.de,,„Hier herrscht Großbetrieb. Immer wieder rollen Lkws vom THW vor“. Bei dem Erdbeben in Venezuela sind nach aktuellem Stand 235 Menschen getötet worden. Viele Gebäude stürzten ein. WELT-Reporter Gerrit Schröder berichtet.,"""There's a lot of activity here. Trucks from the THW keep rolling up."" According to current information, 235 people were killed in the earthquake in Venezuela. Many buildings collapsed. WELT reporter Gerrit Schröder reports.","""Nihil hic multum navitatis est. Trucks from the THW keep volv up."" Secundum hodiernam informationem 235 homines in terrae motu in Venezuela occisi sunt. Multa aedificia corruerunt. Welt notario Gerrit Schröder refert.",2026-06-28 08:34:26+00:00
d7b677f0083123a0fa54116c9e1b0820,2026-06-26T06:13:00Z,'Erdbeben Tote',taz.de,de,0.9,+++ Erdbeben in Venezuela +++: Die Suche nach Überlebenden geht weiter,Internationale Hilfsteams bereiten sich auf den Einsatz in Venezuela vor. Die Zahl der Toten steigt auf 235. Starlink bietet kostenloses Internet an.,https://taz.de/-Erdbeben-in-Venezuela-/!6190928/,https://taz.de/picture/8571412/1200/41502397.jpeg,http://web.archive.org/web/20260627014331/https://taz.de/-Erdbeben-in-Venezuela-/!6190928/,Internationale Hilfsteams bereiten sich auf den Einsatz in Venezuela vor. Die Zahl der Toten steigt auf 235. Starlink bietet kostenloses Internet an. mehr...,,+++ Erdbeben in Venezuela +++: Die Suche nach Überlebenden geht weiter. Internationale Hilfsteams bereiten sich auf den Einsatz in Venezuela vor. Die Zahl der Toten steigt auf 235. Starlink bietet kostenloses Internet an.,+++ Earthquake in Venezuela +++: The search for survivors continues. International aid teams are preparing for deployment in Venezuela. The number of deaths rises to 235. Starlink offers free internet.,+++ Terrae motus in Venetiola +++: percontatione superstites pergit. Partes internationales subsidia in Venetiola instruere parant. Mortuorum numerus ad 235 surgit. Starlink liberum penitus praebet.,2026-06-28 08:34:26+00:00
a342a3711ffc8ebca8b6630169e3af50,2026-06-26T09:32:23Z,'Erdbeben Hilfsgüter',www.stern.de,de,0.9,Hilfe nach Erdbeben: Bundeswehr bringt Helfer und Hilfsgüter nach Venezuela,Hannover/Caracas - Nach dem tödlichen Erdbeben in Venezuela ist das erste Flugzeug mit Helfern und Hilfsgütern aus Deutschland unterwegs ins,https://www.stern.de/gesellschaft/regional/niedersachsen-bremen/hilfe-nach-erdbeben--bundeswehr-bringt-helfer-und-hilfsgueter-nach-venezuela-37606158.html,https://image.stern.de/37607390/t/-p/v1/w1440/r1.7778/-/26--m2fyqaqdg2v1axs2048jpeg---c999146d4e616ee3.jpg,,"Kopiere den aktuellen Link
Zur Merkliste hinzufügen
Es gibt viele Tote, viele Verletzte und viele Vermisste - zwei starke Erdbeben haben Venezuela hart getroffen. Deutschland hilft.
Nach dem tödli… [+1921 chars]",,Hilfe nach Erdbeben: Bundeswehr bringt Helfer und Hilfsgüter nach Venezuela. Hannover/Caracas - Nach dem tödlichen Erdbeben in Venezuela ist das erste Flugzeug mit Helfern und Hilfsgütern aus Deutschland unterwegs ins,"Help after earthquake: Bundeswehr brings helpers and relief supplies to Venezuela. Hanover/Caracas - After the deadly earthquake in Venezuela, the first plane with helpers and relief supplies from Germany is on its way to","Auxilium post terrae motum: Bundeswehr auxiliatores et commeatus in Venezuela affert. Hanover/Caracas - Post mortiferae terrae motus in Venezuela, primum planum cum auxiliis et subsidiis commeatuum ex Germania iter est.",2026-06-28 08:34:26+00:00
a6603cb63930376f74148d580a7c6337,2026-06-26T10:03:00Z,'Erdbeben',www.stern.de,de,0.9,Bis zu 10.000 Tote befürchtet: MIt bloßen Händen graben sie nach den Verschütteten,Die Erdbeben am Mittwoch in Venezuela trafen ein Land am Rand des Ruins. Menschen suchen verzweifelt nach Angehörigen – und auch das Schicksal der Präsidentin steht auf dem Spiel.,https://www.stern.de/politik/ausland/venezuela--mit-blossen-haenden-graben-sie-nach-den-verschuetteten-37607036.html,https://image.stern.de/37607088/t/BC/v1/w1440/r1.7778/-/venezuela-erdbeben.jpg,http://web.archive.org/web/20260627081224/https://www.stern.de/politik/ausland/venezuela--mit-blossen-haenden-graben-sie-nach-den-verschuetteten-37607036.html,"Zugang zu stern+statt 11,96 
 nur 1  
<ul><li>Alles von stern+ mit erstklassigen Inhalten von GEO und Capital</li><li>4 Wochen testen, dann 2,99  je Woche</li><li>jederzeit kündbar</li></ul>",,Bis zu 10.000 Tote befürchtet: MIt bloßen Händen graben sie nach den Verschütteten. Die Erdbeben am Mittwoch in Venezuela trafen ein Land am Rand des Ruins. Menschen suchen verzweifelt nach Angehörigen – und auch das Schicksal der Präsidentin steht auf dem Spiel.,"Up to 10,000 dead are feared: they dig for the buried people with their bare hands. Wednesday's earthquakes in Venezuela hit a country on the brink of ruin. People are desperately searching for relatives - and the fate of the president is also at stake.","Usque ad 10,000 mortui timentur: nudas manus effodiunt homines sepultos. Mercurii terrae motus in Venetiola regionem ruinae proximam percussit. Homines deperire propinquis quaerunt - et in dubio est etiam casus praesidentis.",2026-06-28 08:34:26+00:00
8170cbb312c12dce644ab6a219964d37,2026-06-26T13:03:20Z,'Erdbeben',www.welt.de,de,0.9,"„Viele Geschäfte machen auch schon wieder auf, weil die wirtschaftliche Lage ja nicht besser wird“","Nach dem schweren Erdbeben in Venezuela laufen die Rettungsarbeiten weiter. Das deutsche THW und andere internationale Hilfstrupps treffen ein, doch es fehlt an allem. „Sind in einem Land mit schwacher Struktur“, sagt Anja Dargatz, Leiterin des Landesbüros in…",https://www.welt.de/videos/video6a3e6e74f35865c1dfe2365a/erdbeben-in-venezuela-viele-geschaefte-machen-auch-schon-wieder-auf-weil-die-wirtschaftliche-lage-ja-nicht-besser-wird.html,https://images.welt.de/6a3e6e74f35865c1dfe2365a/4b43c5cdfdd061c0b489b541ee33159b/ci16x9-w1200/dpa-com-60679907-1-jpg,,"Nach dem schweren Erdbeben in Venezuela laufen die Rettungsarbeiten weiter. Das deutsche THW und andere internationale Hilfstrupps treffen ein, doch es fehlt an allem. Sind in einem Land mit schwache… [+128 chars]",,"„Viele Geschäfte machen auch schon wieder auf, weil die wirtschaftliche Lage ja nicht besser wird“. Nach dem schweren Erdbeben in Venezuela laufen die Rettungsarbeiten weiter. Das deutsche THW und andere internationale Hilfstrupps treffen ein, doch es fehlt an allem. „Sind in einem Land mit schwacher Struktur“, sagt Anja Dargatz, Leiterin des Landesbüros in…","“Many businesses are already opening again because the economic situation is not getting any better.” After the severe earthquake in Venezuela, rescue work continues. The German THW and other international aid groups arrive, but everything is missing. “We are in a country with a weak structure,” says Anja Dargatz, head of the country office in…","""Multae res iam denuo aperiunt quod condicionem oeconomicam meliorem non accipit"". Post graves terrae motus in Venezuela, laborem liberandum pergit. Germanorum THW et aliae coetus internationales subsidia adveniunt, sed omnia desunt. ""Nos sumus in villa infirma structura"", inquit Anja Dargatz, caput regionis in munere...",2026-06-28 08:34:26+00:00
c9b8f4d906064c6496f2dabd580f186c,2026-06-26T14:57:44Z,'Erdbeben',www.welt.de,de,0.9,„Es ist eine große Solidarität unter den Nachbarn zu beobachten“,"Nach dem schweren Erdbeben in Venezuela leisten deutsche und internationale Helfer Unterstützung. Die Lage bleibt unübersichtlich,  die Bergung schwierig. „Wir und unsere Partner sind erleichtert, dass die Regierung Hilfe aus dem Ausland erlaubt“, sagt Cartia…",https://www.welt.de/videos/video6a3e8853113e90346dc4e0fd/erdbeben-in-venezuela-es-ist-eine-grosse-solidaritaet-unter-den-nachbarn-zu-beobachten.html,https://images.welt.de/6a3e8853113e90346dc4e0fd/0b0858d465a50648f7fc3f44d909db14/ci16x9-w1200/2026-06-26t143605z-1829335865-rc2o1maelcc8-rtrmadp-3-venezuela-quake-jpg,,"Nach dem schweren Erdbeben in Venezuela leisten deutsche und internationale Helfer Unterstützung. Die Lage bleibt unübersichtlich, die Bergung schwierig. Wir und unsere Partner sind erleichtert, dass… [+144 chars]",,"„Es ist eine große Solidarität unter den Nachbarn zu beobachten“. Nach dem schweren Erdbeben in Venezuela leisten deutsche und internationale Helfer Unterstützung. Die Lage bleibt unübersichtlich,  die Bergung schwierig. „Wir und unsere Partner sind erleichtert, dass die Regierung Hilfe aus dem Ausland erlaubt“, sagt Cartia…","“There is great solidarity among the neighbors.” After the severe earthquake in Venezuela, German and international helpers are providing support. The situation remains confusing and rescue is difficult. “We and our partners are relieved that the government is allowing help from abroad,” says Cartia...","""Magna consensio est inter vicinos."" Post graves terrae motus in Venetiola auxiliatores Germanos et internationales sustentare possunt. Locus conturbans manet et liberatio difficilis est. ""Nos et socii nostri levantur ut imperium foris auxilium permittat"", Cartia, inquit.",2026-06-28 08:34:26+00:00
21a4af3e754df21d040b23b6cfddaabe,2026-06-26T16:25:20Z,'Erdbeben',www.welt.de,de,0.9,"Während die Häuser einstürzen, richtet sich das Regime wieder auf",Das verheerende Erdbeben trifft Venezuela inmitten einer Phase größter politischer Instabilität. Die Katastrophe könnte die Karten im Poker um die Macht neu mischen – doch der Schlüssel dazu liegt außerhalb des Landes.,https://www.welt.de/politik/ausland/article6a3e839e2bb1afe8aa3cc5c9/erdbeben-in-venezuela-waehrend-die-haeuser-einstuerzen-richtet-sich-das-regime-wieder-auf.html,https://images.welt.de/6a3e839e2bb1afe8aa3cc5c9/177c7665eb760f693ee22ae72112f26e-master/ci16x9-w1200/1782453855240-afp-b8bn4hz-jpg,http://web.archive.org/web/20260627053503/https://www.welt.de/politik/ausland/article6a3e839e2bb1afe8aa3cc5c9/erdbeben-in-venezuela-waehrend-die-haeuser-einstuerzen-richtet-sich-das-regime-wieder-auf.html,Das verheerende Erdbeben trifft Venezuela inmitten einer Phase größter politischer Instabilität. Die Katastrophe könnte die Karten im Poker um die Macht neu mischen doch der Schlüssel dazu liegt auße… [+6607 chars],,"Während die Häuser einstürzen, richtet sich das Regime wieder auf. Das verheerende Erdbeben trifft Venezuela inmitten einer Phase größter politischer Instabilität. Die Katastrophe könnte die Karten im Poker um die Macht neu mischen – doch der Schlüssel dazu liegt außerhalb des Landes.","While the houses collapse, the regime stands up again. The devastating earthquake hits Venezuela in the midst of a period of great political instability. The catastrophe could reshuffle the cards in the poker game for power - but the key lies outside the country.","Dum domus ruunt, iterum surgit regimen. Vastatio terrae motus Venezuela in medio spatio magnae instabilitatis pervenit. Catastrophe chartas in ludo potentiae immisso resilire potuit - sed clavis extra villam iacet.",2026-06-28 08:34:26+00:00
424c2b6b0fe2be3eb9ce23ea6f107c43,2026-06-25T03:49:51Z,'Erdbeben Schäden',www.diepresse.com,de,0.9,Verheerendes Erdbeben in Venezuela • Seltenes Lob von Trump • Neue Konjunkturprognose,Guten Morgen am 25. Juni 2026. Hier sind die wichtigsten Nachrichten zum Start in den Tag.,https://www.diepresse.com/32720459/verheerendes-erdbeben-in-venezuela-seltenes-lob-von-trump-neue,https://www.diepresse.com/assets_v2/images/diepresse_nachrichten.png,http://web.archive.org/web/20260625231437/https://www.diepresse.com/32720459/verheerendes-erdbeben-in-venezuela-seltenes-lob-von-trump-neue,"Die Presse auf Google als bevorzugte Nachrichtenquelle hinzufügen.
 Binnen einer Minute erschütterten Venezuela in der Nacht auf Donnerstag zwei Erdbeben der Stärke 7,2 und 7,5. Das zweite Beben ere… [+1885 chars]",,Verheerendes Erdbeben in Venezuela • Seltenes Lob von Trump • Neue Konjunkturprognose. Guten Morgen am 25. Juni 2026. Hier sind die wichtigsten Nachrichten zum Start in den Tag.,"Devastating earthquake in Venezuela • Rare praise from Trump • New economic forecast. Good morning on June 25, 2026. Here are the most important news to start the day.",Terrae motus in Venetiola vastans • Rara laus Trump • Novae oeconomici praenuntiationes. Bonum mane die 25 mensis Iunii anno 2026. Hic praecipuae sunt nuntii ad initium diei.,2026-06-28 15:53:49+00:00
4a6bc40fc3876e8fa34ff23e6bded783,2026-06-25T06:19:48Z,'Erdbeben Schäden',www.diepresse.com,de,0.9,Erdbeben unweit von Supervulkan bei Neapel,"Das Erdbeben hatte eine Stärke von 3,6. Berichte über Verletzte oder größere Schäden gab es zunächst nicht.",https://www.diepresse.com/32725372/erdbeben-unweit-von-supervulkan-bei-neapel,https://img.diepresse.com/public/incoming/88ckhv-imago-images-0844320946/alternates/WEBP_WIDE_1200/imago%20images%200844320946,http://web.archive.org/web/20260628085640/https://www.diepresse.com/32725372/erdbeben-unweit-von-supervulkan-bei-neapel,"Die Presse auf Google als bevorzugte Nachrichtenquelle hinzufügen.
 Das Gebiet rund um die süditalienische Großstadt Neapel ist am Donnerstag von einem Erdbeben erschüttert worden. Das Nationale Ins… [+1098 chars]",,"Erdbeben unweit von Supervulkan bei Neapel. Das Erdbeben hatte eine Stärke von 3,6. Berichte über Verletzte oder größere Schäden gab es zunächst nicht.",Earthquake not far from supervolcano near Naples. The earthquake had a magnitude of 3.6. There were initially no reports of injuries or major damage.,Terrae motus haud procul a supervolcano prope Neapolim. 3.6 Terraemotus magnitudinem habuit. Initio nullae fuerunt relationes iniuriarum vel maioris damni.,2026-06-28 15:53:49+00:00
e134eea6e3bdcb997f8c77db8ec658f8,2026-06-27T06:21:49Z,'Erdbeben Schäden',www.n-tv.de,de,0.9,Frust über fehlende Hilfe: Neues Beben erschüttert Venezuela,"Mehr als 50.000 Menschen werden nach dem schweren Erdbeben in Venezuela vermisst. Während der Frust in der Bevölkerung über fehlende Geräte wächst, folgt ein neues Beben an der Nordküste des Landes. Die Katastrophe stellt die Interimspräsidentin auf die Probe.",https://www.n-tv.de/panorama/Neues-Erdbeben-von-4-9-erschuettert-die-Nordkueste-Venezuelas-id31020509.html,https://www.n-tv.de/img/31020490/1782546475/Img_16_9/1200/LA-GUAIRA-VENEZUELA-JUNE-26-Rescue-teams-continue-searching-the-rubble-of-collapsed-buildings-for-survivors-following-the-devastating-earthquake-in-Caraballeda-La-Guaira-Venezula-on-June-26-2026-The-death-toll-in-the-back-to-back-earthquakes-that-devastated-VenezuelaAeos-northern-coast-on-Wednesday-has-risen-to-235-with-more-than-4-300-others-injured-Health-Minister-Carlos-Alvarado-confirmed-Thursday.jpg,http://web.archive.org/web/20260628014556/https://www.n-tv.de/panorama/Neues-Erdbeben-von-4-9-erschuettert-die-Nordkueste-Venezuelas-id31020509.html,"Freiwillige in La Guaira suchen teils mit Händen nach Überlebenden. (Foto: picture alliance / Anadolu)
Mehr als 50.000 Menschen werden nach dem schweren Erdbeben in Venezuela vermisst. Während der F… [+2210 chars]",,"Frust über fehlende Hilfe: Neues Beben erschüttert Venezuela. Mehr als 50.000 Menschen werden nach dem schweren Erdbeben in Venezuela vermisst. Während der Frust in der Bevölkerung über fehlende Geräte wächst, folgt ein neues Beben an der Nordküste des Landes. Die Katastrophe stellt die Interimspräsidentin auf die Probe.","Frustration over lack of help: New earthquake shakes Venezuela. More than 50,000 people are missing after the severe earthquake in Venezuela. As the population's frustration grows over a lack of equipment, a new earthquake follows on the country's north coast. The disaster is putting the interim president to the test.","Frustratio super defectu auxilii: Novus terrae motus Venezuela commovet. Plus quam 50.000 hominum desunt postquam graves terrae motus in Venetiola sunt. Frustratio incolarum in defectu armorum crescit, novus terrae motus in orae patriae septentrionalis sequitur. Clades interim praesidentis temptandi facit.",2026-06-28 15:53:49+00:00
2862b69fbfc588860ffd27d9476fb43e,2026-06-27T07:37:45Z,'Erdbeben Schäden',www.diepresse.com,de,0.9,Venezuela militarisiert Katastrophenregion nach Erdbeben,"Die Streitkräfte hätten die Kontrolle übernommen, um die öffentliche Ordnung aufrechtzuerhalten und die Arbeit der Rettungskräfte zu erleichtern. Der Bundesstaat La Guaira, wo sich der internationale Flughafen und der wichtigste Seehafen Venezuelas befinden, …",https://www.diepresse.com/33322184/venezuela-militarisiert-katastrophenregion-nach-erdbeben,https://img.diepresse.com/public/incoming/oz0pqv-imago-images-0860152691/alternates/WEBP_WIDE_1200/imago%20images%200860152691,,"Die Presse auf Google als bevorzugte Nachrichtenquelle hinzufügen.
 Angesichts der schweren Schäden im Bundesstaat La Guaira durch das Doppel-Erdbeben in Venezuela hat die Regierung die Region im No… [+2677 chars]",,"Venezuela militarisiert Katastrophenregion nach Erdbeben. Die Streitkräfte hätten die Kontrolle übernommen, um die öffentliche Ordnung aufrechtzuerhalten und die Arbeit der Rettungskräfte zu erleichtern. Der Bundesstaat La Guaira, wo sich der internationale Flughafen und der wichtigste Seehafen Venezuelas befinden, …","Venezuela militarizes disaster region after earthquake. The armed forces took control to maintain public order and facilitate the work of rescue workers. The state of La Guaira, where the international airport and the main seaport of Venezuela are located, ...","Venezuela regionis calamitatem post terrae motus militat. Copiae armatae potestatem fecerunt ordinem publicum conservandi et operarum opificum faciliorem reddendi. Status La Guaira, ubi aeriportus internationalis et principalis portus Venetiolae sitae sunt, .. .",2026-06-28 15:53:49+00:00
eaa3e6648cc1ce76750309b8d0b9217f,2026-06-26T03:03:49Z,'Erdbeben Verletzte',www.faz.net,de,0.9,Opferzahl steigt: Ausländische Helfer treffen im Erdbebengebiet in Venezuela ein,Nach den verheerenden Erdbeben in Venezuela trifft erste internationale Hilfe ein. Auch deutsche Helfer sind auf dem Weg. Die Zahl der Todesopfer steigt auf 235. Tausende Verletzte werden in Krankenhäusern behandelt. Der Überblick.,https://www.faz.net/aktuell/gesellschaft/ungluecke/erdbeben-in-venezuela-thw-fliegt-ins-katastrophengebiet-accg-200969653.html,https://media0.faz.net/image/w1200h627/0473aff5116e/w6000h3135x0y706o/202606/43601.0.2264185365/in-venezuela-sind-die.webp,,"Internationale Hilfsteams mit Spürhunden bereiten sich auf den Einsatz in Venezuela vor. Nach den tödlichen Erdbeben, die das südamerikanische Land erschüttert haben, werden aus Ländern wie Deutschla… [+5173 chars]",,Opferzahl steigt: Ausländische Helfer treffen im Erdbebengebiet in Venezuela ein. Nach den verheerenden Erdbeben in Venezuela trifft erste internationale Hilfe ein. Auch deutsche Helfer sind auf dem Weg. Die Zahl der Todesopfer steigt auf 235. Tausende Verletzte werden in Krankenhäusern behandelt. Der Überblick.,The number of victims increases: Foreign helpers arrive in the earthquake zone in Venezuela. First international aid arrives after the devastating earthquakes in Venezuela. German helpers are also on the way. The death toll rises to 235. Thousands of injured people are being treated in hospitals. The overview.,Numerus victimarum crescit: adiutores exteri in zona terrae motus in Venezuela perveniunt. Primum internationale auxilium post vastationes terrae motus in Venetiola venit. Adiutores Germanici etiam in viis sunt. Thelonei mortis ad 235. Millia laesorum tractantur in nosocomiis. Meditatio.,2026-06-29 01:39:06+00:00
3d0135cb450639b0066187d4f63b740e,2026-06-26T12:53:51Z,'Erdbeben Tote',www.zeit.de,de,0.9,Erdbeben in Venezuela: Zahl der Erdbebentoten in Venezuela ist auf fast 600 gestiegen,Die Zahl der Erdbebentoten in Venezuela steigt dramatisch an. Mindestens 589 Tote wurden bereits gefunden. Mindestens 2.980 weitere Menschen wurden verletzt.,https://www.zeit.de/gesellschaft/zeitgeschehen/2026-06/erdbeben-venezuela-tote-verletzte-delcy-rodriguez,https://img.zeit.de/gesellschaft/zeitgeschehen/2026-06/erdbeben-venezuela-tote-verletzte-delcy-rodriguez-foto-1/wide__1300x731,,Nach den Erdbeben in Venezuela sind bislang 589 Tote aufgefunden worden. Mindestens 2.980 weitere Menschen wurden verletzt. Das teilte Interimspräsidentin Delcy Rodríguez mit. Mindestens 200 Menschen… [+1368 chars],,Erdbeben in Venezuela: Zahl der Erdbebentoten in Venezuela ist auf fast 600 gestiegen. Die Zahl der Erdbebentoten in Venezuela steigt dramatisch an. Mindestens 589 Tote wurden bereits gefunden. Mindestens 2.980 weitere Menschen wurden verletzt.,"Earthquake in Venezuela: Number of earthquake deaths in Venezuela has risen to almost 600. The number of earthquake deaths in Venezuela is increasing dramatically. At least 589 dead have already been found. At least 2,980 other people were injured.","Terrae motus in Venetiola: Numerus mortum terrae motus in Venezuela ad 600 fere orta est. Numerus mortum terrae motus in Venezuela dramatically augetur. Saltem 589 mortui iam reperti sunt. Saltem 2,980 alii homines laesi sunt.",2026-06-29 01:39:06+00:00
9204e1301418d9a5880835ede1fdcffb,2026-06-25T15:09:00Z,'Erdbeben Epizentrum',www.sueddeutsche.de,de,0.9,Erdbeben: Warum Venezuela so schwer getroffen wurde,Zwei Erdbeben innerhalb von einer Minute: Wie eine geologische Kettenreaktion den Norden Venezuelas verwüstet hat – und warum selbst weit vom Epizentrum entfernte Metropolen wie Caracas betroffen sind.,https://www.sueddeutsche.de/projekte/artikel/wissen/venezuela-erdbeben-geologie-tektonik-e024950/,"https://www.sueddeutsche.de/projekte/artikel/wissen/venezuela-erdbeben-geologie-tektonik-e024950/f4b84fd1846b2e68465106cae76a6b8659c5d6ee81788f4178c6239105a3a9bc_w2400_h1256_r405,0,5648,2956_q70.jpg",,"Für die Bewohner des nördlichen Venezuela hat es sich womöglich wie ein einziges, langes Beben angefühlt, als am Mittwochabend die Erde erzitterte. Doch vermutlich haben sogar zwei Erdbeben die Regio… [+243 chars]",,Erdbeben: Warum Venezuela so schwer getroffen wurde. Zwei Erdbeben innerhalb von einer Minute: Wie eine geologische Kettenreaktion den Norden Venezuelas verwüstet hat – und warum selbst weit vom Epizentrum entfernte Metropolen wie Caracas betroffen sind.,Earthquake: Why Venezuela was hit so hard. Two earthquakes within one minute: How a geological chain reaction devastated northern Venezuela - and why even metropolises far from the epicenter like Caracas are affected.,Terrae motus: Quare Venezuela ita graviter percussus est. Duo terrae motus intra unum minutum: Quomodo catena geologica reactionem Venezuela septentrionalem devastavit - et quare etiam metropolises longe ab epicenter sicut Caracas afficiuntur.,2026-06-29 10:11:08+00:00
7558c3b0df399393165958e343feb0bc,2026-06-25T16:42:43Z,'Erdbeben',www.tagesschau.de,de,0.9,Was über die Erdbeben in Venezuela bekannt ist,In Venezuela hat es zwei schwere Erdbeben gegeben. Experten rechnen mit sehr hohen Opferzahlen - und schwerwiegenden Auswirkungen auf die Infrastruktur des südamerikanischen Landes. Was ist bislang bekannt?,https://www.tagesschau.de/ausland/amerika/was-ueber-das-erdbeben-in-venezuela-bekannt-ist-100.html,https://images.tagesschau.de/image/bf318c66-4328-4330-be47-b6c56de3907c/AAABnv8NmK4/AAABnSSvrFg/16x9-big/venezuela-erdbeben-120.jpg?width=1280,http://web.archive.org/web/20260626040206/https://www.tagesschau.de/ausland/amerika/was-ueber-das-erdbeben-in-venezuela-bekannt-ist-100.html,"Stand: 25.06.2026 18:42 Uhr
In Venezuela hat es zwei schwere Erdbeben gegeben. Experten rechnen mit sehr hohen Opferzahlen - und schwerwiegenden Auswirkungen auf die Infrastruktur des südamerikanisc… [+6093 chars]",,Was über die Erdbeben in Venezuela bekannt ist. In Venezuela hat es zwei schwere Erdbeben gegeben. Experten rechnen mit sehr hohen Opferzahlen - und schwerwiegenden Auswirkungen auf die Infrastruktur des südamerikanischen Landes. Was ist bislang bekannt?,What is known about the earthquakes in Venezuela. There have been two major earthquakes in Venezuela. Experts expect very high numbers of victims - and serious impacts on the South American country's infrastructure. What is known so far?,Nota de terrae motibus in Venetiola. Duo terrae motus maiores in Venetiola fuerunt. Periti altissimum multitudinem victimarum exspectant - et graves insultus infrastructuram patriae Americanae Meridionalis. Quid tam longe notum est?,2026-06-29 10:11:08+00:00
2a580287d120e35ec55caaf7da8e9734,2026-06-28T03:30:00Z,'Erdbeben',www.nzz.ch,de,0.9,Korruption und Misswirtschaft rächen sich nun beim Erdbeben in Venezuela,"Das Regime sperrt den Zugang zur Katastrophenprovinz La Guaira. Offiziell, um die Bergungsarbeiten zu erleichtern. Doch es geht auch um die Verschleierung der Bausünden und der inkompetenten Verwaltung.",https://www.nzz.ch/international/korruption-und-misswirtschaft-raechen-sich-nun-beim-erdbeben-in-venezuela-ld.10013238,"https://img-msp-prod.nzz.ch/2026/06/27/c0309305-4136-4119-b553-c4bde42765c7.jpg?width=1200&height=675&fit=bounds&quality=75&auto=webp&crop=6240,3510,x0,y0&wmark=nzz",http://web.archive.org/web/20260629023727/https://www.nzz.ch/international/korruption-und-misswirtschaft-raechen-sich-nun-beim-erdbeben-in-venezuela-ld.10013238,"Das Regime sperrt den Zugang zur Katastrophenprovinz La Guaira. Offiziell, um die Bergungsarbeiten zu erleichtern. Doch es geht auch um die Verschleierung der Bausünden und der inkompetenten Verwaltu… [+3183 chars]",,"Korruption und Misswirtschaft rächen sich nun beim Erdbeben in Venezuela. Das Regime sperrt den Zugang zur Katastrophenprovinz La Guaira. Offiziell, um die Bergungsarbeiten zu erleichtern. Doch es geht auch um die Verschleierung der Bausünden und der inkompetenten Verwaltung.","Corruption and mismanagement are now taking revenge in the earthquake in Venezuela. The regime blocks access to the disaster-stricken province of La Guaira. Officially, to facilitate the recovery work. But it is also about concealing the construction sins and the incompetent administration.","Corruptio et maleficium nunc ulciscuntur in terrae motu in Venetiola. Regimen impedit accessum ad provinciam La Guaira calamitosam. Publice, ut faciliorem reddant laborem. Sed dicendum est etiam de occultatione peccatorum constructione et dispensatione incompetenti.",2026-06-29 10:11:08+00:00
d8e9a45e9c8484566ec727cd8c7e4c7e,2026-06-25T05:09:48Z,'Erdbeben Tote',www.zeit.de,de,0.9,Erdbeben: Mindestens 32 Tote nach starken Erdbeben in Venezuela,Hier finden Sie Informationen zu dem Thema „Erdbeben“. Lesen Sie jetzt „Mindestens 32 Tote nach starken Erdbeben in Venezuela“.,https://www.zeit.de/news/2026-06/25/mindestens-32-tote-nach-starken-erdbeben-in-venezuela,https://img.zeit.de/administratives/sharing/fallback-image-die-zeit/wide__1300x731,http://web.archive.org/web/20260626073336/https://www.zeit.de/news/2026-06/25/mindestens-32-tote-nach-starken-erdbeben-in-venezuela,Bei den schweren Erdbeben in Venezuela sind ersten Erkenntnissen zufolge mindestens 32 Menschen ums Leben gekommen und rund 700 weitere verletzt worden. Das sagte die geschäftsführende Präsidentin De… [+52 chars],,Erdbeben: Mindestens 32 Tote nach starken Erdbeben in Venezuela. Hier finden Sie Informationen zu dem Thema „Erdbeben“. Lesen Sie jetzt „Mindestens 32 Tote nach starken Erdbeben in Venezuela“.,Earthquake: At least 32 dead after strong earthquake in Venezuela. Here you will find information on the topic of “earthquakes”. Now read “At least 32 dead after strong earthquake in Venezuela”.,"Terrae motus: Saltem 32 mortui post terrae motus validi in Venetiola. Hic informationes invenies in argumento ""terrae motuum"". Nunc legitur ""Saltem 32 mortuus post validum terrae motum in Venetiola"".",2026-06-29 17:18:18+00:00
e0b93888ec54440f3d8d5ba63ed85a0d,2026-06-25T06:03:53Z,'Erdbeben',www.zeit.de,de,0.9,Erdbeben in Venezuela: Wie viele Tote liegen unter den Trümmern?,Zwei schwere Erdbeben haben Venezuela erschüttert. In Caracas suchen Menschen nach Angehörigen und flüchten aus Angst vor Nachbeben auf die Straße. Die Bilder,https://www.zeit.de/gesellschaft/zeitgeschehen/2026-06/erdbeben-venezuela-fotos,https://img.zeit.de/gesellschaft/zeitgeschehen/2026-06/erdbeben-venezuela-bildergalerie/venezuela-earthquake-bild-2/wide__1300x731,http://web.archive.org/web/20260625191801/https://www.zeit.de/gesellschaft/zeitgeschehen/2026-06/erdbeben-venezuela-fotos,"In der Nacht zum Donnerstag haben zwei schwere Erdbeben der Stärke 7,2 und 7,5 Venezuela erschüttert. In der Hauptstadt Caracas und weiteren Orten brachten die Beben Gebäude zum Einsturz. Die venezol… [+569 chars]",,Erdbeben in Venezuela: Wie viele Tote liegen unter den Trümmern?. Zwei schwere Erdbeben haben Venezuela erschüttert. In Caracas suchen Menschen nach Angehörigen und flüchten aus Angst vor Nachbeben auf die Straße. Die Bilder,"Earthquake in Venezuela: How many dead are under the rubble? Two severe earthquakes have shaken Venezuela. In Caracas, people are looking for relatives and fleeing into the streets for fear of aftershocks. The pictures","Terrae motus in Venetiola: Quot mortui sunt sub ruderibus? Duae terrae motus graves Venetiam concusserunt. In Caracae, homines propinquos quaerunt et in plateas fugientes propter terrorum metum. picturas",2026-06-29 17:18:18+00:00
7972ac3828f5b735e548d6e92ccd26d5,2026-06-25T12:54:33Z,'Erdbeben',www.zeit.de,de,0.9,Erdbeben in Venezuela: »Beim kleinsten Knall fangen die Leute an zu rennen«,"Anja Dargatz war in Caracas unterwegs, als das Erdbeben in Venezuela ausbrach. Sie erlebte, wie die Menschen reagierten: mit Panik – und mit Zusammenhalt.",https://www.zeit.de/politik/ausland/2026-06/erdbeben-venezuela-panik-caracas-anja-dargatz,https://img.zeit.de/politik/ausland/2026-06/erdbeben-venezuela-panik-caracas-anja-dargatz-bild/wide__1300x731,http://web.archive.org/web/20260625190138/https://www.zeit.de/politik/ausland/2026-06/erdbeben-venezuela-panik-caracas-anja-dargatz,"Anja Dargatz hat das schwere Erdbeben in Venezuela miterlebt. Sie leitet das Büro der SPD-nahen Friedrich-Ebert-Stiftung in Caracas.
DIE ZEIT: Frau Dargatz, ich erreiche Sie in Caracas. Geht es Ihne… [+772 chars]",,"Erdbeben in Venezuela: »Beim kleinsten Knall fangen die Leute an zu rennen«. Anja Dargatz war in Caracas unterwegs, als das Erdbeben in Venezuela ausbrach. Sie erlebte, wie die Menschen reagierten: mit Panik – und mit Zusammenhalt.","Earthquake in Venezuela: ""At the slightest bang, people start running."" Anja Dargatz was traveling in Caracas when the earthquake struck in Venezuela. She experienced how people reacted: with panic – and with solidarity.","Terrae motus in Venezuela: ""In minimis crepitus, homines cursus committitur"". Anja Dargatz in Caracas iter faciebat cum terrae motus in Venetiola percussus est. Experta est quomodo homines portaverunt: cum terrore – et cum solidarietate.",2026-06-29 17:18:18+00:00
bba4370eaace4b651c768b24363b4e26,2026-06-25T14:57:13Z,'Erdbeben',www.zeit.de,de,0.9,Erdbeben: Videos der schweren Katastrophe in Venezuela,Die Aufräum- und Rettungsarbeiten in Venezuela dauern an. Wir zeigen die Auswirkungen der schweren Beben im Videoüberblick.,https://www.zeit.de/gesellschaft/zeitgeschehen/2026-06/erdbeben-venezuela-naturkatastrophe-auswirkungen-videos,https://img.zeit.de/gesellschaft/zeitgeschehen/2026-06/venezuela-video/wide__1300x731,http://web.archive.org/web/20260625203353/https://www.zeit.de/gesellschaft/zeitgeschehen/2026-06/erdbeben-venezuela-naturkatastrophe-auswirkungen-videos,"An dieser Stelle ist ein externer Inhalt eingebunden
Zum Anschauen benötigen wir Ihre Zustimmung",,Erdbeben: Videos der schweren Katastrophe in Venezuela. Die Aufräum- und Rettungsarbeiten in Venezuela dauern an. Wir zeigen die Auswirkungen der schweren Beben im Videoüberblick.,Earthquake: Videos of the severe disaster in Venezuela. The cleanup and rescue work in Venezuela is ongoing. We show the effects of the severe earthquakes in a video overview.,Terrae motus: Videos de clade gravissima in Venezuela. Tersus et opus in Venetiola permanentem liberandum est. Effectus gravium motuum in prospectu videndi ostendimus.,2026-06-29 17:18:18+00:00
2690a6bb3ab160c7eb269c62790e82c9,2026-06-25T15:57:05Z,'Erdbeben',www.faz.net,de,0.9,Hilfe für Erdbeben-Katastrophe: Papst spendet 100.000 Euro nach Erdbeben in Venezuela,Das Erdbeben in Venezuela hat verheerende Schäden angerichtet und die Zahl der Toten wächst. Papst Leo XIV. spendet nun 100.000 Euro für humanitäre Hilfe. Und auch die Caritas unterstützt vor Ort.,https://www.faz.net/aktuell/gesellschaft/papst-leo-xiv-spendet-100-000-euro-nach-erdbeben-in-venezuela-200968789.html,https://media0.faz.net/image/w1200h627/1f96559a15d0/w3211h1677x0y83o/202606/43601.0.2256017510/die-hilfe-wurde-demnach-ueber.webp,,Mit einer Spende von 100.000 Euro für humanitäre Hilfe hat Papst Leo XIV. auf die Nachrichten vom verheerenden Erdbeben in Venezuela reagiert. Dies berichtete das Portal Vatican News am Donnerstag. D… [+1152 chars],,Hilfe für Erdbeben-Katastrophe: Papst spendet 100.000 Euro nach Erdbeben in Venezuela. Das Erdbeben in Venezuela hat verheerende Schäden angerichtet und die Zahl der Toten wächst. Papst Leo XIV. spendet nun 100.000 Euro für humanitäre Hilfe. Und auch die Caritas unterstützt vor Ort.,"Help for earthquake disaster: Pope donates 100,000 euros after earthquake in Venezuela. The earthquake in Venezuela has caused devastating damage and the death toll is growing. Pope Leo XIV is now donating 100,000 euros for humanitarian aid. And Caritas also supports locally.","Auxilia ad calamitatem terrae motus: Papa centum millia nummorum post terrae motus in Venezuela donat. Terrae motus in Venezuela vastare damnum fecit et theloneum mortis augetur. Leo XIV, nunc centum millia nummorum ad auxilium humanitarium donando. Caritas quoque localiter sustinet.",2026-06-29 17:18:18+00:00
05dc38286fcf550147d0505e2aadb5dd,2026-06-25T16:25:21Z,'Erdbeben',www.zeit.de,de,0.9,Erdbeben in Venezuela: Deutschland bereitet Hilfen für Venezuela nach Erdbeben vor,"Die Bundesregierung will angesichts der schweren Erdbeben in Venezuela mit Wasserfiltern, Feldbetten und Zelten helfen. Hilfsorganisationen brechen in die Region auf.",https://www.zeit.de/politik/ausland/2026-06/erdbeben-venezuela-hilfe-bundesregierung-thw,https://img.zeit.de/politik/ausland/2026-06/erdbeben-venezuela-hilfe-bundesregierung-thw-foto-1/wide__1300x731,,"Nach den schweren Erdbeben in Venezuela will die Bundesregierung schnelle Hilfen zur Verfügung stellen. »Dafür stehen Hilfsgüter, wie etwa Wasserfilter, Feldbetten, Zelte oder Generatoren bereit«, te… [+608 chars]",,"Erdbeben in Venezuela: Deutschland bereitet Hilfen für Venezuela nach Erdbeben vor. Die Bundesregierung will angesichts der schweren Erdbeben in Venezuela mit Wasserfiltern, Feldbetten und Zelten helfen. Hilfsorganisationen brechen in die Region auf.","Earthquake in Venezuela: Germany is preparing aid for Venezuela after the earthquake. In view of the severe earthquakes in Venezuela, the federal government wants to help with water filters, camp beds and tents. Aid organizations are heading to the region.","Terrae motus in Venetiola: Germania auxilium Venetiolae post terrae motum parat. Respectu gravium terrae motuum in Venezuela, regimen foederati vult adiuvare cum aquariis, castris cubilibus et tentoriis. Ligula lacus sapien ut tellus.",2026-06-29 17:18:18+00:00
2c70590d35892cb4b9531763c529cc33,2026-06-25T16:54:17Z,'Erdbeben',www.zeit.de,de,0.9,Notfälle: Erdbeben in Venezuela: Kleinkinder lebend gerettet,Hier finden Sie Informationen zu dem Thema „Notfälle“. Lesen Sie jetzt „Erdbeben in Venezuela: Kleinkinder lebend gerettet“.,https://www.zeit.de/news/2026-06/25/erdbeben-in-venezuela-kleinkinder-lebend-gerettet,https://img.zeit.de/news/2026-06/25/erdbeben-in-venezuela-kleinkinder-lebend-gerettet-image-group/wide__1300x731,http://web.archive.org/web/20260626012358/https://www.zeit.de/news/2026-06/25/erdbeben-in-venezuela-kleinkinder-lebend-gerettet,"In Venezuela kämpfen die Rettungsteams gegen die Zeit, um nach den verheerenden Erdbeben Überlebende aus den Trümmern zu retten. Die Hoffnung wird nicht aufgegeben: Dutzende Menschen sind bereits leb… [+1612 chars]",,Notfälle: Erdbeben in Venezuela: Kleinkinder lebend gerettet. Hier finden Sie Informationen zu dem Thema „Notfälle“. Lesen Sie jetzt „Erdbeben in Venezuela: Kleinkinder lebend gerettet“.,Emergencies: Earthquake in Venezuela: Toddlers rescued alive. Here you will find information on the topic of “emergencies”. Read “Earthquake in Venezuela: Toddlers Saved Alive” now.,"Subitis: Terrae motus in Venetiola: Kids vivi erepti. Hic informationes invenies in argumento ""evolutionis"". Lege ""Terrae motus in Venezuela: Toddlers Vivus"" nunc.",2026-06-29 17:18:18+00:00
228538bdf07bb75372f4284ea92d0974,2026-06-25T18:05:56Z,'Erdbeben',www.zeit.de,de,0.9,Venezuela: Erdbeben in Venezuela: Kann die neue Regierung den Menschen helfen?,Die Zahl der Toten in Venzuela ist weiter gestiegen. Wie trifft das katastrophale Erdbeben das politisch instabile Land? Und: Wiederaufbaukonferenz für die Ukraine.,https://www.zeit.de/politik/2026-06/venezuela-erdbeben-usa-hilfe-rettungsteams-nachrichtenpodcast,https://img.zeit.de/politik/ausland/2026-06/enezuela-erdbeben-usa-hilfe-rettungsteams-nachrichtenpodcast-bild/wide__1300x731,http://web.archive.org/web/20260625203357/https://www.zeit.de/politik/2026-06/venezuela-erdbeben-usa-hilfe-rettungsteams-nachrichtenpodcast,"Zwei schwere Erdbeben der Stärke 7,2 und 7,5 haben den Nordwesten Venezuelas erschüttert. Die Erschütterungen zählen zu den stärksten Beben, die das Land seit mehr als einem Jahrhundert erlebt hat. N… [+2390 chars]",,Venezuela: Erdbeben in Venezuela: Kann die neue Regierung den Menschen helfen?. Die Zahl der Toten in Venzuela ist weiter gestiegen. Wie trifft das katastrophale Erdbeben das politisch instabile Land? Und: Wiederaufbaukonferenz für die Ukraine.,Venezuela: Earthquake in Venezuela: Can the new government help the people?. The number of deaths in Venezuela has continued to rise. How does the catastrophic earthquake affect the politically unstable country? And: reconstruction conference for Ukraine.,Venezuela: Terrae motus in Venetiola: Potestne novum regimen hominibus adiuvare? Numerus funerum in Venetiola ortus est. Quomodo motus calamitosus afficit patriam politicam instabilem? Et: de Ucraina colloquium reconstruction.,2026-06-29 17:18:18+00:00
63b708c83e49d9dff423179d64b96318,2026-06-26T13:14:54Z,'Erdbeben',www.zeit.de,de,0.9,Erdbeben: Regierung: Zahl der Toten in Venezuela steigt auf 589,Hier finden Sie Informationen zu dem Thema „Erdbeben“. Lesen Sie jetzt „Regierung: Zahl der Toten in Venezuela steigt auf 589“.,https://www.zeit.de/news/2026-06/26/regierung-zahl-der-toten-in-venezuela-steigt-auf-589,https://img.zeit.de/administratives/sharing/fallback-image-die-zeit/wide__1300x731,http://web.archive.org/web/20260627030504/https://www.zeit.de/news/2026-06/26/regierung-zahl-der-toten-in-venezuela-steigt-auf-589,"Die Zahl der Toten nach den zwei schweren Erdbeben in Venezuela ist laut Angaben der Regierung in Caracas auf 589 gestiegen. Zudem seien 2.980 Menschen verletzt worden, sagte die geschäftsführende Pr… [+64 chars]",,Erdbeben: Regierung: Zahl der Toten in Venezuela steigt auf 589. Hier finden Sie Informationen zu dem Thema „Erdbeben“. Lesen Sie jetzt „Regierung: Zahl der Toten in Venezuela steigt auf 589“.,Earthquake: Government: Death toll in Venezuela rises to 589. Here you will find information on the topic of “earthquakes”. Now read “Government: Death toll in Venezuela rises to 589”.,"Terrae motus: Government: Mors vectigal in Venetiola ascendit ad 589. Hic invenies informationes de argumento ""terrae motuum"". Nunc legitur « Gubernatio: Mors vectigal in Venezuela ad 589 surgit ».",2026-06-29 17:18:18+00:00
8a97115a6886eb359f8bf00bd777d104,2026-06-26T14:01:43Z,'Erdbeben',www.zeit.de,de,0.9,Naturkatastrophe in Venezuela: Sorge um Vater nach Erdbeben - «Er ist total unter Schock»,Hier finden Sie Informationen zu dem Thema „Naturkatastrophe in Venezuela“. Lesen Sie jetzt „Sorge um Vater nach Erdbeben - «Er ist total unter Schock»“.,https://www.zeit.de/news/2026-06/26/sorge-um-vater-nach-erdbeben-er-ist-total-unter-schock,https://img.zeit.de/news/2026-06/26/sorge-um-vater-nach-erdbeben-er-ist-total-unter-schock-image-group/wide__1300x731,http://web.archive.org/web/20260627043730/https://www.zeit.de/news/2026-06/26/sorge-um-vater-nach-erdbeben-er-ist-total-unter-schock,"Als die Venezolanerin Maria Fernanda Cabrera nachts von dem Erdbeben in ihrer Heimatstadt Caracas erfahren hat, war an Schlaf nicht mehr zu denken. Wie geht es ihrem Vater? «Ich hatte mir natürlich S… [+3127 chars]",,Naturkatastrophe in Venezuela: Sorge um Vater nach Erdbeben - «Er ist total unter Schock». Hier finden Sie Informationen zu dem Thema „Naturkatastrophe in Venezuela“. Lesen Sie jetzt „Sorge um Vater nach Erdbeben - «Er ist total unter Schock»“.,Natural disaster in Venezuela: Concern for father after earthquake - “He is totally in shock”. Here you will find information on the topic “Natural disaster in Venezuela”. Now read “Concern for father after earthquake - “He is totally in shock””.,"Cladis naturalis in Venetiola: Sollicitudo patris post terrae motum - “Ita prorsus offensus est”. Hic informationes invenies in themate ""Naturalis calamitatis in Venetiola"". Nunc legitur "" Cura patris post terrae motum - ""Ille prorsus offensus est"".",2026-06-29 17:18:18+00:00
062b95f1d725d8505038b1a6de75472c,2026-06-26T22:05:05Z,'Erdbeben',www.zeit.de,de,0.9,Erdbeben: Venezuela militarisiert Katastrophenregion nach Beben,Hier finden Sie Informationen zu dem Thema „Erdbeben“. Lesen Sie jetzt „Venezuela militarisiert Katastrophenregion nach Beben“.,https://www.zeit.de/news/2026-06/27/venezuela-militarisiert-katastrophenregion-nach-beben,https://img.zeit.de/news/2026-06/27/venezuela-militarisiert-katastrophenregion-nach-beben-image-group/wide__1300x731,http://web.archive.org/web/20260627040834/https://www.zeit.de/news/2026-06/27/venezuela-militarisiert-katastrophenregion-nach-beben,Angesichts der schweren Schäden im Bundesstaat La Guaira durch das Doppel-Erdbeben in Venezuela hat die Regierung die Region im Norden des Landes militarisiert. Die Streitkräfte hätten die Kontrolle … [+1114 chars],,Erdbeben: Venezuela militarisiert Katastrophenregion nach Beben. Hier finden Sie Informationen zu dem Thema „Erdbeben“. Lesen Sie jetzt „Venezuela militarisiert Katastrophenregion nach Beben“.,Earthquake: Venezuela militarizes disaster region after earthquake. Here you will find information on the topic of “earthquakes”. Now read “Venezuela militarizes disaster region after quake”.,"Terrae motus: Venezuela regionis calamitatem militaret post terrae motum. Hic informationes invenies in argumento ""terrae motuum"". Nunc lege ""Venezuela regionem calamitatis militaris post commotionem"".",2026-06-29 17:18:18+00:00
17119c7feb5b31a5676edf0b0e7819ed,2026-06-27T14:37:49Z,'Erdbeben',www.zeit.de,de,0.9,Hilfe nach Erdbeben: Fünfter Bundeswehr-Flieger mit Hilfskräften nach Venezuela,Hier finden Sie Informationen zu dem Thema „Hilfe nach Erdbeben“. Lesen Sie jetzt „Fünfter Bundeswehr-Flieger mit Hilfskräften nach Venezuela“.,https://www.zeit.de/news/2026-06/27/fuenfter-bundeswehr-flieger-mit-hilfskraeften-nach-venezuela,https://img.zeit.de/news/2026-06/27/fuenfter-bundeswehr-flieger-mit-hilfskraeften-nach-venezuela-image-group/wide__1300x731,http://web.archive.org/web/20260628035634/https://www.zeit.de/news/2026-06/27/fuenfter-bundeswehr-flieger-mit-hilfskraeften-nach-venezuela,Nach den verheerenden Erdbeben in Venezuela ist der fünfte Bundeswehr-Flieger ins Katastrophengebiet gestartet. Vom Fliegerhorst Wunstorf in Niedersachsen hob erneut eine Militärmaschine mit Hilfskrä… [+826 chars],,Hilfe nach Erdbeben: Fünfter Bundeswehr-Flieger mit Hilfskräften nach Venezuela. Hier finden Sie Informationen zu dem Thema „Hilfe nach Erdbeben“. Lesen Sie jetzt „Fünfter Bundeswehr-Flieger mit Hilfskräften nach Venezuela“.,Help after earthquake: Fifth Bundeswehr pilot with relief workers to Venezuela. Here you will find information on the topic of “Help after earthquakes”. Now read “Fifth Bundeswehr pilot with relief staff to Venezuela”.,"Subsidia post terrae motum: Quintus Bundeswehr gubernator cum adiutoribus Venetiolae subsidio est. Hic informationes invenies in argumento ""Auxilium post terrae motus"". Nunc legitur ""Quintus Bundeswehr gubernator cum baculo subsidio in Venetiola"".",2026-06-29 17:18:18+00:00
7df0ae0a1f6bf67b8af6cb78cb22e707,2026-06-27T17:26:45Z,'Erdbeben',www.zeit.de,de,0.9,Erdbeben: Venezuela: Totenzahl steigt nach Erdbeben auf mehr als 1.400,Hier finden Sie Informationen zu dem Thema „Erdbeben“. Lesen Sie jetzt „Venezuela: Totenzahl steigt nach Erdbeben auf mehr als 1.400“.,https://www.zeit.de/news/2026-06/27/venezuela-totenzahl-steigt-nach-erdbeben-auf-mehr-als-1-400,https://img.zeit.de/administratives/sharing/fallback-image-die-zeit/wide__1300x731,http://web.archive.org/web/20260628021139/https://www.zeit.de/news/2026-06/27/venezuela-totenzahl-steigt-nach-erdbeben-auf-mehr-als-1-400,"Die Zahl der Toten nach der Erdbebenkatastrophe in Venezuela ist auf 1.430 gestiegen. Mehr als 3.200 Menschen seien verletzt worden, teilte der Präsident der Nationalversammlung, Jorge Rodríguez, mit… [+39 chars]",,Erdbeben: Venezuela: Totenzahl steigt nach Erdbeben auf mehr als 1.400. Hier finden Sie Informationen zu dem Thema „Erdbeben“. Lesen Sie jetzt „Venezuela: Totenzahl steigt nach Erdbeben auf mehr als 1.400“.,"Earthquake: Venezuela: Death toll rises to more than 1,400 after earthquake. Here you will find information on the topic of “earthquakes”. Now read “Venezuela: Death toll rises to more than 1,400 after earthquake”.","Terrae motus: Venezuela: Mors vectigal oritur ad plus quam 1,400 post terrae motum. Hic informationes invenies in argumento ""terrae motuum"". Nunc legitur ""Venezuela: Mors vectigal plusquam 1,400 post terrae motus exoritur"".",2026-06-29 17:18:18+00:00
b9f5ecae77d655faa6c2e69f82ed501e,2026-06-27T17:49:57Z,'Erdbeben Tote',www.zeit.de,de,0.9,Erdbeben in Venezuela: Anzahl der Toten steigt nach Erdbeben auf mehr als 1.400,"Die Todeszahl nach dem Erdbeben in Venezuela ist auf 1.430 gestiegen. Die Suche nach Verschütteten dauert an, zehntausende Menschen werden vermisst.",https://www.zeit.de/politik/ausland/2026-06/erdbeben-venezuela-tote-verletzte-jorge-rodriguez,https://img.zeit.de/politik/ausland/2026-06/erdbeben-venezuela-tote-verletzte-jorge-rodriguez-foto-1/wide__1300x731,,"Die Helfer in Venezuela bergen immer mehr Leichen nach dem schweren Erdbeben in dem Land. Die Zahl der Opfer ist mittlerweile auf 1.430 gestiegen. Mehr als 3.200 Menschen seien verletzt worden, teilt… [+656 chars]",,"Erdbeben in Venezuela: Anzahl der Toten steigt nach Erdbeben auf mehr als 1.400. Die Todeszahl nach dem Erdbeben in Venezuela ist auf 1.430 gestiegen. Die Suche nach Verschütteten dauert an, zehntausende Menschen werden vermisst.","Earthquake in Venezuela: Number of deaths rises to more than 1,400 after earthquake. The death toll from the earthquake in Venezuela has risen to 1,430. The search for those buried continues; tens of thousands of people are missing.","Terrae motus in Venezuela: Numerus funerum ad plus quam 1,400 post terrae motus oritur. Mortem thelonei a terrae motu in Venetiola orta est usque ad 1,430. Quaesitum prosequitur sepultorum; decem milia hominum desunt.",2026-06-29 17:18:18+00:00
334974d22ba11631b253f2b810105533,2026-06-25T00:07:04Z,'Erdbeben Epizentrum',www.tagesspiegel.de,de,0.9,Schwere Erdbeben in Venezuela: Mindestens 188 Tote – Experten rechnen mit Tausenden,"In Venezuela bebte die Erde in der Nacht auf Donnerstag so heftig, wie seit mehr als 100 Jahren nicht mehr. Das deutsche Verteidigungsministerium plant, Hilfe zu schicken.",https://www.tagesspiegel.de/gesellschaft/panorama/schwere-erdbeben-in-venezuela-mindestens-188-tote--experten-rechnen-mit-tausenden-15755232.html,https://www.tagesspiegel.de/images/15756273/alternates/BASE_16_9_W1400/1782378846000/topshot-venezuela-earthquake.jpeg,http://web.archive.org/web/20260626012152/https://www.tagesspiegel.de/gesellschaft/panorama/schwere-erdbeben-in-venezuela-mindestens-188-tote--experten-rechnen-mit-tausenden-15755232.html,"Bei den Erdbeben in Venezuela sind nach vorläufigen offiziellen Angaben mindestens 188 Menschen ums Leben gekommen. Zudem gibt es 1520 Verletzte und 200 Verschüttete.
Die US-Erdbebenwarte USGS befür… [+8519 chars]",,"Schwere Erdbeben in Venezuela: Mindestens 188 Tote – Experten rechnen mit Tausenden. In Venezuela bebte die Erde in der Nacht auf Donnerstag so heftig, wie seit mehr als 100 Jahren nicht mehr. Das deutsche Verteidigungsministerium plant, Hilfe zu schicken.","Severe earthquake in Venezuela: At least 188 dead - experts expect thousands. In Venezuela, the earth shook more violently on Thursday night than it had in more than 100 years. The German Defense Ministry plans to send help.","Gravis terrae motus in Venetiola: Saltem 188 mortuus est - periti exspectant milia. In Venezuela, terra vehementius die Iovis nocte concussa est quam plus quam centum annos habuit. Defensionis Ministerii Germanici consilia ad auxilium mittendi.",2026-06-30 08:43:18+00:00
5a8630b17fe97cba7da7dc7a30a65e67,2026-06-25T00:07:04Z,'Erdbeben',www.tagesspiegel.de,de,0.9,Schwere Erdbeben in Venezuela: Pistorius bietet Hilfe der Bundeswehr an,"Bei zwei heftigen Beben in Venezuela sind mindestens 32 Menschen ums Leben gekommen und Hunderte verletzt worden. Das deutsche Verteidigungsministerium plant, Hilfe zu schicken.",https://www.tagesspiegel.de/gesellschaft/panorama/schwere-erdbeben-in-venezuela-pistorius-bietet-hilfe-der-bundeswehr-an-15755232.html,https://www.tagesspiegel.de/images/15756273/alternates/BASE_16_9_W1400/1782378846000/topshot-venezuela-earthquake.jpeg,,Nach den schweren Erdbeben in Venezuela hat Bundesverteidigungsminister Boris Pistorius (SPD) die Hilfe der Bundeswehr angeboten. Mit bis zu sechs Transportflugzeugen vom Typ A400M sollen demnach unt… [+11289 chars],,"Schwere Erdbeben in Venezuela: Pistorius bietet Hilfe der Bundeswehr an. Bei zwei heftigen Beben in Venezuela sind mindestens 32 Menschen ums Leben gekommen und Hunderte verletzt worden. Das deutsche Verteidigungsministerium plant, Hilfe zu schicken.",Severe earthquake in Venezuela: Pistorius offers help from the Bundeswehr. Two powerful earthquakes in Venezuela have killed at least 32 people and injured hundreds. The German Defense Ministry plans to send help.,Gravis terrae motus in Venetiola: Pistorius auxilium a Bundeswehr praebet. Duo terrae motus potentes in Venetiola occiderunt saltem XXXII homines et centum laesi. Defensionis Ministerii Germanici consilia ad auxilium mittendi.,2026-06-30 08:43:18+00:00
1f732524dbd7ae790bd600803ebe399b,2026-06-25T00:07:04Z,'Erdbeben',www.tagesspiegel.de,de,0.9,Schwere Erdbeben in Venezuela: Pistorius bietet offenbar Hilfe der Bundeswehr an,Bei zwei heftigen Beben in Venezuela sind mindestens 32 Menschen ums Leben gekommen und Hunderte verletzt worden. Präsidentin Delcy Rodríguez spricht von einem „Vorfall mit schwerwiegenden Folgen“.,https://www.tagesspiegel.de/gesellschaft/panorama/schwere-erdbeben-in-venezuela-pistorius-bietet-offenbar-hilfe-der-bundeswehr-an-15755232.html,https://www.tagesspiegel.de/images/15755691/alternates/BASE_16_9_W1400/1782370379000/aftermath-of-an-earthquake-in-caracas.jpeg,,Nach den schweren Erdbeben in Venezuela hat Bundesverteidigungsminister Boris Pistorius (SPD) nach Informationen der Bild die Hilfe der Bundeswehr angeboten. Mit bis zu sechs Transportflugzeugen der … [+10833 chars],,Schwere Erdbeben in Venezuela: Pistorius bietet offenbar Hilfe der Bundeswehr an. Bei zwei heftigen Beben in Venezuela sind mindestens 32 Menschen ums Leben gekommen und Hunderte verletzt worden. Präsidentin Delcy Rodríguez spricht von einem „Vorfall mit schwerwiegenden Folgen“.,Severe earthquake in Venezuela: Pistorius apparently offers help from the Bundeswehr. Two powerful earthquakes in Venezuela have killed at least 32 people and injured hundreds. President Delcy Rodríguez speaks of an “incident with serious consequences.”,"Gravis terrae motus in Venetiola: Pistorius auxilium a Bundeswehr videtur praebet. Duo terrae motus potentes in Venetiola occiderunt saltem XXXII homines et centum laesi. Praeses Delcy Rodríguez de ""accidentia cum gravibus consectariis"" loquitur.",2026-06-30 08:43:18+00:00
7cb160947c564c4774837b5ab72915e6,2026-06-25T00:43:00Z,'Erdbeben',www.stern.de,de,0.9,Innerhalb weniger Minuten: Zwei starke Erdbeben erschüttern Venezuela,"Unter Venezuela bebt die Erde. Innerhalb weniger Minuten haben zwei starke Erdbeben die Region getroffen. Es sei eine „äußerst alamierende Situation“, so der Innenminister.",https://www.stern.de/panorama/venezuela--zwei-schwere-erdbeben-erschuettern-die-region-37598436.html,https://image.stern.de/37598458/t/es/v1/w1440/r1.7778/-/venezuela.jpg,http://web.archive.org/web/20260626032142/https://www.stern.de/panorama/venezuela--zwei-schwere-erdbeben-erschuettern-die-region-37598436.html,"Kopiere den aktuellen Link
Zur Merkliste hinzufügen
Unter Venezuela bebt die Erde. Innerhalb weniger Minuten haben zwei starke Erdbeben die Region getroffen. Es sei eine äußerst alamierende Situati… [+1520 chars]",,"Innerhalb weniger Minuten: Zwei starke Erdbeben erschüttern Venezuela. Unter Venezuela bebt die Erde. Innerhalb weniger Minuten haben zwei starke Erdbeben die Region getroffen. Es sei eine „äußerst alamierende Situation“, so der Innenminister.","Within a few minutes: two strong earthquakes shake Venezuela. The earth is shaking under Venezuela. Within minutes, two strong earthquakes hit the region. It is an “extremely alarming situation,” said the Interior Minister.","Paucis momentis: duo terrae motus validi Venetiam concutiunt. Terra sub Venetiola quatitur. Intra minuta duo terrae motus validi regionem percusserunt. ""Maxime terroris status"" est minister interior dixit.",2026-06-30 08:43:18+00:00
984689b82be1e3d149c7ae64e6db58f4,2026-06-25T01:09:55Z,'Erdbeben Schäden',www.stern.de,de,0.9,Doppel-Erdbeben in Venezuela: Schwere Schäden und Panik auf den Straßen,"Venezuela ist am Mittwoch von zwei heftigen Erdbeben erschüttert worden, die Häuser zum Einstürzen brachten und vielerorts Panik auslösten. Nach Angaben von Innenminister Diosdado Cabello blieb zunächst unklar, ob Menschen verletzt oder getötet wurden. Es sei…",https://www.stern.de/news/doppel-erdbeben-in-venezuela--schwere-schaeden-und-panik-auf-den-strassen-37598512.html,https://image.stern.de/37598514/t/AP/v1/w1440/r1.7778/-/25--menschen-fliehen-in-carcas-in-panik-aus-ihren-haeusern---b11401f3c9fb4bd8.jpg,,"Kopiere den aktuellen Link
Zur Merkliste hinzufügen
Venezuela ist am Mittwoch von zwei heftigen Erdbeben erschüttert worden, die Häuser zum Einstürzen brachten und vielerorts Panik auslösten. Nach … [+1197 chars]",,"Doppel-Erdbeben in Venezuela: Schwere Schäden und Panik auf den Straßen. Venezuela ist am Mittwoch von zwei heftigen Erdbeben erschüttert worden, die Häuser zum Einstürzen brachten und vielerorts Panik auslösten. Nach Angaben von Innenminister Diosdado Cabello blieb zunächst unklar, ob Menschen verletzt oder getötet wurden. Es sei…","Double earthquake in Venezuela: severe damage and panic on the streets. Venezuela was rocked by two powerful earthquakes on Wednesday, causing houses to collapse and causing panic in many places. According to Interior Minister Diosdado Cabello, it was initially unclear whether people were injured or killed. It be…","Terre motus duplex in Venetiola: grave damnum et terror in plateis. Venezuela a duobus terrae motibus validis die Mercurii movebatur, quod domos concidere et in multis locis terrorem facere causabant. Secundum Ministrum Interiorem Diosdado Cabello, initio incertum erat utrum homines laesi vel occisi essent. Sit…",2026-06-30 08:43:18+00:00
78018781c61977f244eb60b773290df2,2026-06-25T02:21:07Z,'Erdbeben',www.stern.de,de,0.9,Opfer befürchtet: Erhebliche Schäden nach zwei starken Erdbeben in Venezuela,Videos zeigen Schäden an Gebäuden und am Flughafen der Hauptstadt Caracas. Unweit des Epizentrums leben Hunderttausende Menschen. Es werden Opfer befürchtet.,https://www.stern.de/panorama/opfer-befuerchtet--erhebliche-schaeden-nach-zwei-starken-erdbeben-in-venezuela-37598382.html,https://image.stern.de/37598530/t/tQ/v2/w1440/r1.7778/-/25--i3i2skonvev11axs2048jpeg---1b81600ee22e422a.jpg,,"Kopiere den aktuellen Link
Zur Merkliste hinzufügen
Videos zeigen Schäden an Gebäuden und am Flughafen der Hauptstadt Caracas. Unweit des Epizentrums leben Hunderttausende Menschen. Es werden Opfer… [+3129 chars]",,Opfer befürchtet: Erhebliche Schäden nach zwei starken Erdbeben in Venezuela. Videos zeigen Schäden an Gebäuden und am Flughafen der Hauptstadt Caracas. Unweit des Epizentrums leben Hunderttausende Menschen. Es werden Opfer befürchtet.,Victims feared: Significant damage after two strong earthquakes in Venezuela. Videos show damage to buildings and the airport in the capital Caracas. Hundreds of thousands of people live not far from the epicenter. Victims are feared.,Victimae timuerunt: Insigne damnum post duos motus validos in Venetiola. Videos damna aedificiis et aeriportum in capitali Caracas ostendere. Centum milia hominum non longe ab epicente vivunt. Victimae timentur.,2026-06-30 08:43:18+00:00
d930a67825fac2c4e6096f50f39b6733,2026-06-25T03:50:07Z,'Erdbeben Schäden',www.stern.de,de,0.9,Schwere Schäden und Panik durch Doppel-Erdbeben in Venezuela - Notstand ausgerufen,"Venezuela ist innerhalb von einer Minute von zwei heftigen Erdbeben erschüttert worden, die Häuser zum Einstürzen brachten und vielerorts Panik auslösten. Unter anderem wurde der internationale Flughafen von Caracas so schwer beschädigt, dass er geschlossen w…",https://www.stern.de/news/schwere-schaeden-und-panik-durch-doppel-erdbeben-in-venezuela---notstand-ausgerufen-37598512.html,https://image.stern.de/37599224/t/g6/v1/w1440/r1.7778/-/25--zusammengestuerztes-haus-in-caracas---bdbdaaa5bbcc5c11.jpg,http://web.archive.org/web/20260626015639/https://www.stern.de/news/schwere-schaeden-und-panik-durch-doppel-erdbeben-in-venezuela---notstand-ausgerufen-37598512.html,"Kopiere den aktuellen Link
Zur Merkliste hinzufügen
Venezuela ist innerhalb von einer Minute von zwei heftigen Erdbeben erschüttert worden, die Häuser zum Einstürzen brachten und vielerorts Panik a… [+2339 chars]",,"Schwere Schäden und Panik durch Doppel-Erdbeben in Venezuela - Notstand ausgerufen. Venezuela ist innerhalb von einer Minute von zwei heftigen Erdbeben erschüttert worden, die Häuser zum Einstürzen brachten und vielerorts Panik auslösten. Unter anderem wurde der internationale Flughafen von Caracas so schwer beschädigt, dass er geschlossen w…","Serious damage and panic caused by double earthquakes in Venezuela - state of emergency declared. Venezuela has been rocked by two powerful earthquakes within a minute, causing houses to collapse and causing panic in many places. Among other things, Caracas International Airport was so badly damaged that it was closed...","Grave damnum et terrore per duplices terrae motus in Venezuela - status tumultus declaratus est. Venezuela a duobus terrae motibus validis intra minutum agitata est, ut domos concidere et in multis locis terrorem facere. Inter alia, Caracas Airport Internationalis tam male laesa est ut clausa esset.",2026-06-30 08:43:18+00:00
683c5827288a7ed47cf9884ffa9cba8a,2026-06-25T07:11:00Z,'Erdbeben',www.dw.com,de,0.9,Mindestens 30 Tote: Erdbeben erschüttern Venezuela,"Zwei Beben innerhalb von wenigen Sekunden: Viele Gebäude in Venezuela sind eingestürzt. Helfer suchen nach Verschütteten. Es wird befürchtet, dass die Opferzahl steigt.",https://www.dw.com/de/venezuela-erdbeben-caracas-epizentrum-delcy-rodr%C3%ADguez/a-77701528,https://static.dw.com/image/77700137_6.jpg,http://web.archive.org/web/20260625181842/https://www.dw.com/de/venezuela-erdbeben-caracas-epizentrum-delcy-rodr%C3%ADguez/a-77701528,Bei zwei Erdbeben in Venezuela sind ersten Erkenntnissen zufolge mindestens 32 Menschen ums Leben gekommen und rund 700 weitere verletzt worden. Das sagte die geschäftsführende Präsidentin Delcy Rodr… [+2461 chars],,"Mindestens 30 Tote: Erdbeben erschüttern Venezuela. Zwei Beben innerhalb von wenigen Sekunden: Viele Gebäude in Venezuela sind eingestürzt. Helfer suchen nach Verschütteten. Es wird befürchtet, dass die Opferzahl steigt.",At least 30 dead: earthquake shakes Venezuela. Two earthquakes within a few seconds: Many buildings in Venezuela have collapsed. Helpers are looking for buried people. It is feared that the number of victims is increasing.,Saltem XXX mortuus est: terrae motus Venezuela commovet. Duo terrae motus intra brevi tempore: Multa aedificia in Venetiola corruerunt. Adjutores quaerunt populum sepultum. Timetur ne numerus victimarum crescat.,2026-06-30 08:43:18+00:00
071dffa7fbf33f84abe817adf3c9f9ee,2026-06-25T08:08:10Z,'Erdbeben Verletzte',www.zeit.de,de,0.9,Venezuala: Was über die Erdbeben in Venezuela bekannt ist,"Zwei schwere Erdbeben haben den Nordwesten Venezuelas erschüttert. Häuser liegen in Trümmern, die Behörden rechnen mit Tausenden Toten und Verletzten. Ein Überblick",https://www.zeit.de/gesellschaft/zeitgeschehen/2026-06/venezuela-erdbeben-tote-staerke-verletzte-faq,https://img.zeit.de/gesellschaft/zeitgeschehen/2026-06/venezuela-declares-state-of-emergency-after-twin-earthquakes-bild/wide__1300x731,http://web.archive.org/web/20260625203354/https://www.zeit.de/gesellschaft/zeitgeschehen/2026-06/venezuela-erdbeben-tote-staerke-verletzte-faq,"Die Beben gehören zu den stärksten, die Venezuela seit mehr als einem 
Jahrhundert getroffen haben. Die US-Erdbebenwarte USGS gab die Stärke mit 7,2 und 7,5 an. 
Das erste Beben ereignete sich demn… [+580 chars]",,"Venezuala: Was über die Erdbeben in Venezuela bekannt ist. Zwei schwere Erdbeben haben den Nordwesten Venezuelas erschüttert. Häuser liegen in Trümmern, die Behörden rechnen mit Tausenden Toten und Verletzten. Ein Überblick",Venezuela: What is known about the earthquakes in Venezuela. Two severe earthquakes have shaken northwestern Venezuela. Houses are in ruins and the authorities expect thousands of dead and injured. An overview,Venezuela: Quae nota de terrae motibus in Venetiola. Duo terrae motus graves Veneti inter septentrionalem plagam concusserunt. Domus ruinae sunt et potestates milia mortuorum et laesa exspectant. Overview,2026-06-30 08:43:18+00:00
2a10662466414a959c7a1f3954e4a3cb,2026-06-25T09:22:50Z,'Erdbeben',www.stern.de,de,0.9,Schwere Erdbeben erschüttern Venezuela - Große Schäden und mindestens 32 Todesopfer,"Innerhalb einer Minute haben zwei schwere Erdbeben Venezuela erschüttert und mindestens 32 Menschen das Leben gekostet. Mehr als 700 Menschen wurden nach Angaben von Übergangspräsidentin Delcy Rodríguez verletzt, zahlreiche Gebäude stürzten ein oder wurden sc…",https://www.stern.de/news/schwere-erdbeben-erschuettern-venezuela---grosse-schaeden-und-mindestens-32-todesopfer-37599438.html,https://image.stern.de/37600910/t/d8/v1/w1440/r1.7778/-/25--helfer-fuehren-eine-verletzte-aus-den-truemmern---023b9972e2d96d86.jpg,,"Kopiere den aktuellen Link
Zur Merkliste hinzufügen
Innerhalb einer Minute haben zwei schwere Erdbeben Venezuela erschüttert und mindestens 32 Menschen das Leben gekostet. Mehr als 700 Menschen wur… [+3252 chars]",,"Schwere Erdbeben erschüttern Venezuela - Große Schäden und mindestens 32 Todesopfer. Innerhalb einer Minute haben zwei schwere Erdbeben Venezuela erschüttert und mindestens 32 Menschen das Leben gekostet. Mehr als 700 Menschen wurden nach Angaben von Übergangspräsidentin Delcy Rodríguez verletzt, zahlreiche Gebäude stürzten ein oder wurden sc…","Severe earthquakes shake Venezuela - major damage and at least 32 deaths. Within a minute, two powerful earthquakes struck Venezuela, killing at least 32 people. According to interim President Delcy Rodríguez, more than 700 people were injured and numerous buildings collapsed or were damaged.","Gravis terrae motus Venetiola - maiorem damna et saltem 32 mortes concutiunt. Intra momento, duo potentes terrae motus Venezuela percusserunt, saltem XXXII homines occiderunt. Secundum praesidem interim Delcy Rodríguez plus quam 700 homines laesi sunt et multa aedificia corruerunt vel laesa sunt.",2026-06-30 08:43:18+00:00
e85b4a939f81aa54a6c3f16df485154a,2026-06-25T09:35:05Z,'Erdbeben',www.tagesspiegel.de,de,0.9,Naturkatastrophe: „Es war fürchterlich“ - Angst und Zerstörung in Venezuela,Nach den schweren Erdbeben kommen aus Venezuela schlimme Bilder. Das Ausmaß der Katastrophe ist längst nicht absehbar - auch die Regierung bittet Gott um Beistand.,https://www.tagesspiegel.de/gesellschaft/panorama/naturkatastrophe-es-war-furchterlich-angst-und-zerstorung-in-venezuela-15756398.html,https://www.tagesspiegel.de/images/15757620/alternates/BASE_16_9_W1400/1782387973000/erdbeben-in-venezuela.jpeg,http://web.archive.org/web/20260626074156/https://www.tagesspiegel.de/gesellschaft/panorama/naturkatastrophe-es-war-furchterlich-angst-und-zerstorung-in-venezuela-15756398.html,"Ein lautes Krachen, schreiende Menschen, dann eine große Staubwolke: Die Videos aus dem Terminal des internationalen Flughafens unweit von Caracas lassen nur vermuten, wie stark die Erdstöße waren, d… [+3544 chars]",,Naturkatastrophe: „Es war fürchterlich“ - Angst und Zerstörung in Venezuela. Nach den schweren Erdbeben kommen aus Venezuela schlimme Bilder. Das Ausmaß der Katastrophe ist längst nicht absehbar - auch die Regierung bittet Gott um Beistand.,"Natural disaster: “It was terrible” - fear and destruction in Venezuela. After the severe earthquakes, terrible pictures are coming from Venezuela. The extent of the catastrophe is far from being foreseeable - the government is also asking God for help.","Naturalis clades: ""Terribilis"" - timor et interitus in Venetiola. Post graves terrae motus terribiles imagines Venezuela oriuntur. Ambitus calamitatis longe abest ut praevideri possit - imperium etiam auxilium a Deo petit.",2026-06-30 08:43:18+00:00
58668526536944bebde46fe670a8afec,2026-06-26T08:07:00Z,'Erdbeben',www.dw.com,de,0.9,Tote und Verletzte in Venezuela: Wie entstehen Erdbeben?,Zwei Erdbeben haben kurz hintereinander Venezuela erschüttert. Wodurch entsteht das heftige Beben in dem Land oder in anderen Risiko-Gebieten? Die wichtigsten Fragen und Antworten im Überblick.,https://www.dw.com/de/tote-und-verletzte-in-venezuela-wie-entstehen-erdbeben/a-66765542,https://static.dw.com/image/77702561_6.jpg,http://web.archive.org/web/20260627031421/https://www.dw.com/de/tote-und-verletzte-in-venezuela-wie-entstehen-erdbeben/a-66765542,"Zwei Beben der Stärken 7,2 und 7,5 auf der Richterskala haben das südamerikanische Land erschüttert. Viele Menschen starben, hunderte wurden teils schwer verletzt.
Erdbeben sind in vielen Regionen k… [+2807 chars]",,Tote und Verletzte in Venezuela: Wie entstehen Erdbeben?. Zwei Erdbeben haben kurz hintereinander Venezuela erschüttert. Wodurch entsteht das heftige Beben in dem Land oder in anderen Risiko-Gebieten? Die wichtigsten Fragen und Antworten im Überblick.,Dead and injured in Venezuela: How do earthquakes occur? Two earthquakes struck Venezuela in quick succession. What causes the violent earthquake in the country or in other risk areas? The most important questions and answers at a glance.,Mortuus et vulneratus in Venetiola: Quomodo terrae motus fiunt? Duo terrae motus Venezuela in celeri successu percussit. Quid facit motus violenti in regione vel in aliis locis periculum? Praecipuae interrogationes et responsiones in aspectu.,2026-06-30 08:43:18+00:00
5a3be682e857ebea4912a939a6dc7764,2026-06-25T10:16:06Z,'Erdbeben',www.welt.de,de,0.9,Warum erschütterte das Erdbeben Venezuela so heftig?,In Venezuela bebte die Erde so stark wie seit 125 Jahren nicht mehr. Was löste das Beben aus? Warum sind die Schäden in Caracas so groß? Ist auch Deutschland gefährdet? Die wichtigsten Fragen und Antworten.,https://www.welt.de/wissenschaft/article6a3ce60cafe845031b3ad8dd/erdbeben-in-venezuela-warum-das-beben-derart-verheerend-war.html,https://images.welt.de/6a3ce60cafe845031b3ad8dd/ebd52d11ba13d8a882ce7115b8fbad73/ci16x9-w1200/1782371734796-afp-b8973qm-jpg,http://web.archive.org/web/20260626085758/https://www.welt.de/wissenschaft/article6a3ce60cafe845031b3ad8dd/erdbeben-in-venezuela-warum-das-beben-derart-verheerend-war.html,In Venezuela bebte die Erde so stark wie seit 125 Jahren nicht mehr. Was löste das Beben aus? Warum sind die Schäden in Caracas so groß? Ist auch Deutschland gefährdet? Die wichtigsten Fragen und Ant… [+5093 chars],,Warum erschütterte das Erdbeben Venezuela so heftig?. In Venezuela bebte die Erde so stark wie seit 125 Jahren nicht mehr. Was löste das Beben aus? Warum sind die Schäden in Caracas so groß? Ist auch Deutschland gefährdet? Die wichtigsten Fragen und Antworten.,Why did the earthquake shake Venezuela so violently? The earthquake in Venezuela was stronger than it has been in 125 years. What caused the quake? Why is the damage in Caracas so extensive? Is Germany also at risk? The most important questions and answers.,Cur terrae motus Venezuelam tam violenter concussit? Terrae motus in Venetiola validior fuit quam in 125 annis fuit. Quid fecit motus? Cur in Caracae tam amplum damnum? Estne Germania etiam in periculo? Praecipuae quaestiones et responsa.,2026-06-30 16:38:26+00:00
0008eb6294b8b1259b48d54213806cd6,2026-06-26T15:57:21Z,'Erdbeben',www.faz.net,de,0.9,Erdbeben in Venezuela: Nur das Adrenalin hält die Tränen zurück,"Als die Erde in Venezuela bebt, befindet sich unser Korrespondent in Caracas. Er kann sich in Sicherheit bringen – und erlebt, wie die Menschen beginnen, in den Trümmern nach Angehörigen zu suchen.",https://www.faz.net/aktuell/gesellschaft/ungluecke/venezuela-so-hat-unser-autor-das-erdbeben-in-caracas-erlebt-200969180.html,https://media0.faz.net/image/w1200h627/b5aefe0e012d/w5904h3084x0y426o/202606/43601.0.2264786471/bach-dem-erdschock.webp,http://web.archive.org/web/20260626213157/https://www.faz.net/aktuell/gesellschaft/ungluecke/venezuela-so-hat-unser-autor-das-erdbeben-in-caracas-erlebt-200969180.html,"Es braucht einen Moment, bis man begreift, was gerade passiert. Im Fernsehen draußen an der Hotelbar ertönt gerade der Anpfiff des Spiels zwischen Brasilien und Schottland. Der Barkeeper stellt ein k… [+6299 chars]",,"Erdbeben in Venezuela: Nur das Adrenalin hält die Tränen zurück. Als die Erde in Venezuela bebt, befindet sich unser Korrespondent in Caracas. Er kann sich in Sicherheit bringen – und erlebt, wie die Menschen beginnen, in den Trümmern nach Angehörigen zu suchen.","Earthquake in Venezuela: Only the adrenaline holds back the tears. When the earth shakes in Venezuela, our correspondent is in Caracas. He is able to get to safety - and sees how people begin to look for relatives in the rubble.","Terrae motus in Venezuela: Solus adrenaline lacrimas tenet. Cum terra in Venetiola quatitur, correspondens noster est in Caracas. Valet ad salutem — et videt quomodo homines in caemento quaerere incipiant cognatos.",2026-06-30 16:38:26+00:00
ba29b16339747d808548ac5f11d62ad4,2026-06-25T12:48:23Z,'Erdbeben Plattengrenze',www.nzz.ch,de,0.9,"Venezuela liegt an einer tektonischen Plattengrenze. Aussergewöhnlich ist nicht das Erdbeben an sich, sondern seine Stärke – und dass es im Doppelpack auftrat",Zwei starke Erdbeben in grosser räumlicher und zeitlicher Nähe zueinander: In ersten Einschätzungen sprechen Geologen von einer sogenannten Erdbebendublette. Es ist nicht das stärkste je in Venezuela gemessene Erdbeben – doch die Schäden sind viel grösser als…,https://www.nzz.ch/wissenschaft/erdbeben-in-venezuela-so-ist-es-geologisch-und-tektonisch-entstand-ld.10012940,"https://img-msp-prod.nzz.ch/2026/06/25/bc96b580-6c0b-46c0-8d7d-5097c82c3471.jpg?width=1200&height=675&fit=bounds&quality=75&auto=webp&crop=6000,3375,x0,y313&wmark=nzz",,Zwei starke Erdbeben in grosser räumlicher und zeitlicher Nähe zueinander: In ersten Einschätzungen sprechen Geologen von einer sogenannten Erdbebendublette. Es ist nicht das stärkste je in Venezuela… [+5141 chars],,"Venezuela liegt an einer tektonischen Plattengrenze. Aussergewöhnlich ist nicht das Erdbeben an sich, sondern seine Stärke – und dass es im Doppelpack auftrat. Zwei starke Erdbeben in grosser räumlicher und zeitlicher Nähe zueinander: In ersten Einschätzungen sprechen Geologen von einer sogenannten Erdbebendublette. Es ist nicht das stärkste je in Venezuela gemessene Erdbeben – doch die Schäden sind viel grösser als…","Venezuela lies on a tectonic plate boundary. What is extraordinary is not the earthquake itself, but rather its strength - and the fact that it occurred in a double pack. Two strong earthquakes in close spatial and temporal proximity to each other: In initial assessments, geologists speak of a so-called earthquake doublet. It is not the strongest earthquake ever recorded in Venezuela - but the damage is much greater than...","Venezuela in limite laminae tectonicae iacet. Insuetum est non ipse terrae motus, sed vis eius — et quod factum est in duplici sarcina. Duo terrae motus validi in propinquitate locali et temporaria inter se: In censibus initialibus geologi de duplicato terrae motu sic dicto loquuntur. Fortissimus terrae motus non umquam in Venezuela memoratur - sed damnum multo maius est quam...",2026-07-01 01:54:00+00:00
36e9854db29600cf88e6c71f4e81e01d,2026-06-26T14:08:23Z,'Erdbeben Tote',www.tagesschau.de,de,0.9,Zahl der Todesopfer in Venezuela steigt auf 589 - viele Vermisste,589 Tote sind nach den verheerenden Erdbeben in Venezuela geborgen worden. Tausende werden noch vermisst. Für die Suche nach ihnen trifft immer mehr internationale Hilfe ein - auch aus Deutschland.,https://www.tagesschau.de/ausland/amerika/erdbeben-venezuela-tote-vermisste-100.html,https://images.tagesschau.de/image/0d9b1412-3843-40c8-bbbb-2cfa5f3c0707/AAABnwQaVwk/AAABnSSvrFg/16x9-big/venezuela-erdbeben-132.jpg?width=1280,http://web.archive.org/web/20260627015010/https://www.tagesschau.de/ausland/amerika/erdbeben-venezuela-tote-vermisste-100.html,"Stand: 26.06.2026 16:08 Uhr
589 Tote sind nach den verheerenden Erdbeben in Venezuela geborgen worden. Tausende werden noch vermisst. Für die Suche nach ihnen trifft immer mehr internationale Hilfe … [+4264 chars]",,Zahl der Todesopfer in Venezuela steigt auf 589 - viele Vermisste. 589 Tote sind nach den verheerenden Erdbeben in Venezuela geborgen worden. Tausende werden noch vermisst. Für die Suche nach ihnen trifft immer mehr internationale Hilfe ein - auch aus Deutschland.,Death toll in Venezuela rises to 589 - many missing. 589 dead have been recovered after the devastating earthquakes in Venezuela. Thousands are still missing. More and more international help is arriving in the search for them - including from Germany.,Mortuus theloneo in Venetiola ortus est 589 - plures desunt. 589 mortui recuperati sunt post vastationes terrae motus in Venezuela. Millia desunt. Plus magisque internationale auxilium in quaerendo - ab Germania possidet.,2026-07-02 01:34:55+00:00
3b05b5dabc699ea187115219d29c185e,2026-06-26T17:48:54Z,'Erdbeben',www.stern.de,de,0.9,UNO: Über 50.000 Vermisste nach Erdbeben in Venezuela - Helfer aus dem Ausland gelandet,"Mindestens 920 Tote und mehr als 50.000 Vermisste: Nach dem verheerenden Doppel-Erdbeben in Venezuela sei „die Suche in den Trümmern“ der eingestürzten Häuser eine „kolossale Aufgabe“, sagte der UN-Nothilfekoordinator Tom Fletcher am Freitag der Nachrichtenag…",https://www.stern.de/news/uno--ueber-50-000-vermisste-nach-erdbeben-in-venezuela---helfer-aus-dem-ausland-gelandet-37608792.html,https://image.stern.de/37610180/t/Ia/v1/w1440/r1.7778/-/26--stark-beschaedigtes-gebaeude-in-catia-la-mar---5a22a548349cc7ba.jpg,,"Kopiere den aktuellen Link
Zur Merkliste hinzufügen
Mindestens 920 Tote und mehr als 50.000 Vermisste: Nach dem verheerenden Doppel-Erdbeben in Venezuela sei die Suche in den Trümmern der eingestür… [+4342 chars]",,"UNO: Über 50.000 Vermisste nach Erdbeben in Venezuela - Helfer aus dem Ausland gelandet. Mindestens 920 Tote und mehr als 50.000 Vermisste: Nach dem verheerenden Doppel-Erdbeben in Venezuela sei „die Suche in den Trümmern“ der eingestürzten Häuser eine „kolossale Aufgabe“, sagte der UN-Nothilfekoordinator Tom Fletcher am Freitag der Nachrichtenag…","UN: Over 50,000 missing after earthquake in Venezuela - helpers from abroad landed. At least 920 dead and more than 50,000 missing: After the devastating double earthquake in Venezuela, “searching through the rubble” of the collapsed houses is a “colossal task,” UN emergency relief coordinator Tom Fletcher told the news agency on Friday…","UN: Plus 50.000 absentis terrae motus in Venezuela - auxiliatores peregre appulerunt. Saltem 920 mortuus est et plus quam 50.000 periit: Post duplicem terrae motum in Venezuelae devastando, ""per rudera"" domorum collapsarum inquisitio est ""opus colossale"", IR subitis subsidio coordinatoris Tom Fletcher nuntium procurationis die Veneris nuntiavit...",2026-07-02 01:34:55+00:00
b5021f922ac77c809fcd7ac8474a4888,2026-06-27T08:47:39Z,'Erdbeben Überlebende',www.faz.net,de,0.9,"Erdbeben in Venezuela: „Keiner weiß, ob und wann er Hilfe bekommt“","Catia del Mar an der Karibikküste wurde von den Erdbeben stark getroffen. Überlebende plündern Läden, um an Lebensmittel zu kommen. Denn sie warten verzweifelt auf staatliche Hilfen.",https://www.faz.net/aktuell/gesellschaft/ungluecke/venezuela-so-ist-die-situation-an-der-karibikkueste-nach-dem-erdbeben-accg-200974113.html,https://media0.faz.net/image/w1200h627/caf4080e27d0/w3470h1813x0y395o/202606/43601.0.2268904719/junge-maenner-suchen-in-einer.webp,http://web.archive.org/web/20260628034050/https://www.faz.net/aktuell/gesellschaft/ungluecke/venezuela-so-ist-die-situation-an-der-karibikkueste-nach-dem-erdbeben-accg-200974113.html,"An der venezolanischen Karibikküste herrscht Chaos. Auf der Hauptstraße von Catia del Mar versucht eine Gruppe, in einen Lebensmittelladen zu gelangen. Kaum ist das Metalltor aufgebrochen, drängt die… [+6110 chars]",,"Erdbeben in Venezuela: „Keiner weiß, ob und wann er Hilfe bekommt“. Catia del Mar an der Karibikküste wurde von den Erdbeben stark getroffen. Überlebende plündern Läden, um an Lebensmittel zu kommen. Denn sie warten verzweifelt auf staatliche Hilfen.",Earthquake in Venezuela: “Nobody knows if and when they will get help”. Catia del Mar on the Caribbean coast was hit hard by the earthquakes. Survivors loot stores to get food. Because they are desperately waiting for government help.,"Terrae motus in Venezuela: ""Nemo scit si et quando auxilium habebunt"". Catia del Mar in ora Caribbeana terrae motu duris est percussa. Superstites spoliis thesauris ut cibum capiant. Propter auxilium imperium maxime exspectabant.",2026-07-02 01:34:55+00:00
6d617015ebd07c706dc8bc966505503e,2026-06-27T11:25:54Z,'Erdbeben',www.stern.de,de,0.9,Erdbebenkatastrophe: Venezuela: Retter nähern sich singend den Verschütteten,Nach den schweren Erdbeben in Venezuela suchen Helfer und Anwohner nach Verschütteten – oft ohne ausreichendes Werkzeug. Ein Weihnachtslied spendet Trost und Hoffnung inmitten der Trümmer.,https://www.stern.de/panorama/erdbebenkatastrophe--venezuela--retter-naehern-sich-singend-den-verschuetteten-37612580.html,https://image.stern.de/37612582/t/uI/v1/w1440/r1.7778/-/27--orbsgr24gbv6axs2048jpeg---3b42f4f83b99df79.jpg,,"Kopiere den aktuellen Link
Zur Merkliste hinzufügen
Nach den schweren Erdbeben in Venezuela suchen Helfer und Anwohner nach Verschütteten oft ohne ausreichendes Werkzeug. Ein Weihnachtslied spendet… [+1704 chars]",,Erdbebenkatastrophe: Venezuela: Retter nähern sich singend den Verschütteten. Nach den schweren Erdbeben in Venezuela suchen Helfer und Anwohner nach Verschütteten – oft ohne ausreichendes Werkzeug. Ein Weihnachtslied spendet Trost und Hoffnung inmitten der Trümmer.,"Earthquake disaster: Venezuela: rescuers approach the buried victims while singing. After the severe earthquakes in Venezuela, helpers and residents are searching for those buried - often without sufficient tools. A Christmas carol provides comfort and hope amidst the rubble.","Terrae motus clades: Venezuela: servatores adeunt victimas sepultas cantu. Post graves terrae motus in Venezuela, adiutores et incolas sepultos quaerunt, saepe sine instrumentis satis. In caementis natalicium carol solatium et spem praebet.",2026-07-02 01:34:55+00:00
87b272f9e957cd83fe6cc46c9334167f,2026-06-27T13:46:30Z,'Erdbeben verschüttet',www.stern.de,de,0.9,Hilfe nach Erdbeben: THW-Team in Caracas eingetroffen - Helfer für Venezuela,"Zwei starke Erdbeben haben Venezuela schwer getroffen, 920 Menschen kamen ums Leben, viele sind verschüttet. Aus Deutschland ist ein Team des THW angekommen und startet einen Wettlauf gegen die Zeit.",https://www.stern.de/gesellschaft/regional/nordrhein-westfalen/hilfe-nach-erdbeben--thw-team-in-caracas-eingetroffen---helfer-fuer-venezuela-37613000.html,https://image.stern.de/37613002/t/bg/v1/w1440/r1.7778/-/27--srsyslroq5v6axs2048jpeg---fee0e1f956e27cc1.jpg,http://web.archive.org/web/20260628025438/https://www.stern.de/gesellschaft/regional/nordrhein-westfalen/hilfe-nach-erdbeben--thw-team-in-caracas-eingetroffen---helfer-fuer-venezuela-37613000.html,"Kopiere den aktuellen Link
Zur Merkliste hinzufügen
Zwei starke Erdbeben haben Venezuela schwer getroffen, 920 Menschen kamen ums Leben, viele sind verschüttet. Aus Deutschland ist ein Team des THW… [+1611 chars]",,"Hilfe nach Erdbeben: THW-Team in Caracas eingetroffen - Helfer für Venezuela. Zwei starke Erdbeben haben Venezuela schwer getroffen, 920 Menschen kamen ums Leben, viele sind verschüttet. Aus Deutschland ist ein Team des THW angekommen und startet einen Wettlauf gegen die Zeit.","Help after earthquake: THW team arrived in Caracas - helpers for Venezuela. Two strong earthquakes hit Venezuela hard, killing 920 people and leaving many buried. A THW team has arrived from Germany and is starting a race against time.","Subsidia post terrae motum: THW turma in Caracas advenit - adiutores in Venetiola. Duo terrae motus fortes percusserunt Venezuelam duram, occisionem DCCCCXX hominum et relinquentes multos sepelierunt. Turma THW e Germania advenit et genus contra tempus incipit.",2026-07-02 01:34:55+00:00
17f13c06967ec8fef23f636722f57a39,2026-06-27T13:46:30Z,'Erdbeben Überlebende',www.zeit.de,de,0.9,Hilfe nach Erdbeben: THW-Team in Caracas eingetroffen - Helfer für Venezuela,Hier finden Sie Informationen zu dem Thema „Hilfe nach Erdbeben“. Lesen Sie jetzt „THW-Team in Caracas eingetroffen - Helfer für Venezuela“.,https://www.zeit.de/news/2026-06/27/thw-team-in-caracas-eingetroffen-helfer-fuer-venezuela,https://img.zeit.de/news/2026-06/27/thw-team-in-caracas-eingetroffen-helfer-fuer-venezuela-image-group/wide__1300x731,http://web.archive.org/web/20260628043214/https://www.zeit.de/news/2026-06/27/thw-team-in-caracas-eingetroffen-helfer-fuer-venezuela,Nach dem tödlichen Erdbeben in Venezuela ist ein 48-köpfiges Team des Technischen Hilfswerks (THW) in der Nacht zu Samstag am Flughafen Caracas eingetroffen. Die Einsatzkräfte der Schnell-Einsatz-Ein… [+1400 chars],,Hilfe nach Erdbeben: THW-Team in Caracas eingetroffen - Helfer für Venezuela. Hier finden Sie Informationen zu dem Thema „Hilfe nach Erdbeben“. Lesen Sie jetzt „THW-Team in Caracas eingetroffen - Helfer für Venezuela“.,Help after earthquake: THW team arrived in Caracas - helpers for Venezuela. Here you will find information on the topic of “Help after earthquakes”. Now read “THW team arrived in Caracas - helpers for Venezuela”.,"Subsidia post terrae motum: THW turma in Caracas advenit - adiutores in Venetiola. Hic informationes invenies in argumento ""Auxilium post terrae motus"". Nunc legitur ""THW turma in Caracas - adiutores in Venetiola"".",2026-07-02 01:34:55+00:00
b8958a1399d99f33521e735d55d87a0e,2026-06-27T17:55:34Z,'Erdbeben',www.welt.de,de,0.9,Zahl der Toten steigt auf über 1400 – Baby nach 32 Stunden lebend aus Trümmern gerettet,Nach den verheerenden Erdbeben in Venezuela ist die Opferzahl auf mehr als 1400 gestiegen. Dank internationaler Rettungsteams hat sich die Suche nach Überlebenden im Schutt beschleunigt. Ein Baby konnte lebend aus den Trümmern gerettet werden.,https://www.welt.de/politik/ausland/article6a4008ddafe845031b3b08a0/erdbeben-in-venezuela-zahl-der-toten-steigt-auf-ueber-1400-baby-nach-32-stunden-lebend-aus-truemmern-gerettet.html,https://images.welt.de/6a4008ddafe845031b3b08a0/9c40544659067f891ff7c67a30142230-master/ci16x9-w1200/dpa-com-260627-99-882017-jpg,http://web.archive.org/web/20260628045417/https://www.welt.de/politik/ausland/article6a4008ddafe845031b3b08a0/erdbeben-in-venezuela-zahl-der-toten-steigt-auf-ueber-1400-baby-nach-32-stunden-lebend-aus-truemmern-gerettet.html,Nach den verheerenden Erdbeben in Venezuela ist die Opferzahl auf mehr als 1400 gestiegen. Dank internationaler Rettungsteams hat sich die Suche nach Überlebenden im Schutt beschleunigt. Ein Baby kon… [+3696 chars],,Zahl der Toten steigt auf über 1400 – Baby nach 32 Stunden lebend aus Trümmern gerettet. Nach den verheerenden Erdbeben in Venezuela ist die Opferzahl auf mehr als 1400 gestiegen. Dank internationaler Rettungsteams hat sich die Suche nach Überlebenden im Schutt beschleunigt. Ein Baby konnte lebend aus den Trümmern gerettet werden.,"Death toll rises to over 1,400 - baby rescued alive from rubble after 32 hours. After the devastating earthquakes in Venezuela, the number of victims has risen to more than 1,400. Thanks to international rescue teams, the search for survivors in the rubble has accelerated. A baby was rescued alive from the rubble.","Mortuus vectigal ascendit super 1,400 - infans vivus e ruderibus servatus post 32 horas. Post terrae motus in Venezuela vastato numerus victimarum ad plus mille 400 orta est. Per iunctos liberandos internationales quaesitio superstitum in ruderibus acceleravit. Infans vivus e ruderibus ereptus est.",2026-07-02 01:34:55+00:00
eacdfc068b2f0ba87b1e81d9039287b4,2026-06-27T18:37:33Z,'Erdbeben',www.tagesschau.de,de,0.9,Zahl der Toten nach Erdbeben in Venezuela weiter gestiegen,Nach den Erdbeben in Venezuela sprechen die Behörden von mehr als 1.400 Toten. Noch immer werden Zehntausende Menschen vermisst. Viele sind obdachlos. Die Suche nach Überlebenden geht weiter - doch die Hoffnung schwindet.,https://www.tagesschau.de/ausland/amerika/venezuela-erdbeben-134.html,https://images.tagesschau.de/image/ddc74e16-53ce-4c45-86e6-9d6d965f578b/AAABnwo6LY8/AAABnSSvrFg/16x9-big/venezuela-caraballeda-100.jpg?width=1280,http://web.archive.org/web/20260627221911/https://www.tagesschau.de/ausland/amerika/venezuela-erdbeben-134.html,"Stand: 27.06.2026 20:37 Uhr
Nach den Erdbeben in Venezuela sprechen die Behörden von mehr als 1.400 Toten. Noch immer werden Zehntausende Menschen vermisst. Viele sind obdachlos. Die Suche nach Über… [+3224 chars]",,Zahl der Toten nach Erdbeben in Venezuela weiter gestiegen. Nach den Erdbeben in Venezuela sprechen die Behörden von mehr als 1.400 Toten. Noch immer werden Zehntausende Menschen vermisst. Viele sind obdachlos. Die Suche nach Überlebenden geht weiter - doch die Hoffnung schwindet.,"Death toll continues to rise after earthquake in Venezuela. After the earthquakes in Venezuela, the authorities speak of more than 1,400 deaths. Tens of thousands of people are still missing. Many are homeless. The search for survivors continues - but hope is dwindling.","Theloneum mors post terrae motum in Venezuela oriri pergit. Post terrae motus in Venezuela, auctores plus quam mille 400 mortibus loquuntur. Decem milia hominum adhuc desunt. Multi sunt profugo. Quaeretio pergit — sed spes minuitur.",2026-07-02 01:34:55+00:00
f9e7180a6270bc6465de1278d50061c3,2026-06-28T10:35:35Z,'Erdbeben Verletzte',www.tagesschau.de,de,0.9,Nach dem Erdbeben: Die unermüdlichen Helfer von Venezuela,"Nach den Erdbeben gibt es in Venezuela viel Hilfsbereitschaft - während viele die Abwesenheit der Regierung beklagen. Freiwillige verteilen Lebensmittel, versorgen Verletzte und suchen Überlebende. Von Anne Demmer.",https://www.tagesschau.de/ausland/amerika/venezuela-erdbeben-136.html,https://images.tagesschau.de/image/bdb869e5-a590-45d9-9dcd-7bc3b8b3eec5/AAABnw3MhHs/AAABnSSvrFg/16x9-big/venezuela-1144.jpg?width=1280,,"Stand: 28.06.2026 12:35 Uhr
Nach dem schweren Erdbeben wächst eine Welle der Hilfsbereitschaft, während viele die Abwesenheit der Regierung beklagen. Freiwillige verteilen Lebensmittel, versorgen Ve… [+3787 chars]",,"Nach dem Erdbeben: Die unermüdlichen Helfer von Venezuela. Nach den Erdbeben gibt es in Venezuela viel Hilfsbereitschaft - während viele die Abwesenheit der Regierung beklagen. Freiwillige verteilen Lebensmittel, versorgen Verletzte und suchen Überlebende. Von Anne Demmer.","After the earthquake: The tireless helpers of Venezuela. After the earthquakes, there is a lot of willingness to help in Venezuela - while many complain about the absence of the government. Volunteers distribute food, treat the injured and search for survivors. By Anne Demmer.","Post terrae motum: Indefessa auxiliatores Venetiolae. Post terrae motus multam promptitudinem adiuvandi in Venetiola est - dum multi de absentia imperii queri possunt. Voluntarii cibum distribuunt, laesum tractant et reliquias quaerunt. Apud Annam Demmer.",2026-07-02 01:34:55+00:00
75aa45f855a7eca9ed840d53411853d4,2026-06-28T14:21:38Z,'Erdbeben',www.stern.de,de,0.9,Hilfe nach Erdbeben: THW hat in Venezuela Suche nach Verschütteten begonnen,"Zwei starke Erdbeben haben Venezuela schwer getroffen, mehr als 1.400 Menschen kamen ums Leben, viele sind verschüttet. Aus Deutschland hat ein Team des THW erste Rettungsarbeiten begonnen.",https://www.stern.de/gesellschaft/regional/nordrhein-westfalen/hilfe-nach-erdbeben--thw-hat-in-venezuela-suche-nach-verschuetteten-begonnen-37616672.html,https://image.stern.de/37616674/t/nR/v1/w1440/r1.7778/-/28--m5uplhvsbtv6axs2048jpeg---03df00a9ad01317c.jpg,http://web.archive.org/web/20260629052411/https://www.stern.de/gesellschaft/regional/nordrhein-westfalen/hilfe-nach-erdbeben--thw-hat-in-venezuela-suche-nach-verschuetteten-begonnen-37616672.html,"Kopiere den aktuellen Link
Zur Merkliste hinzufügen
Zwei starke Erdbeben haben Venezuela schwer getroffen, mehr als 1.400 Menschen kamen ums Leben, viele sind verschüttet. Aus Deutschland hat ein T… [+1827 chars]",,"Hilfe nach Erdbeben: THW hat in Venezuela Suche nach Verschütteten begonnen. Zwei starke Erdbeben haben Venezuela schwer getroffen, mehr als 1.400 Menschen kamen ums Leben, viele sind verschüttet. Aus Deutschland hat ein Team des THW erste Rettungsarbeiten begonnen.","Help after earthquake: THW has started searching for buried people in Venezuela. Two strong earthquakes hit Venezuela hard, killing more than 1,400 people and leaving many buried. A THW team from Germany has started the first rescue work.","Auxilium post terrae motum: THW quaesivit homines sepultos in Venetiola. Duo terrae motus validi Venetiolas dura percusserunt, plus quam mille 400 homines occiderunt et multos sepeliverunt relinquentes. Turma THW e Germania primum laborem liberandum incepit.",2026-07-02 01:34:55+00:00
0cb98388c51b4c797a52edf2fae5ab8e,2026-06-28T14:21:38Z,'Erdbeben',www.zeit.de,de,0.9,Hilfe nach Erdbeben: THW hat in Venezuela Suche nach Verschütteten begonnen,Hier finden Sie Informationen zu dem Thema „Hilfe nach Erdbeben“. Lesen Sie jetzt „THW hat in Venezuela Suche nach Verschütteten begonnen“.,https://www.zeit.de/news/2026-06/28/thw-hat-in-venezuela-suche-nach-verschuetteten-begonnen,https://img.zeit.de/news/2026-06/28/thw-hat-in-venezuela-suche-nach-verschuetteten-begonnen-image-group/wide__1300x731,http://web.archive.org/web/20260629012741/https://www.zeit.de/news/2026-06/28/thw-hat-in-venezuela-suche-nach-verschuetteten-begonnen,"Nach dem verheerenden Erdbeben in Venezuela hat ein Team des Technischen Hilfswerks (THW/Bonn) die Suche nach Vermissten begonnen. Die Rettungsarbeiten seien angelaufen, berichtete das THW am Sonntag… [+1623 chars]",,Hilfe nach Erdbeben: THW hat in Venezuela Suche nach Verschütteten begonnen. Hier finden Sie Informationen zu dem Thema „Hilfe nach Erdbeben“. Lesen Sie jetzt „THW hat in Venezuela Suche nach Verschütteten begonnen“.,Help after earthquake: THW has started searching for buried people in Venezuela. Here you will find information on the topic of “Help after earthquakes”. Now read “THW has started searching for buried people in Venezuela”.,"Auxilium post terrae motum: THW quaesivit homines sepultos in Venetiola. Hic informationes invenies in argumento ""Auxilium post terrae motus"". Nunc legitur ""THW quaerere homines sepultos in Venezuela"".",2026-07-02 01:34:55+00:00
efb090b847b3d765f5d28097b758c4de,2026-06-28T18:09:28Z,'Erdbeben Überlebende',www.nzz.ch,de,0.9,Schweizer Retter kämpfen in Venezuela gegen die Zeit – die Regierung spricht von 69 000 Vermissten,Vier Tage nach den schweren Erdbeben sinkt die Hoffnung auf weitere Überlebende. Die Rettungskette Schweiz ist im venezolanischen Gliedstaat La Guaira mit einer Katastrophe historischen Ausmasses konfrontiert.,https://www.nzz.ch/international/schweizer-retter-kaempfen-in-venezuela-gegen-die-zeit-die-regierung-spricht-von-69-000-vermissten-ld.10013262,"https://img-msp-prod.nzz.ch/2026/06/28/4ce5ae20-26dd-446e-afc8-7a1471693784.jpg?width=1200&height=674&fit=bounds&quality=75&auto=webp&crop=6761,3803,x0,y88&wmark=nzz",http://web.archive.org/web/20260629035553/https://www.nzz.ch/international/schweizer-retter-kaempfen-in-venezuela-gegen-die-zeit-die-regierung-spricht-von-69-000-vermissten-ld.10013262,Vier Tage nach den schweren Erdbeben sinkt die Hoffnung auf weitere Überlebende. Die Rettungskette Schweiz ist im venezolanischen Gliedstaat La Guaira mit einer Katastrophe historischen Ausmasses kon… [+5497 chars],,Schweizer Retter kämpfen in Venezuela gegen die Zeit – die Regierung spricht von 69 000 Vermissten. Vier Tage nach den schweren Erdbeben sinkt die Hoffnung auf weitere Überlebende. Die Rettungskette Schweiz ist im venezolanischen Gliedstaat La Guaira mit einer Katastrophe historischen Ausmasses konfrontiert.,"Swiss rescuers are fighting against time in Venezuela - the government speaks of 69,000 missing people. Four days after the severe earthquakes, hope for further survivors is dwindling. The Swiss rescue chain is confronted with a catastrophe of historic proportions in the Venezuelan state of La Guaira.","Helvetii salvatores contra tempus in Venezuela pugnant - imperium de 69,000 hominum absentis loquitur. Quadriduo post graves terrae motus, spes ulteriorum reliquiarum minuitur. Helvetiae catenae liberandae opponuntur calamitati proportionum historicarum in statu Venezuelan La Guaira.",2026-07-02 01:34:55+00:00
115112f64a422bddb4bdd180c9dc4a5b,2026-06-29T00:01:53Z,'Erdbeben Überlebende',www.zeit.de,de,0.9,Erdbeben in Venezuela: Mehrere Kinder werden lebend aus den Trümmern geborgen,Vier Tage nach dem Erdbeben konnten Hilfskräfte mehrere Kinder retten. Aber die Hoffnung auf Überlebende sinkt. Oppositionspolitikerin Machado will nach Venezuela reisen.,https://www.zeit.de/politik/ausland/2026-06/maria-corina-machado-venezuela-nobelpreis-rueckkehr,https://img.zeit.de/politik/ausland/2026-06/maria-corina-machado-venezuela-nobelpreis-rueckkehr-foto-1/wide__1300x731,http://web.archive.org/web/20260630051514/https://www.zeit.de/politik/ausland/2026-06/maria-corina-machado-venezuela-nobelpreis-rueckkehr,"Nach den verheerenden
Erdbeben in Venezuela schwindet die Hoffnung auf weitere
Überlebende. Da das kritische Zeitfenster von 72 Stunden nach
der Katastrophe vom Mittwoch verstrichen ist, sinken Ex… [+3548 chars]",,Erdbeben in Venezuela: Mehrere Kinder werden lebend aus den Trümmern geborgen. Vier Tage nach dem Erdbeben konnten Hilfskräfte mehrere Kinder retten. Aber die Hoffnung auf Überlebende sinkt. Oppositionspolitikerin Machado will nach Venezuela reisen.,"Earthquake in Venezuela: Several children are rescued alive from the rubble. Four days after the earthquake, relief workers were able to save several children. But hope for survivors is dwindling. Opposition politician Machado wants to travel to Venezuela.",Terraemotus in Venezuela: Plures pueri e ruderibus vivi erepti sunt. Quattuor diebus post terrae motum laborantes subsidio complures liberos salvare potuerunt. Spes autem superstites est deminutio. Oppositio Machado politicus in Venezuelam iter facere vult.,2026-07-02 01:34:55+00:00
431d70445093c264a2864b244876e95a,2026-06-29T02:00:09Z,'Erdbeben Überlebende',www.stern.de,de,0.9,Erdbebenkatastrophe: Geruch des Todes breitet sich nach Beben in Venezuela aus,"Die Rettungsarbeiten werden nicht eingestellt, doch die Zeit für die Suche nach Überlebenden läuft aus. Nach den Erdbeben sind viele Familien in Notunterkünften untergebracht.",https://www.stern.de/panorama/erdbebenkatastrophe--geruch-des-todes-breitet-sich-nach-beben-in-venezuela-aus-37617642.html,https://image.stern.de/37617644/t/Z_/v1/w1440/r1.7778/-/29--lu2c7vxfciv7axs2048jpeg---2b6200d0d1373d9d.jpg,http://web.archive.org/web/20260629071515/https://www.stern.de/panorama/erdbebenkatastrophe--geruch-des-todes-breitet-sich-nach-beben-in-venezuela-aus-37617642.html,"Kopiere den aktuellen Link
Zur Merkliste hinzufügen
Die Rettungsarbeiten werden nicht eingestellt, doch die Zeit für die Suche nach Überlebenden läuft aus. Nach den Erdbeben sind viele Familien in … [+4047 chars]",,"Erdbebenkatastrophe: Geruch des Todes breitet sich nach Beben in Venezuela aus. Die Rettungsarbeiten werden nicht eingestellt, doch die Zeit für die Suche nach Überlebenden läuft aus. Nach den Erdbeben sind viele Familien in Notunterkünften untergebracht.","Earthquake disaster: Smell of death spreads after quake in Venezuela. The rescue work does not stop, but time is running out for the search for survivors. After the earthquakes, many families are housed in emergency shelters.","Clades terrae motus: Odor mortis serpit post commotionem in Venezuela. Subvenite opus non cessat, sed tempus breve est ad pervestigationes superstites. Post terrae motus multae familiae in tabernaculis subitis habitant.",2026-07-02 01:34:55+00:00
feda9b4135644aec6bde310b9a85a8bb,2026-06-30T07:14:00Z,'Erdbeben',taz.de,de,0.9,Venezuela nach den Erdbeben: Frust und Verwesungsgeruch,72 Stunden sind die kritische Zeut um unter den beim Erdbeben eingestürzten Häusern noch Überlebende zu finden. Diese Zeit ist nun verstrichen.,https://taz.de/Venezuela-nach-den-Erdbeben/!6191998/,https://taz.de/picture/8579639/1200/41539843.jpeg,http://web.archive.org/web/20260630211643/https://taz.de/Venezuela-nach-den-Erdbeben/!6191998/,72 Stunden sind die kritische Zeut um unter den beim Erdbeben eingestürzten Häusern noch Überlebende zu finden. Diese Zeit ist nun verstrichen. mehr...,,Venezuela nach den Erdbeben: Frust und Verwesungsgeruch. 72 Stunden sind die kritische Zeut um unter den beim Erdbeben eingestürzten Häusern noch Überlebende zu finden. Diese Zeit ist nun verstrichen.,Venezuela after the earthquakes: frustration and the smell of decay. 72 hours is the critical time to find survivors among the houses that collapsed in the earthquake. That time has now passed.,Venezuela post terrae motus: frustratio et odor interitus. 72 horae est tempus criticum ad inveniendum residuum inter domos quae terrae motu conlapsae sunt. id tempus iam praeterit.,2026-07-02 01:34:55+00:00
9e9257cd142dccdc69ab83ebd92b0cca,2026-06-30T08:28:19Z,'Erdbeben Überlebende',www.zeit.de,de,0.9,Nach verheerenden Erdbeben: Retter in Venezuela finden noch immer Überlebende,Hier finden Sie Informationen zu dem Thema „Nach verheerenden Erdbeben“. Lesen Sie jetzt „Retter in Venezuela finden noch immer Überlebende“.,https://www.zeit.de/news/2026-06/30/retter-in-venezuela-finden-noch-immer-ueberlebende,https://img.zeit.de/news/2026-06/30/retter-in-venezuela-finden-noch-immer-ueberlebende-image-group/wide__1300x731,http://web.archive.org/web/20260630095445/https://www.zeit.de/news/2026-06/30/retter-in-venezuela-finden-noch-immer-ueberlebende,Knapp eine Woche nach den verheerenden Erdbeben in Venezuela werden immer noch Menschen lebend gefunden. Salvadorianische Einsatzkräfte erreichten in der Nacht auf Dienstag (Ortszeit) einen 44-Jährig… [+1574 chars],,Nach verheerenden Erdbeben: Retter in Venezuela finden noch immer Überlebende. Hier finden Sie Informationen zu dem Thema „Nach verheerenden Erdbeben“. Lesen Sie jetzt „Retter in Venezuela finden noch immer Überlebende“.,After devastating earthquake: Rescuers in Venezuela are still finding survivors. Here you will find information on the topic “After devastating earthquakes”. Read “Rescuers in Venezuela Still Finding Survivors” now.,"Post terrae motus vastitatem: Rescuers in Venezuela adhuc superstites sunt inventi. Hic informationes invenies in themate “Post vastationes terrae motus”. Legere ""Rescuers in Venezuela Invento Superstites"" nunc.",2026-07-02 01:34:55+00:00
695b1fb9feda8934d681dab969c237ac,2026-06-30T14:44:54Z,'Erdbeben',www.faz.net,de,0.9,Nach dem Erdbeben: Machado will schnell nach Venezuela zurück,"Die Oppositionelle sagt, sie will den Menschen vor Ort nach der Naturkatastrophe beistehen. Der Regierung wirft sie vor, sie nicht ins Land zu lassen.",https://www.faz.net/aktuell/politik/ausland/maria-corina-machado-will-nach-erdbeben-nach-venezuela-zurueck-200983795.html,https://media0.faz.net/image/w1200h627/5938830c13ef/w3200h1672x0y200o/202606/43601.0.2273993676/mar-a-corina-machado-im-april.webp,http://web.archive.org/web/20260630163533/https://www.faz.net/aktuell/politik/ausland/maria-corina-machado-will-nach-erdbeben-nach-venezuela-zurueck-200983795.html,"Die venezolanische Oppositionsführerin María Corina Machado hat angekündigt, möglichst rasch nach Venezuela zurückzukehren, um den Venezolanern bei der Bewältigung der Erdbebenkatastrophe beizustehen… [+3221 chars]",,"Nach dem Erdbeben: Machado will schnell nach Venezuela zurück. Die Oppositionelle sagt, sie will den Menschen vor Ort nach der Naturkatastrophe beistehen. Der Regierung wirft sie vor, sie nicht ins Land zu lassen.",After the earthquake: Machado wants to return to Venezuela quickly. The opposition says she wants to support the local people after the natural disaster. She accuses the government of not letting her into the country.,Post terrae motus: Machado cito Venezuelam redire vult. Oppositio dicit se velle homines locales secundum calamitatem naturalem sustinere. Imperium accusat ne patriam in dimittat.,2026-07-02 01:34:55+00:00
d10e661d9b8366d566eb2a7280a04167,2026-06-30T18:52:24Z,'Erdbeben',www.faz.net,de,0.9,Nach Doppel-Erdbeben: Zahl der Toten in Venezuela steigt auf mehr als 1900,"Nach den verheerenden Erdbeben der Stärke 7,2 und 7,5 fehlt von 10.000 Menschen weiterhin jede Spur. Eine Modellrechnung der US-Erdbebenwarte lässt Schlimmes befürchten.",https://www.faz.net/aktuell/gesellschaft/ungluecke/erdbeben-in-venezuela-die-hoffnung-auf-ueberlebende-schwindet-200985136.html,https://media0.faz.net/image/w1200h627/c719aee66bb5/w6768h3536x0y488o/202606/43601.0.2282162396/ein-helfer-klettert-ueber-die.webp,http://web.archive.org/web/20260630203735/https://www.faz.net/aktuell/gesellschaft/ungluecke/erdbeben-in-venezuela-die-hoffnung-auf-ueberlebende-schwindet-200985136.html,Nach den Erdbeben in Venezuela ist die Zahl der Toten auf mindestens 1943 gestiegen. Das teilte der Präsident der Nationalversammlung Jorge Rodríguez mit. Verletzt wurden demnach mehr als 10.500 Mens… [+1404 chars],,"Nach Doppel-Erdbeben: Zahl der Toten in Venezuela steigt auf mehr als 1900. Nach den verheerenden Erdbeben der Stärke 7,2 und 7,5 fehlt von 10.000 Menschen weiterhin jede Spur. Eine Modellrechnung der US-Erdbebenwarte lässt Schlimmes befürchten.","After double earthquake: Number of deaths in Venezuela rises to more than 1,900. After the devastating earthquakes of magnitude 7.2 and 7.5, there is still no trace of 10,000 people. A model calculation by the US earthquake monitoring station gives rise to fears of the worst.",Post duplicem terrae motum: Numerus funerum in Venezuela ad plus mille 900 oritur. Post vastationes terrae motus magnitudine 7.2 et 7.5 nullum adhuc vestigium 10.000 hominum est. Exemplar calculus ab US terrae motu vigilantia statione terrores pessimorum oritur.,2026-07-02 01:34:55+00:00
8027a745157ca7e2e76869ac9e518f2f,2026-06-30T21:05:22Z,'Erdbeben Überlebende',www.tagesschau.de,de,0.9,Fast 2.000 Tote nach Erdbeben in Venezuela,Knapp eine Woche nach den verheerenden Erdbeben in Venezuela ist die Zahl der Todesopfer auf mindestens 1.943 gestiegen - etwa 10.000 Personen werden noch vermisst. Doch es werden auch weiter Menschen gerettet - zuletzt ein dreijähriger Junge.,https://www.tagesschau.de/ausland/amerika/venezuela-erdbeben-todesopfer-100.html,https://images.tagesschau.de/image/2d37b8f2-6508-4f16-9105-ccc4083ed03a/AAABnxoy-3U/AAABnSSvrFg/16x9-big/venezuela-1158.jpg?width=1280,http://web.archive.org/web/20260701000603/https://www.tagesschau.de/ausland/amerika/venezuela-erdbeben-todesopfer-100.html,"Stand: 30.06.2026 23:05 Uhr
Knapp eine Woche nach den verheerenden Erdbeben in Venezuela ist die Zahl der Todesopfer auf mindestens 1.943 gestiegen - etwa 10.000 Personen werden noch vermisst. Doch … [+1925 chars]",,Fast 2.000 Tote nach Erdbeben in Venezuela. Knapp eine Woche nach den verheerenden Erdbeben in Venezuela ist die Zahl der Todesopfer auf mindestens 1.943 gestiegen - etwa 10.000 Personen werden noch vermisst. Doch es werden auch weiter Menschen gerettet - zuletzt ein dreijähriger Junge.,"Almost 2,000 dead after earthquake in Venezuela. Almost a week after the devastating earthquakes in Venezuela, the death toll has risen to at least 1,943 - around 10,000 people are still missing. But people continue to be rescued - most recently a three-year-old boy.","Fere 2,000 mortui sunt post terrae motum in Venezuela. Fere septimana post vastationes terrae motus in Venezuela, theloneum mortis ortum est ut saltem 1,943 - circiter 10,000 hominum adhuc desint. sed homines pergunt liberari - puer recentissimus trium annorum.",2026-07-02 01:34:55+00:00
083a87d61fe653e9d17bf648577485a1,2026-06-25T16:55:00Z,'Erdbeben',www.morgenpost.de,de,0.9,Venezuela nach dem Doppel-Erdbeben – Augenzeugen aus Caracas,"Zwei schwere Erdbeben erschüttern Venezuela. Augenzeugen aus Caracas berichten. ISAR Germany erklärt, warum jetzt jede Stunde zählt.",https://www.morgenpost.de/podcast/article412392539/venezuela-nach-dem-doppel-erdbeben-augenzeugen-aus-caracas.html,,,"Innerhalb von nur 39 Sekunden erschüttern zwei schwere Erdbeben Venezuela. Wohnhäuser stürzen ein, Menschen werden unter Trümmern verschüttet. Während Rettungskräfte nach Überlebenden suchen, bericht… [+3432 chars]",,"Venezuela nach dem Doppel-Erdbeben – Augenzeugen aus Caracas. Zwei schwere Erdbeben erschüttern Venezuela. Augenzeugen aus Caracas berichten. ISAR Germany erklärt, warum jetzt jede Stunde zählt.",Venezuela after the double earthquake – eyewitnesses from Caracas. Two severe earthquakes hit Venezuela. Eyewitnesses from Caracas report. ISAR Germany explains why every hour counts now.,Venezuela post duplicem terrae motum — testes e Caracas. Duae terrae motus graves Venetiolae percusserunt. Testes de Caracas referunt. ISAR Germaniae ideo singulae horae nunc numerantur.,2026-07-02 08:30:34+00:00
e1b459e1c82769b28923c91e8add0f8b,2026-06-25T19:05:29Z,'Erdbeben',www.sueddeutsche.de,de,0.9,Erdbeben: „Venezuela rutscht von einer Krise in die nächste“,"Zwei Erdbeben erschüttern ein Land, das ohnehin schon am Boden ist. Unter den Trümmern dürften noch Tausende Menschen verschüttet sein. Vor allem in der Küstenregion um La Guaira bieten sich Bilder des Grauens.",https://www.sueddeutsche.de/panorama/venezuela-erdbeben-opfer-hilfe-krise-li.3505343,https://www.sueddeutsche.de/2026/06/25/5586df2b-ac41-4449-96f4-14f8b688c18a.jpg?q=60&fm=webp&width=1200&rect=0%2C167%2C3210%2C1806,,"Juan Maestre weiß schon, dass seine Probleme gering sind im Vergleich zu dem, was manche seiner Landsleute im Moment durchleben. Aber Juan Maestre ist seit gut 24 Stunden auf den Beinen und würde ein… [+364 chars]",,"Erdbeben: „Venezuela rutscht von einer Krise in die nächste“. Zwei Erdbeben erschüttern ein Land, das ohnehin schon am Boden ist. Unter den Trümmern dürften noch Tausende Menschen verschüttet sein. Vor allem in der Küstenregion um La Guaira bieten sich Bilder des Grauens.","Earthquake: “Venezuela slides from one crisis to the next”. Two earthquakes shake a country that is already devastated. Thousands of people may still be buried under the rubble. There are images of horror, especially in the coastal region around La Guaira.","Terrae motus: ""Venezuela labitur ab uno discrimine ad proximum"". Duo terrae motus terram iam vastatam concutiunt. Exstant millia hominum obruta ruderibus. Imagines horroris sunt, praesertim in regione maritima circa La Guaira.",2026-07-02 08:30:34+00:00
33e9645b61e2da12da96af634ecfcc31,2026-06-26T01:03:22Z,'Erdbeben verschüttet',www.tagesspiegel.de,de,0.9,Naturkatastrophe: Verzweifelte Suche nach Erdbebenopfern in Venezuela,Nach zwei schweren Erdbeben liegen im Norden Venezuelas ganze Straßenzüge in Trümmern. Im Wettlauf mit der Zeit suchen Anwohner verzweifelt nach Verschütteten. Es könnten Tausende sein.,https://www.tagesspiegel.de/gesellschaft/panorama/naturkatastrophe-verzweifelte-suche-nach-erdbebenopfern-in-venezuela-15760470.html,https://www.tagesspiegel.de/images/15760920/alternates/BASE_16_9_W1400/1782456255000/erdbeben-in-venezuela.jpeg,,Unter widrigen und teils lebensgefährlichen Umständen suchen verzweifelte Menschen nach der Erdbebenkatastrophe in Venezuela verschüttete Angehörige in meterhohen Schutthaufen. Im Bundesstaat La Guai… [+5024 chars],,Naturkatastrophe: Verzweifelte Suche nach Erdbebenopfern in Venezuela. Nach zwei schweren Erdbeben liegen im Norden Venezuelas ganze Straßenzüge in Trümmern. Im Wettlauf mit der Zeit suchen Anwohner verzweifelt nach Verschütteten. Es könnten Tausende sein.,"Natural disaster: desperate search for earthquake victims in Venezuela. After two severe earthquakes, entire streets in northern Venezuela are in ruins. In a race against time, residents are desperately searching for buried victims. There could be thousands.","Clades naturalis: in Venezuela victimas terrae motus inquisitio desperata. Post duos terrae motus graves, totius plateae in Venetiola septentrionali ruinae sunt. In cursu contra tempus, habitant perdite quaerunt victimas sepultas. Posset esse millia.",2026-07-02 08:30:34+00:00
ab919805980ee0f881127dc7611d5bff,2026-06-26T01:03:22Z,'Erdbeben Rettungskräfte',www.tagesspiegel.de,de,0.9,Katastrophen: Ausländische Helfer fliegen nach Erdbeben nach Venezuela,Mit Rettungskräften und Spürhunden unterstützen Länder wie Deutschland und Mexiko die Suche nach Überlebenden. THW-Präsidentin Lackner spricht von „entscheidenden Stunden“.,https://www.tagesspiegel.de/gesellschaft/panorama/katastrophen-auslandische-helfer-fliegen-nach-erdbeben-nach-venezuela-15760470.html,https://www.tagesspiegel.de/images/15760469/alternates/BASE_16_9_W1400/1782435802000/erdbeben-in-venezuela.jpeg,,"Internationale Hilfsteams mit Spürhunden bereiten sich auf den Einsatz in Venezuela vor. Nach den tödlichen Erdbeben, die das südamerikanische Land erschüttert haben, werden aus Ländern wie Deutschla… [+5341 chars]",,Katastrophen: Ausländische Helfer fliegen nach Erdbeben nach Venezuela. Mit Rettungskräften und Spürhunden unterstützen Länder wie Deutschland und Mexiko die Suche nach Überlebenden. THW-Präsidentin Lackner spricht von „entscheidenden Stunden“.,Disasters: Foreign aid workers fly to Venezuela after earthquake. Countries like Germany and Mexico are supporting the search for survivors with rescue workers and sniffer dogs. THW President Lackner speaks of “crucial hours”.,"Clades: Externorum adiutores in Venetiola post terrae motum volant. Regiones sicut Germania et Mexici investigationem reliquiarum adiuvant cum adiutoribus et canibus olentis liberandis. THW Praeses Lackner de ""horis crucialibus"" loquitur.",2026-07-02 08:30:34+00:00
aad38cdb487b55ead5507b52161a91f4,2026-06-26T02:27:51Z,'Erdbeben',www.tagesspiegel.de,de,0.9,Katastrophen: Zahl der Erdbeben-Toten in Venezuela steigt auf 235,Nach den schweren Beben in dem südamerikanischen Land werden nach und nach weitere Leichen geborgen. Es gibt Tausende Verletzte. Etliche Menschen sollen noch unter Trümmern verschüttet sein.,https://www.tagesspiegel.de/gesellschaft/panorama/katastrophen-zahl-der-erdbeben-toten-in-venezuela-steigt-auf-235-15760504.html,https://www.tagesspiegel.de/images/15760503/alternates/BASE_16_9_W1400/1782440871000/erdbeben-in-venezuela.jpeg,http://web.archive.org/web/20260627040530/https://www.tagesspiegel.de/gesellschaft/panorama/katastrophen-zahl-der-erdbeben-toten-in-venezuela-steigt-auf-235-15760504.html,"Die Zahl der Todesopfer nach den schweren Erdbeben in Venezuela ist auf 235 gestiegen. Mehr als 4.300 Verletzte seien bisher in öffentlichen Krankenhäusern behandelt worden, sagte der venezolanische … [+1244 chars]",,Katastrophen: Zahl der Erdbeben-Toten in Venezuela steigt auf 235. Nach den schweren Beben in dem südamerikanischen Land werden nach und nach weitere Leichen geborgen. Es gibt Tausende Verletzte. Etliche Menschen sollen noch unter Trümmern verschüttet sein.,Disasters: Number of earthquake deaths in Venezuela rises to 235. More bodies are gradually being recovered after the severe earthquakes in the South American country. There are thousands of injured. A number of people are said to still be buried under rubble.,Clades: Numerus mortum terrae motus in Venezuela oritur 235. Plures corpora paulatim recreantur post graves terrae motus in regione Americae Meridionalis. Mille laesi sunt. Aliquot homines adhuc ruderibus obruti dicuntur.,2026-07-02 08:30:34+00:00
789f72e78132f72152642e0f79cc1896,2026-06-26T10:13:25Z,'Erdbeben',www.bild.de,de,0.9,Wunder-Rettung nach Erdbeben in Venezuela - Baby lebend aus den Trümmern gezogen,"Diese Rettung aus den Trümmern ist ein Wunder und geht als Video um die Welt! Helfer ziehen ein halbnacktes, völlig verstaubtes Baby aus einem eingestürzten Gebäude. Es lebt!",https://www.bild.de/news/ausland/wunder-rettungen-nach-erdbeben-in-venezuela-baby-aus-truemmern-gezogen-6a3e08d6113e90346dc4d4fe,"https://images.bild.de/6a3e08d6113e90346dc4d4fe/2c93dd5f19600b3c72190df8b8ef82d8,3e64eade?w=1280",,"TTS-Player überspringenArtikel weiterlesenCaracas (Venezuela) Diese Rettung aus den Trümmern ist ein Wunder und geht als Video um die Welt! Helfer ziehen ein halbnacktes, völlig verstaubtes Baby aus … [+3104 chars]",,"Wunder-Rettung nach Erdbeben in Venezuela - Baby lebend aus den Trümmern gezogen. Diese Rettung aus den Trümmern ist ein Wunder und geht als Video um die Welt! Helfer ziehen ein halbnacktes, völlig verstaubtes Baby aus einem eingestürzten Gebäude. Es lebt!","Miracle rescue after earthquake in Venezuela - baby pulled alive from the rubble. This rescue from the rubble is a miracle and is being watched on video around the world! Helpers pull a half-naked, completely dusty baby out of a collapsed building. It's alive!","Miraculum liberandum post terrae motum in Venetiola - infantem vivum e ruderibus extraxi. Hoc e ruderibus eruendum est miraculum et spectatur in video circa mundum! Adiutores sesquipedem nudum trahunt, infantem penitus pulverulentum ex aedificio collapso. Est vivamus!",2026-07-02 08:30:34+00:00
fe838dbf5408d6d2e21bbb262da1405b,2026-06-26T23:14:40Z,'Erdbeben Schäden',www.nzz.ch,de,0.9,LIVE-TICKER - Schwere Erdbeben erschüttern Venezuela: Regierung militarisiert Katastrophenregion La Guaira +++ Zahl der Toten steigt auf 920,Innerhalb weniger Minuten richteten zwei Erdbeben in Venezuela verheerende Schäden an. Rettungskräfte suchen unter den Trümmern nach Überlebenden. Über das Ausmass der Schäden ist wenig bekannt.,https://www.nzz.ch/panorama/schwere-erdbeben-erschuettern-venezuela-regierung-militarisiert-katastrophenregion-la-guaira-zahl-der-toten-steigt-auf-920-ld.10012850,"https://img-msp-prod.nzz.ch/2026/06/25/638f9ba8-085b-4a6c-aff9-44828ea32f8c.jpg?width=1200&height=675&fit=bounds&quality=75&auto=webp&crop=5472,3078,x0,y492&wmark=nzz",http://web.archive.org/web/20260627092657/https://www.nzz.ch/panorama/schwere-erdbeben-erschuettern-venezuela-regierung-militarisiert-katastrophenregion-la-guaira-zahl-der-toten-steigt-auf-920-ld.10012850,"Internationale Hilfsteams mit Spürhunden bereiten sich auf den Einsatz in Venezuela vor. Nach den tödlichen Erdbeben, die das südamerikanische Land erschüttert haben, werden aus Ländern wie Deutschla… [+1036 chars]",,LIVE-TICKER - Schwere Erdbeben erschüttern Venezuela: Regierung militarisiert Katastrophenregion La Guaira +++ Zahl der Toten steigt auf 920. Innerhalb weniger Minuten richteten zwei Erdbeben in Venezuela verheerende Schäden an. Rettungskräfte suchen unter den Trümmern nach Überlebenden. Über das Ausmass der Schäden ist wenig bekannt.,"LIVE TICKER - Severe earthquakes shake Venezuela: Government militarizes the disaster region of La Guaira +++ Number of deaths rises to 920. Within a few minutes, two earthquakes caused devastating damage in Venezuela. Rescue workers are searching for survivors under the rubble. Little is known about the extent of the damage.",VIVERE TICKER - terrae motus graves Venezuela concutiunt: Gubernium calamitatem regionis La Guaira +++ numerus funerum ad 920. oritur. Paucis minutis duo terrae motus in Venezuela devastantes attulerunt. Opifices liberate quaerunt reliquias sub ruderibus. Parva nota de damni amplitudine.,2026-07-02 08:30:34+00:00
041d6f70d6b9b954dff8cd53fd2aecdc,2026-06-30T19:56:55Z,'Erdbeben Trümmer',www.welt.de,de,0.9,Dreijähriger Junge sechs Tage nach Erdbeben in Venezuela lebend geborgen,"Wird ein Mensch verschüttet, sinken die Überlebenschancen nach wenigen Tagen drastisch. In Venezuela werden fast eine Woche nach dem verheerenden Erdbeben vereinzelt noch immer Opfer aus den Trümmern gerettet. Tausende werden weiterhin vermisst.",https://www.welt.de/vermischtes/article6a4413e8c6ebf6ddb5b5f2ce/laut-rettungskraeften-dreijaehriger-junge-sechs-tage-nach-erdbeben-in-venezuela-lebend-geborgen.html,https://images.welt.de/6a4413e8c6ebf6ddb5b5f2ce/8148b52dec40c5a91f02546d78491590-master/ci16x9-w1200/apdpa-fed8863b515d41e9a3bf2ad03e135bb0-jpg,,Knapp eine Woche nach den verheerenden Erdbeben in Venezuela werden immer noch Menschen lebend gefunden. Laut einem X-Post der jordanischen Polizei wurde nach sechs Tagen ein dreijähriges Kind in der… [+1634 chars],,"Dreijähriger Junge sechs Tage nach Erdbeben in Venezuela lebend geborgen. Wird ein Mensch verschüttet, sinken die Überlebenschancen nach wenigen Tagen drastisch. In Venezuela werden fast eine Woche nach dem verheerenden Erdbeben vereinzelt noch immer Opfer aus den Trümmern gerettet. Tausende werden weiterhin vermisst.","Three-year-old boy recovered alive six days after earthquake in Venezuela. If a person is buried, their chances of survival decrease drastically after a few days. In Venezuela, almost a week after the devastating earthquake, victims are still being rescued from the rubble. Thousands remain missing.","Puer tres annos natus sex dies terrae motu in Venetiola vivit. Si quis sepelitur, casus eorum superstitis decrescentiae PRORSUS post paucos dies. In Venetiola, fere septimana post terrae motus vastationem, victimae e ruderibus adhuc ereptae sunt. Milia desunt.",2026-07-02 08:30:34+00:00
801b72c5d1ea8de22556ee85f1a76991,2026-06-25T15:54:06Z,'Erdbeben',www.zeit.de,de,0.9,Notfälle: Deutschland bereitet Erdbebenhilfe für Venezuela vor,Hier finden Sie Informationen zu dem Thema „Notfälle“. Lesen Sie jetzt „Deutschland bereitet Erdbebenhilfe für Venezuela vor“.,https://www.zeit.de/news/2026-06/25/deutschland-bereitet-erdbebenhilfe-fuer-venezuela-vor,https://img.zeit.de/news/2026-06/25/deutschland-bereitet-erdbebenhilfe-fuer-venezuela-vor-image-group/wide__1300x731,http://web.archive.org/web/20260626111743/https://www.zeit.de/news/2026-06/25/deutschland-bereitet-erdbebenhilfe-fuer-venezuela-vor,"Die Bundesregierung will Venezuela nach den schweren Erdbeben schnell Hilfe leisten. «Dafür stehen Hilfsgüter, wie etwa Wasserfilter, Feldbetten, Zelte oder Generatoren bereit», teilten das Auswärtig… [+1763 chars]",,Notfälle: Deutschland bereitet Erdbebenhilfe für Venezuela vor. Hier finden Sie Informationen zu dem Thema „Notfälle“. Lesen Sie jetzt „Deutschland bereitet Erdbebenhilfe für Venezuela vor“.,Emergencies: Germany is preparing earthquake aid for Venezuela. Here you will find information on the topic of “emergencies”. Now read “Germany prepares earthquake aid for Venezuela”.,"Subitis: Germania terrae motus auxilium Venetiolae parat. Hic informationes invenies in argumento ""evolutionis"". Nunc legitur ""Germania terraemotus auxilium Venetiolae parat"".",2026-07-03 01:12:58+00:00
83774711e7f2f152c4de57dc2669f4da,2026-06-25T15:55:22Z,'Erdbeben Hilfsgüter',www.tagesspiegel.de,de,0.9,Notfälle: Deutschland bereitet Erdbebenhilfe für Venezuela vor,Nach einem Hilfeersuchen aus Venezuela laufen in Deutschland die Vorbereitungen für einen Hilfseinsatz. Sechs Transportflugzeuge stehen bereit.,https://www.tagesspiegel.de/gesellschaft/panorama/notfalle-deutschland-bereitet-erdbebenhilfe-fur-venezuela-vor-15759634.html,https://www.tagesspiegel.de/images/15759633/alternates/BASE_16_9_W1400/1782402922000/erdbeben-in-venezuela-fliegerhorst-wunstorf.jpeg,,"Die Bundesregierung will Venezuela nach den schweren Erdbeben schnell Hilfe leisten. Dafür stehen Hilfsgüter, wie etwa Wasserfilter, Feldbetten, Zelte oder Generatoren bereit, teilten das Auswärtige … [+1815 chars]",,Notfälle: Deutschland bereitet Erdbebenhilfe für Venezuela vor. Nach einem Hilfeersuchen aus Venezuela laufen in Deutschland die Vorbereitungen für einen Hilfseinsatz. Sechs Transportflugzeuge stehen bereit.,"Emergencies: Germany is preparing earthquake aid for Venezuela. After a request for help from Venezuela, preparations for an aid operation are underway in Germany. Six transport aircraft are ready.",Subitis: Germania terrae motus auxilium Venetiolae parat. Post auxilium a Venetiola petitio praeparata subsidii operationi in Germania comparata sunt. Sex onerariae aircraft sunt paratae.,2026-07-03 01:12:58+00:00
20fce4169dc3ee328cd3432208dce8d1,2026-06-26T10:43:26Z,'Erdbeben',www.zeit.de,de,0.9,Erdbeben in Venezuela: Bundeswehr bringt Helfer und Hilfsgüter nach Venezuela,"48 Einsatzkräfte des Technischen Hilfswerks sind auf dem Weg nach Venezuela. Sie bringen Feldbetten, Zelte, Generatoren. Auch vier Rettungshundeführer sind an Bord.",https://www.zeit.de/gesellschaft/zeitgeschehen/2026-06/erdbeben-venezuela-hilfe-deutschland-a400m,https://img.zeit.de/gesellschaft/zeitgeschehen/2026-06/erdbeben-venezuela-hilfe-deutschland-a400m-foto-1/wide__1300x731,,Nach dem tödlichen Erdbeben in Venezuela ist das erste Flugzeug mit Helfern und Hilfsgütern aus Deutschland unterwegs ins Katastrophengebiet. Im niedersächsischen Wunstorf startete ein Transportflugz… [+2558 chars],,"Erdbeben in Venezuela: Bundeswehr bringt Helfer und Hilfsgüter nach Venezuela. 48 Einsatzkräfte des Technischen Hilfswerks sind auf dem Weg nach Venezuela. Sie bringen Feldbetten, Zelte, Generatoren. Auch vier Rettungshundeführer sind an Bord.","Earthquake in Venezuela: Bundeswehr brings helpers and relief supplies to Venezuela. 48 emergency services from the Technical Relief Agency are on their way to Venezuela. They bring camp beds, tents, generators. Four rescue dog handlers are also on board.","Terrae motus in Venetiola: Bundeswehr adiutores et commeatus in Venetiola affert. 48 officia subitis e Relevamen technicae Agency in Venezuela eunt. Adferunt castra cubilibus, tentoriis, generantibus. Quattuor canes liberandi tracto etiam in tabula sunt.",2026-07-03 01:12:58+00:00
950a786e46920dd570886753decb0bc5,2026-06-26T13:17:47Z,'Erdbeben',www.welt.de,de,0.9,Zahl der Erdbebentoten in Venezuela auf fast 600 gestiegen – Pistorius sichert schnelle Hilfe zu,"Nach dem verheerenden Erdbeben im südamerikanischen Venezuela ist die Zahl der Todesopfer auf knapp 600 gestiegen. Übergangspräsidentin Rodríguez versichert, „unermüdlich“ daran zu arbeiten, eingeschlossene Menschen zu bergen.",https://www.welt.de/politik/ausland/article6a3e7658afe845031b3af4cc/rettungsteams-im-einsatz-zahl-der-erdbebentoten-in-venezuela-auf-fast-600-gestiegen-pistorius-sichert-schnelle-hilfe-zu.html,https://images.welt.de/6a3e7658afe845031b3af4cc/bced0b2f1c9773e61b3814d6b0e74c46-master/ci16x9-w1200/dpa-com-60679907-1-jpg,,"Nach dem verheerenden Erdbeben im südamerikanischen Venezuela ist die Zahl der Todesopfer auf knapp 600 gestiegen. Übergangspräsidentin Rodríguez versichert, unermüdlich daran zu arbeiten, eingeschlo… [+1985 chars]",,"Zahl der Erdbebentoten in Venezuela auf fast 600 gestiegen – Pistorius sichert schnelle Hilfe zu. Nach dem verheerenden Erdbeben im südamerikanischen Venezuela ist die Zahl der Todesopfer auf knapp 600 gestiegen. Übergangspräsidentin Rodríguez versichert, „unermüdlich“ daran zu arbeiten, eingeschlossene Menschen zu bergen.","Number of earthquake deaths in Venezuela rises to almost 600 - Pistorius promises quick help. After the devastating earthquake in Venezuela, South America, the death toll has risen to almost 600. Interim President Rodríguez assures that he is working “tirelessly” to rescue trapped people.","Numerus terrae motus in Venetiola oritur usque ad fere 600 - Pistorius auxilium velox pollicetur. Postquam terrae motus in Venetiola, America Meridionalis vastati sunt, vectigal morticinum paene 600 ortum est. Interim Praeses Rodríguez affirmat se ""indefesse"" laborare ut homines captivos eripiat.",2026-07-03 01:12:58+00:00
f88b64df5f4f7eeae12bb0b26858cfc3,2026-06-29T02:02:41Z,'Erdbeben',www.tagesspiegel.de,de,0.9,Erdbeben: Keine deutschen Opfer in Venezuela bekannt,"Deutschlands Luftwaffe hat auf der Insel Aruba eine Airbase errichtet, um von dort Unterstützung ins Katastrophengebiet zu fliegen. Ob dort auch Bundesbürger ums Leben gekommen sind, ist noch unklar.",https://www.tagesspiegel.de/gesellschaft/panorama/erdbeben-keine-deutschen-opfer-in-venezuela-bekannt-15771817.html,https://www.tagesspiegel.de/images/15773430/alternates/BASE_16_9_W1400/1782732626000/thw-einsatzkrafte-in-venezuela.jpeg,,Nach der Erdbeben-Katastrophe in Venezuela gibt es weiterhin keine Hinweise auf deutsche Opfer. Das sagte ein Sprecher des Auswärtigen Amts in Berlin. Nach seinen Angaben hat sich eine niedrige dreis… [+1082 chars],,"Erdbeben: Keine deutschen Opfer in Venezuela bekannt. Deutschlands Luftwaffe hat auf der Insel Aruba eine Airbase errichtet, um von dort Unterstützung ins Katastrophengebiet zu fliegen. Ob dort auch Bundesbürger ums Leben gekommen sind, ist noch unklar.",Earthquake: No German victims known in Venezuela. Germany's air force has set up an airbase on the island of Aruba to fly support to the disaster area. It is still unclear whether German citizens also died there.,Terrae motus: Nullae victimae Germanicae in Venetiola notae sunt. Vim aeris Germaniae in insula Aruba in subsidio calamitatis volare statuit. Incertum adhuc est an cives Germani ibi mortui sint.,2026-07-03 01:12:58+00:00
104ee80644c55da2f3ac0ffb8f0aeffe,2026-06-29T11:29:35Z,'Erdbeben Hilfsgüter',www.zeit.de,de,0.9,Erdbeben: Keine deutschen Opfer in Venezuela bekannt,Hier finden Sie Informationen zu dem Thema „Erdbeben“. Lesen Sie jetzt „Keine deutschen Opfer in Venezuela bekannt“.,https://www.zeit.de/news/2026-06/29/geruch-des-todes-breitet-sich-nach-beben-in-venezuela-aus,https://img.zeit.de/news/2026-06/29/geruch-des-todes-breitet-sich-nach-beben-in-venezuela-aus-image-group/wide__1300x731,http://web.archive.org/web/20260630042902/https://www.zeit.de/news/2026-06/29/geruch-des-todes-breitet-sich-nach-beben-in-venezuela-aus,Nach der Erdbeben-Katastrophe in Venezuela gibt es weiterhin keine Hinweise auf deutsche Opfer. Das sagte ein Sprecher des Auswärtigen Amts in Berlin. Nach seinen Angaben hat sich eine niedrige dreis… [+1028 chars],,Erdbeben: Keine deutschen Opfer in Venezuela bekannt. Hier finden Sie Informationen zu dem Thema „Erdbeben“. Lesen Sie jetzt „Keine deutschen Opfer in Venezuela bekannt“.,Earthquake: No German victims known in Venezuela. Here you will find information on the topic of “earthquakes”. Now read “No German casualties known in Venezuela”.,"Terrae motus: Nullae victimae Germanicae in Venetiola notae sunt. Hic informationes invenies in argumento ""terrae motuum"". Nunc legitur ""Nulla casus Germanorum in Venetiola notis"".",2026-07-03 01:12:58+00:00
55d98abc725377bc2b575641e3d5f508,2026-06-30T14:30:33Z,'Erdbeben Hilfsgüter',www.tagesschau.de,de,0.9,"Venezuela nach den Beben: ""Kinder brauchen vor allem Sicherheit""","Als Folge der verheerenden Erdbeben in Venezuela sind auch Tausende Kinder betroffen. Viele haben ihre Familie oder Teile davon verloren, erklärt der stellvertretende Leiter von UNICEF in Venezuela, Gabriel Vockel.",https://www.tagesschau.de/ausland/venezuela-erdbeben-unicef-100.html,https://images.tagesschau.de/image/9b81579b-19a6-42c2-95e4-3e528628b249/AAABnxiezBM/AAABnSSvrFg/16x9-big/venezuela-kinder-102.jpg?width=1280,,"Stand: 30.06.2026 16:30 Uhr
Als Folge der verheerenden Erdbeben in Venezuela sind auch Tausende Kinder betroffen. Viele haben ihre Familie oder Teile davon verloren, erklärt der stellvertretende Lei… [+3802 chars]",,"Venezuela nach den Beben: ""Kinder brauchen vor allem Sicherheit"". Als Folge der verheerenden Erdbeben in Venezuela sind auch Tausende Kinder betroffen. Viele haben ihre Familie oder Teile davon verloren, erklärt der stellvertretende Leiter von UNICEF in Venezuela, Gabriel Vockel.","Venezuela after the earthquakes: “Children need security above all.” As a result of the devastating earthquakes in Venezuela, thousands of children are also affected. Many have lost their families or parts of them, explains the deputy head of UNICEF in Venezuela, Gabriel Vockel.","Venezuela post terrae motus: ""Filii egent securitate super omnia."" Propter vastationes terrae motus in Venezuela etiam milia puerorum afficiuntur. Multi familias vel partes earum amiserint, explicat vicarius caput UNICEF in Venezuela, Gabriel Vockel.",2026-07-03 01:12:58+00:00
9f4c1b44b83fc9894be0e913a2ec540a,2026-06-29T03:19:46Z,'Erdbeben',www.n-tv.de,de,0.9,Rettungskräfte suchen weiter: Im Erdbebebgebiet La Guira riecht es nach Tod,"Nach dem Erdbeben in Venezuela gibt es kaum noch Hoffnung, dass sich unter den Trümmern noch Überlebende finden. Die Rettungsarbeiten laufen dennoch weiter. Mehr als 47.000 Menschen werden noch vermisst.",https://www.n-tv.de/panorama/Im-Erdbebebgebiet-La-Guira-riecht-es-nach-Tod-id31024648.html,https://www.n-tv.de/img/31024657/1782710308/Img_16_9/1200/A-rescue-dog-from-the-Argentine-search-and-rescue-team-searches-for-bodies-in-the-rubble-of-a-collapsed-building-in-Caraballeda-La-Guaira-state-Venezuela-June-28-2026-following-earthquakes.jpg,,"Rettungskräfte suchen weiterIm Erdbebebgebiet La Guira riecht es nach Tod 
Spürhunde helfen bei der Suche nach Verschütteten. (Foto: via REUTERS)
Nach dem Erdbeben in Venezuela gibt es kaum noch Ho… [+4119 chars]",,"Rettungskräfte suchen weiter: Im Erdbebebgebiet La Guira riecht es nach Tod. Nach dem Erdbeben in Venezuela gibt es kaum noch Hoffnung, dass sich unter den Trümmern noch Überlebende finden. Die Rettungsarbeiten laufen dennoch weiter. Mehr als 47.000 Menschen werden noch vermisst.","Rescue workers continue to search: There is a smell of death in the La Guira earthquake area. After the earthquake in Venezuela, there is little hope that there will be any survivors among the rubble. The rescue work continues nonetheless. More than 47,000 people are still missing.","Eripe opifices ut pergas quaerere: Odor mortis in regione terrae motus La Guira est. Post terrae motus in Venezuela, parum spei est inter rudera ullos futuros. Subii operis nihilominus. Plus quam 47,000 homines adhuc desunt.",2026-07-03 08:37:12+00:00
c10ce41d84d8a48366d4c3409d4b50a6,2026-06-29T03:20:20Z,'Erdbeben',www.sueddeutsche.de,de,0.9,Zehntausende noch vermisst: Geruch des Todes breitet sich nach Beben in Venezuela aus,"Es ist der fünfte Tag nach den verheerenden Erdbeben. Bislang liegt die Zahl der Todesopfer bei 1450, doch Zehntausenden gelten noch als vermisst.",https://www.sueddeutsche.de/panorama/venezuela-erdbeben-katastrophe-geruch-vermisste-tote-li.3507110,https://www.sueddeutsche.de/2026/06/29/5f270381-df04-4413-aecb-de9a11924614.jpg?q=60&fm=webp&width=1200&rect=0%2C209%2C4000%2C2250,http://web.archive.org/web/20260629132353/https://www.sueddeutsche.de/panorama/venezuela-erdbeben-katastrophe-geruch-vermisste-tote-li.3507110,Die Rettungsarbeiten in dem südamerikanischen Land sind am Montag an ihrem fünften Tag. Zehntausende Menschen werden noch vermisst. Rund 30 000 venezolanische Einsatzkräfte sowie 2700 Rettungsexperte… [+3350 chars],,"Zehntausende noch vermisst: Geruch des Todes breitet sich nach Beben in Venezuela aus. Es ist der fünfte Tag nach den verheerenden Erdbeben. Bislang liegt die Zahl der Todesopfer bei 1450, doch Zehntausenden gelten noch als vermisst.","Tens of thousands still missing: smell of death spreads after earthquake in Venezuela. It is the fifth day after the devastating earthquakes. So far the death toll is 1,450, but tens of thousands are still missing.","Decem millia adhuc desunt: ​​odor mortis post terrae motus in Venezuela diffunditur. Quinto die post vastitatem terrae motus est. Usque ad mortem vectigal est 1,450, sed decem milia adhuc desunt.",2026-07-03 08:37:12+00:00
98abac82dc50a64f48302c6fad23a8e8,2026-06-29T03:24:51Z,'Erdbeben',www.diepresse.com,de,0.9,47.000 Menschen vermisst: „Geruch des Todes“ breitet sich in Venezuela aus,Offiziell liegt die Zahl der Todesopfer nach den Erdbeben bisher bei 1450. Rund 30.000 venezolanische Einsatzkräfte und 2700 Rettungsexperten aus 24 Ländern suchen nach weiteren Verschütteten.,https://www.diepresse.com/33504069/47000-menschen-vermisst-geruch-des-todes-breitet-sich-in-venezuela-aus,https://img.diepresse.com/public/incoming/iriwej-venezuela-earthquake-aftermath/alternates/WEBP_WIDE_1200/VENEZUELA-EARTHQUAKE-AFTERMATH,http://web.archive.org/web/20260630065236/https://www.diepresse.com/33504069/47000-menschen-vermisst-geruch-des-todes-breitet-sich-in-venezuela-aus,"Die Presse auf Google als bevorzugte Nachrichtenquelle hinzufügen.
 Nach den Erdbeben in Venezuela breitet sich im Katastrophengebiet La Guaira der Geruch verwesender Leichen aus. Der Geruch ist ein… [+3594 chars]",,47.000 Menschen vermisst: „Geruch des Todes“ breitet sich in Venezuela aus. Offiziell liegt die Zahl der Todesopfer nach den Erdbeben bisher bei 1450. Rund 30.000 venezolanische Einsatzkräfte und 2700 Rettungsexperten aus 24 Ländern suchen nach weiteren Verschütteten.,"47,000 people missing: “Smell of death” spreads across Venezuela. Officially, the death toll from the earthquake is currently 1,450. Around 30,000 Venezuelan emergency services and 2,700 rescue experts from 24 countries are looking for more people buried.","47,000 hominum absentis: ""Odor mortis"" per Venezuelam diffunditur. Publice, vectigal mortium terrae motu in actu est 1,450. Circa 30.000 officia subitis Venezuelan et 2,700 peritis ex 24 terris liberandis plus homines sepultos quaerunt.",2026-07-03 08:37:12+00:00
2523d0970a130bacb1877b921b40f831,2026-06-29T05:18:47Z,'Erdbeben',www.tagesspiegel.de,de,0.9,Nach Erdbeben in Venezuela: Geruch verwesender Leichen breitet sich aus,"Die Rettungsarbeiten werden nicht eingestellt, doch die Zeit für die Suche nach Überlebenden läuft aus. Zehntausende Menschen werden noch vermisst.",https://www.tagesspiegel.de/internationales/nach-erdbeben-in-venezuela-geruch-verwesender-leichen-breitet-sich-aus-15771920.html,https://www.tagesspiegel.de/images/15771926/alternates/BASE_16_9_W1400/1782709550000/aftermath-of-earthquakes-in-la-guaira.jpeg,http://web.archive.org/web/20260630040721/https://www.tagesspiegel.de/internationales/nach-erdbeben-in-venezuela-geruch-verwesender-leichen-breitet-sich-aus-15771920.html,"Nach den Erdbeben in Venezuela breitet sich im Katastrophengebiet La Guaira der Geruch verwesender Leichen aus. Der Geruch ist ein Anzeichen dafür, dass noch Leichen unter den Trümmern liegen, schrie… [+4273 chars]",,"Nach Erdbeben in Venezuela: Geruch verwesender Leichen breitet sich aus. Die Rettungsarbeiten werden nicht eingestellt, doch die Zeit für die Suche nach Überlebenden läuft aus. Zehntausende Menschen werden noch vermisst.","After earthquake in Venezuela: smell of rotting corpses spreads. The rescue work does not stop, but time is running out for the search for survivors. Tens of thousands of people are still missing.","Post terrae motus in Venezuela: odor cadaverum putridum diffunditur. Subvenite opus non cessat, sed tempus breve est ad pervestigationes superstites. Decem milia hominum adhuc desunt.",2026-07-03 08:37:12+00:00
8f38ac582f4678f1fa0238f8b8d45c5c,2026-06-29T09:08:00Z,'Erdbeben Rettungskräfte',www.focus.de,de,0.9,Ehefrau und Kinder von Fußballstar Lucas Trejo bei Erdbeben in Venezuela gestorben,Nun herrscht traurige Gewissheit: Der argentinische Profifußballer Lucas Trejo hat bei dem schweren Erdbeben in Venezuela seine Ehefrau und seine beiden Kinder verloren.,https://www.focus.de/sport/ehefrau-und-kinder-von-fussballstar-lucas-trejo-bei-erdbeben-in-venezuela-gestorben_926dfe8a-aefe-4eb7-8ccb-00d7ea438f63.html,"https://quadro.burda-forward.de/ctf/933d126e-e463-4992-8138-a4bd9186d7e0.df701235-9783-4dd3-974f-6801feaa028b.jpeg?im=RegionOfInterestCrop=(1200,630),regionOfInterest=(800,450)&hash=6adfb881d270b0ea9550848b8c5029b3a939dbe4f61085c8a7fcc391f7e306bc",,72 Stunden lang suchten Rettungskräfte in den Trümmern nach der Familie von Lucas Trejo (38). Jetzt steht fest: Seine Frau Yanina de Trejo sowie die beiden Kinder Aarón Trejo und Ainhoa Trejo kamen b… [+2467 chars],,Ehefrau und Kinder von Fußballstar Lucas Trejo bei Erdbeben in Venezuela gestorben. Nun herrscht traurige Gewissheit: Der argentinische Profifußballer Lucas Trejo hat bei dem schweren Erdbeben in Venezuela seine Ehefrau und seine beiden Kinder verloren.,Football star Lucas Trejo's wife and children die in earthquake in Venezuela. Now there is sad certainty: Argentine professional footballer Lucas Trejo lost his wife and two children in the severe earthquake in Venezuela.,Eu stella Lucas Trejo uxor et filii terrae motu in Venezuela moriuntur. Nunc certitudo tristis est: Argentina professio footballer Lucas Trejo uxorem suam et duos filios in gravi terrae motu in Venezuela amisit.,2026-07-03 08:37:12+00:00
9fa9877ecb281a280bfa0623d4d50b3f,2026-06-29T09:57:12Z,'Erdbeben Überlebende',www.tagesschau.de,de,0.9,Hoffnung und Verzweiflung im Erdbebengebiet von Venezuela,Nach zwei verheerenden Erdbeben in Venezuela sind internationale Helfer weiter auf der Suche nach Überlebenden. In den Trümmern herrscht Chaos - doch die Bevölkerung gibt die Hoffnung nicht auf. Von Anne Demmer.,https://www.tagesschau.de/ausland/amerika/venezuela-erdbeben-hoffnung-verzweiflung-100.html,https://images.tagesschau.de/image/003d0ee9-87c2-4eb7-889a-77141cdef310/AAABnxKV3vw/AAABnSSvrFg/16x9-big/haus-venezuela-100.jpg?width=1280,http://web.archive.org/web/20260630015627/https://www.tagesschau.de/ausland/amerika/venezuela-erdbeben-hoffnung-verzweiflung-100.html,"Stand: 29.06.2026 11:57 Uhr
Nach zwei verheerenden Erdbeben in Venezuela sind internationale Helfer weiter auf der Suche nach Überlebenden. In den Trümmern herrscht Chaos - doch die Bevölkerung gibt… [+4038 chars]",,Hoffnung und Verzweiflung im Erdbebengebiet von Venezuela. Nach zwei verheerenden Erdbeben in Venezuela sind internationale Helfer weiter auf der Suche nach Überlebenden. In den Trümmern herrscht Chaos - doch die Bevölkerung gibt die Hoffnung nicht auf. Von Anne Demmer.,"Hope and despair in the earthquake zone of Venezuela. After two devastating earthquakes in Venezuela, international helpers are still searching for survivors. There is chaos in the rubble - but the population does not give up hope. By Anne Demmer.","Spes et desperatio in Zona terrae motus Venetiolae. Post duos terrae motus in Venezuela vastante, adiutores internationales adhuc residuos quaerunt. Est chaos in ruderibus, sed multitudo spem non dat. Apud Annam Demmer.",2026-07-03 08:37:12+00:00
80a7a99b268229ab640eed7dd38e598a,2026-06-29T17:23:00Z,'Erdbeben Rettungskräfte',www.focus.de,de,0.9,Ehefrau und Kinder von Fußballstar Lucas Trejo sterben bei Erdbeben in Venezuela,Nun herrscht traurige Gewissheit: Der argentinische Profifußballer Lucas Trejo hat bei dem schweren Erdbeben in Venezuela seine Ehefrau und seine beiden Kinder verloren.,https://www.focus.de/kultur/stars/ehefrau-und-kinder-von-fussballstar-lucas-trejo-sterben-bei-erdbeben-in-venezuela_926dfe8a-aefe-4eb7-8ccb-00d7ea438f63.html,"https://quadro.burda-forward.de/ctf/933d126e-e463-4992-8138-a4bd9186d7e0.df701235-9783-4dd3-974f-6801feaa028b.jpeg?im=RegionOfInterestCrop=(1200,630),regionOfInterest=(744,281)&hash=2307da49db9b2f1a36fd9a01ef92033871ceb4d71c6f85f13874b4531317319e",http://web.archive.org/web/20260630045733/https://www.focus.de/kultur/stars/ehefrau-und-kinder-von-fussballstar-lucas-trejo-sterben-bei-erdbeben-in-venezuela_926dfe8a-aefe-4eb7-8ccb-00d7ea438f63.html,72 Stunden lang suchten Rettungskräfte in den Trümmern nach der Familie von Lucas Trejo (38). Jetzt steht fest: Seine Frau Yanina de Trejo sowie die beiden Kinder Aarón Trejo und Ainhoa Trejo kamen b… [+2445 chars],,Ehefrau und Kinder von Fußballstar Lucas Trejo sterben bei Erdbeben in Venezuela. Nun herrscht traurige Gewissheit: Der argentinische Profifußballer Lucas Trejo hat bei dem schweren Erdbeben in Venezuela seine Ehefrau und seine beiden Kinder verloren.,Football star Lucas Trejo's wife and children die in earthquake in Venezuela. Now there is sad certainty: Argentine professional footballer Lucas Trejo lost his wife and two children in the severe earthquake in Venezuela.,Eu stella Lucas Trejo uxor et filii terrae motu in Venezuela moriuntur. Nunc certitudo tristis est: Argentina professio footballer Lucas Trejo uxorem suam et duos filios in gravi terrae motu in Venezuela amisit.,2026-07-03 08:37:12+00:00
e9fc854a9b6ee992299579410a0ba960,2026-06-29T18:59:00Z,'Erdbeben Überlebende',orf.at,de,0.9,Venezolaner werfen Regime Versagen vor,"Nach den zwei verheerenden Erdbeben der Vorwoche ist Venezuela am Montag erneut durch ein schweres Nachbeben erschüttert worden. Während – trotz schwindender Hoffnung – die Suche nach Überlebenden weitergeht, steigt zugleich die Wut auf das sozialistische Reg…",https://orf.at/stories/3434724/,https://ibs.orf.at/news?image=https%3A%2F%2Fassets.orf.at%2Fmims%2F2026%2F27%2F72%2Fcrops%2Fw%3D1200%2Ch%3D630%2Cq%3D75%2F3093332_master_1197872_venezuela_beben_kritik_mo_r.jpg%3Fs%3D950b26bc0b978de3fb4551f9c25e433a57e701ed,http://web.archive.org/web/20260629202437/https://orf.at/stories/3434724/,"Offiziell liegt die Zahl der Todesopfer bisher bei rund 1.720. Über 5.000 Menschen wurden verletzt. Vor allem aber werden Zehntausende immer noch vermisst. Heute haben wir Überlebende geborgen, daher… [+6326 chars]",,"Venezolaner werfen Regime Versagen vor. Nach den zwei verheerenden Erdbeben der Vorwoche ist Venezuela am Montag erneut durch ein schweres Nachbeben erschüttert worden. Während – trotz schwindender Hoffnung – die Suche nach Überlebenden weitergeht, steigt zugleich die Wut auf das sozialistische Reg…","Venezuelans accuse regime of failure. After the two devastating earthquakes of the previous week, Venezuela was shaken again by a severe aftershock on Monday. While the search for survivors continues - despite dwindling hope - anger at the socialist government is increasing at the same time...",Venezuelans regimen defectum accusant. Post duos motus terrae motus prioris hebdomadis Venezuela iterum gravi die Lunae concussa est. Dum quaesitio superstitum pergit — quamquam spes minuitur — ira in imperium Socialisticum increscit simul...,2026-07-03 08:37:12+00:00
d00d0f582d5742e8451af371f6a2866d,2026-06-29T19:28:59Z,'Erdbeben',www.faz.net,de,0.9,Nach Erdbeben: Zahl der Toten in Venezuela steigt auf mehr als 1.700,Fünf Tage nach den Erdbeben werden noch immer Menschen gesucht. Die Zahl der Toten hat sich deutlich erhöht.,https://www.faz.net/aktuell/gesellschaft/ungluecke/venezuela-erdbeben-zahl-der-toten-steigt-auf-1-719-200981250.html,https://media0.faz.net/image/w1200h627/39ade78a8fcd/w6144h3210x0y443o/202606/43601.0.2277986523/ein-bagger-raeumt-truemmer.webp,http://web.archive.org/web/20260630041927/https://www.faz.net/aktuell/gesellschaft/ungluecke/venezuela-erdbeben-zahl-der-toten-steigt-auf-1-719-200981250.html,"Die offizielle Zahl der Toten nach dem verheerenden Doppel-Erdbeben in Venezuela ist auf 1.719 gestiegen. Wie der Präsident der Nationalversammlung Jorge Rodríguez mitteilte, wurden zudem mehr als 5.… [+1369 chars]",,Nach Erdbeben: Zahl der Toten in Venezuela steigt auf mehr als 1.700. Fünf Tage nach den Erdbeben werden noch immer Menschen gesucht. Die Zahl der Toten hat sich deutlich erhöht.,"After earthquake: death toll in Venezuela rises to more than 1,700. Five days after the earthquakes, people are still being searched. The number of deaths has increased significantly.",Post terrae motus: mortuorum vectigal in Venetiola ad plus mille 700 oritur. Quinque diebus post terrae motus homines adhuc scrutantur. Funerum numerus signanter crevit.,2026-07-03 08:37:12+00:00
80649f908ab4fe7eed03691660e1db48,2026-06-29T19:35:17Z,'Erdbeben Tote',www.morgenpost.de,de,0.9,Doppel-Erdbeben in Venezuela: Zahl der Toten auf mehr als 1700 gestiegen,"Seit den Beben habe es mehr als 600 Nachbeben gegeben, darunter am Montag eines der Stärke 4,2, das Alarm ausgelöst habe, erklärte Rodríguez.",https://www.morgenpost.de/panorama/article412432706/doppel-erdbeben-in-venezuela-zahl-der-toten-auf-mehr-als-1700-gestiegen.html,https://img.sparknews.funkemedien.de/412432707/412432707_1782761717_v16_9_1600.jpeg,,"Die offizielle Zahl der Toten nach dem verheerenden Doppel-Erdbeben in Venezuela ist auf 1719 gestiegen. Wie der Präsident der Nationalversammlung Jorge Rodríguez mitteilte, wurden zudem mehr als 500… [+1387 chars]",,"Doppel-Erdbeben in Venezuela: Zahl der Toten auf mehr als 1700 gestiegen. Seit den Beben habe es mehr als 600 Nachbeben gegeben, darunter am Montag eines der Stärke 4,2, das Alarm ausgelöst habe, erklärte Rodríguez.","Double earthquake in Venezuela: death toll rises to more than 1,700. Since the quakes, there have been more than 600 aftershocks, including one of magnitude 4.2 on Monday that triggered alarms, Rodríguez said.","Terre motus duplex in Venetiola: vectigal mortis ad plus quam mille 700 oritur. Cum motus, plus quam 600 aftershocks factae sunt, inclusa una magnitudinis 4.2 die Lunae, qui terroribus utitur, Rodríguez dixit.",2026-07-03 08:37:12+00:00
f1e1ac3905b8b24dda9306f2c6d970a4,2026-06-30T08:29:19Z,'Erdbeben Überlebende',www.tagesspiegel.de,de,0.9,Nach verheerenden Erdbeben: Retter in Venezuela finden noch immer Überlebende,Es sind kleine Hoffnungsschimmer inmitten von Tod und Zerstörung: Auch Tage nach den verheerenden Erdstößen in Venezuela finden die Rettungskräfte Überlebende unter den Trümmern.,https://www.tagesspiegel.de/gesellschaft/panorama/nach-verheerenden-erdbeben-retter-in-venezuela-finden-noch-immer-uberlebende-15776326.html,https://www.tagesspiegel.de/images/15776325/alternates/BASE_16_9_W1400/1782808159000/nach-den-erdbeben-in-venezuela.jpeg,,Knapp eine Woche nach den verheerenden Erdbeben in Venezuela werden immer noch Menschen lebend gefunden. Salvadorianische Einsatzkräfte erreichten in der Nacht auf Dienstag (Ortszeit) einen 44-Jährig… [+2192 chars],,Nach verheerenden Erdbeben: Retter in Venezuela finden noch immer Überlebende. Es sind kleine Hoffnungsschimmer inmitten von Tod und Zerstörung: Auch Tage nach den verheerenden Erdstößen in Venezuela finden die Rettungskräfte Überlebende unter den Trümmern.,"After devastating earthquake: Rescuers in Venezuela are still finding survivors. There are small glimmers of hope in the midst of death and destruction: even days after the devastating earthquakes in Venezuela, rescue workers are finding survivors under the rubble.","Post terrae motus vastitatem: Rescuers in Venezuela adhuc superstites sunt inventi. Parvae sunt spei lumen in medio mortis et interitus: etiam diebus post terrae motus in Venezuela vastatis, opifices sub ruderibus salvandos reperiunt.",2026-07-03 08:37:12+00:00
b852af0f851fee566cb6d1a112730d26,2026-06-30T09:01:28Z,'Erdbeben Rettungskräfte',www.zeit.de,de,0.9,Erdbeben in Venezuela: Retter in Venezuela finden noch immer Überlebende,Mehrere Tage nach den starken Erdstößen in Venezuela finden die Rettungskräfte noch Überlebende unter den Trümmern. Die Zahl der Toten ist auf mehr als 1.700 gestiegen.,https://www.zeit.de/gesellschaft/zeitgeschehen/2026-06/erdbeben-venezuela-maiquetia-nachbeben-tote,https://img.zeit.de/gesellschaft/zeitgeschehen/2026-06/erdbeben-venezuela-maiquetia-nachbeben-tote-foto-1/wide__1300x731,,Die offizielle Zahl der Toten nach dem Doppel-Erdbeben in Venezuela ist auf 1.719 gestiegen. Dies sagte Parlamentspräsident Jorge Rodriguez im staatlichen Fernsehen. Bei der Katastrophe wurden nach a… [+1100 chars],,Erdbeben in Venezuela: Retter in Venezuela finden noch immer Überlebende. Mehrere Tage nach den starken Erdstößen in Venezuela finden die Rettungskräfte noch Überlebende unter den Trümmern. Die Zahl der Toten ist auf mehr als 1.700 gestiegen.,"Earthquake in Venezuela: Rescuers in Venezuela are still finding survivors. Several days after the strong tremors in Venezuela, rescue workers still find survivors under the rubble. The number of deaths has risen to more than 1,700.","Terrae motus in Venetiola: Rescuers in Venezuela adhuc superstites sunt inventi. Aliquot dies post validos tremores in Venezuela, opifices adhuc sub ruderibus reliquias inveniunt. Numerus funerum ad plus quam 1,700 surrexit.",2026-07-03 08:37:12+00:00
243f9b41e73265d9625d88bfa389e6f7,2026-06-30T11:05:00Z,'Erdbeben Rettungskräfte',www.focus.de,de,0.9,Fußball-Nationalspieler und Freundin sterben bei Erdbeben in Venezuela,Der venezolanische Fußball-Nationalspieler Yimvert Berroterán und seine Freundin Valentina Sandoval waren nach dem schweren Erdbeben in Venezuela in den Trümmern eines Wohnhauses eingeschlossen. Nun herrscht traurige Gewissheit: Die beiden kamen ums Leben.,https://www.focus.de/kultur/stars/fussball-nationalspieler-und-freundin-sterben-bei-erdbeben-in-venezuela_6cbd2ccb-7465-41d6-9918-01cdfa45bef7.html,"https://quadro.burda-forward.de/ctf/0248a76c-e812-478a-9b04-7be8269b48aa.97b740f7-7ca5-4d5c-9af5-816400af16f1.png?im=RegionOfInterestCrop=(1200,630),regionOfInterest=(477,207)&hash=6efda55a60c9b3ec7b8487d0aabc7512814ecfa2d017877adda6d670c1b6bb6f",,"Das Paar war beim Einsturz des Wohngebäudes Coral Plaza im Bundesstaat La Guaira laut RTL verschüttet worden. Bis zum 25. Juni 2026 gab es noch Lebenszeichen von den beiden, wie Sportjournalist Martí… [+1842 chars]",,Fußball-Nationalspieler und Freundin sterben bei Erdbeben in Venezuela. Der venezolanische Fußball-Nationalspieler Yimvert Berroterán und seine Freundin Valentina Sandoval waren nach dem schweren Erdbeben in Venezuela in den Trümmern eines Wohnhauses eingeschlossen. Nun herrscht traurige Gewissheit: Die beiden kamen ums Leben.,National soccer player and girlfriend die in earthquake in Venezuela. The Venezuelan national soccer player Yimvert Berroterán and his girlfriend Valentina Sandoval were trapped in the rubble of a residential building after the severe earthquake in Venezuela. Now there is sad certainty: both of them died.,Morbi lusor nationalis et amica terrae motu in Venezuela moriuntur. Morbi lusor nationalis Venezuelan Yimvert Berroterán et eius amica Valentina Sandoval capti sunt in ruderibus aedificii residentialis post gravem terrae motum in Venezuela. Tristis autem certitudo est: uterque mortuus est.,2026-07-03 08:37:12+00:00
ff42c0690fd626cc865be75cdb6a605b,2026-06-30T19:40:19Z,'Erdbeben Überlebende',www.tagesspiegel.de,de,0.9,Nach Erdbeben in Venezuela: Dreijähriger nach sechs Tagen aus Trümmern gerettet,Auch fast eine Woche nach den verheerenden Erdstößen in Venezuela finden internationale Rettungskräfte noch Überlebende. Nun wurden mehrere Kinder lebend geborgen.,https://www.tagesspiegel.de/gesellschaft/panorama/nach-erdbeben-in-venezuela-dreijahriger-nach-sechs-tagen-aus-trummern-gerettet-15779306.html,https://www.tagesspiegel.de/images/15779308/alternates/BASE_16_9_W1400/1782848174000/nach-den-erdbeben-in-venezuela.jpeg,http://web.archive.org/web/20260630230443/https://www.tagesspiegel.de/gesellschaft/panorama/nach-erdbeben-in-venezuela-dreijahriger-nach-sechs-tagen-aus-trummern-gerettet-15779306.html,Knapp eine Woche nach den verheerenden Erdbeben in Venezuela werden immer noch Menschen lebend gefunden. Laut einem X-Post der jordanischen Polizei wurde nach sechs Tagen ein dreijähriges Kind in der… [+2299 chars],,Nach Erdbeben in Venezuela: Dreijähriger nach sechs Tagen aus Trümmern gerettet. Auch fast eine Woche nach den verheerenden Erdstößen in Venezuela finden internationale Rettungskräfte noch Überlebende. Nun wurden mehrere Kinder lebend geborgen.,"After earthquake in Venezuela: three-year-old rescued from rubble after six days. Almost a week after the devastating earthquakes in Venezuela, international rescue workers are still finding survivors. Now several children have been rescued alive.","Post terrae motus in Venetiola: tribus annis post sex dies ex caementis ereptus. Fere septimana post vastationes terrae motus in Venezuela, operarios internationales liberandos adhuc superstites invenientes. Nunc complures pueri vivi liberati sunt.",2026-07-03 08:37:12+00:00
656d69db1b2b89fe412326ad7956b95b,2026-06-26T14:01:43Z,'Erdbeben Tote',www.stern.de,de,0.9,Naturkatastrophe in Venezuela: Sorge um Vater nach Erdbeben - „Er ist total unter Schock“,Nach dem Erdbeben in Venezuela bangen viele um Angehörige. Eine Wahlbremerin erzählt von der verzweifelten Suche nach ihrem Vater – und warum ihre Sorge auch nach einem Lebenszeichen nicht vorbei ist.,https://www.stern.de/gesellschaft/regional/niedersachsen-bremen/naturkatastrophe-in-venezuela--sorge-um-vater-nach-erdbeben----er-ist-total-unter-schock--37609258.html,https://image.stern.de/37609260/t/WF/v1/w1440/r1.7778/-/26--nqonff3liyv4axs2048jpeg---4cc1da8f46b7401a.jpg,http://web.archive.org/web/20260627070620/https://www.stern.de/gesellschaft/regional/niedersachsen-bremen/naturkatastrophe-in-venezuela--sorge-um-vater-nach-erdbeben----er-ist-total-unter-schock--37609258.html,"Kopiere den aktuellen Link
Zur Merkliste hinzufügen
Nach dem Erdbeben in Venezuela bangen viele um Angehörige. Eine Wahlbremerin erzählt von der verzweifelten Suche nach ihrem Vater und warum ihre … [+3321 chars]",,Naturkatastrophe in Venezuela: Sorge um Vater nach Erdbeben - „Er ist total unter Schock“. Nach dem Erdbeben in Venezuela bangen viele um Angehörige. Eine Wahlbremerin erzählt von der verzweifelten Suche nach ihrem Vater – und warum ihre Sorge auch nach einem Lebenszeichen nicht vorbei ist.,"Natural disaster in Venezuela: Concern for father after earthquake - “He is totally in shock”. After the earthquake in Venezuela, many fear for their relatives. A woman from Bremen talks about the desperate search for her father - and why her worries are not over even after there is a sign of life.",Cladis naturalis in Venetiola: Sollicitudo patris post terrae motum - “Ita prorsus offensus est”. Post terrae motus in Venetiola multi timore propinquorum. Mulier Bremensis de perdita inquisitione sui patris loquitur - et cur sollicitudines eius non transierint etiam post signum vitae.,2026-07-04 01:10:58+00:00
9b2fcd6b58c8cc3422b1070eb74c1d5f,2026-06-26T21:13:13Z,'Erdbeben',www.bild.de,de,0.9,Für tote Mutter von Deschamps - Fifa verbot französische Trauer-Geste,"Fifa verweigert Trauerschleife für Deschamps’ Mutter, Schweigeminute wurde Opfern der Erdbeben in Venezuela gewidmet.",https://www.bild.de/sport/fussball/wm-2026-fifa-verbietet-franzoesische-trauer-geste-fuer-tote-mutter-von-deschamps-6a3ee248113e90346dc4e5e5,"https://images.bild.de/6a3ee248113e90346dc4e5e5/864d934853f62b9c86b293af4d88aa87,751b48a3?w=1280",http://web.archive.org/web/20260628055553/https://www.bild.de/sport/fussball/wm-2026-fifa-verbietet-franzoesische-trauer-geste-fuer-tote-mutter-von-deschamps-6a3ee248113e90346dc4e5e5,TTS-Player überspringenArtikel weiterlesenBoston Der Weltverband bleibt hart. Beim abschließenden WM-Gruppenspiel gegen Norwegen wollte die französische Nationalmannschaft eigentlich der verstorbenen… [+1727 chars],,"Für tote Mutter von Deschamps - Fifa verbot französische Trauer-Geste. Fifa verweigert Trauerschleife für Deschamps’ Mutter, Schweigeminute wurde Opfern der Erdbeben in Venezuela gewidmet.","For Deschamps' dead mother - Fifa banned French gesture of mourning. Fifa refuses a mourning ribbon for Deschamps' mother, a minute's silence was dedicated to victims of the earthquake in Venezuela.","Ad matrem Deschamps mortuam - Fifa Gallica gestu luctus interdictum. Fifa vitta luctum pro matre Deschamps recusat, silentium minutum victimas terrae motus in Venezuela dicata est.",2026-07-04 01:10:58+00:00
cb043e24251ed6014ddea4c16eb48a53,2026-06-27T09:13:00Z,'Erdbeben Tote',www.dw.com,de,0.9,Erdbeben in Venezuela - tragisches Ausmaß der Katastrophe,Drei Tage nach dem verheerenden Erdbeben in Venezuela laufen die Hilfsarbeiten auf Hochtouren. Die Verzweiflung der Menschen ist greifbar.,https://www.dw.com/de/venezuela-erdbeben-opfer-delcy-rodriguez-usa-donald-trump-marco-rubio-ueberlebende/a-77732703,https://static.dw.com/image/77731984_6.jpg,http://web.archive.org/web/20260627233650/https://www.dw.com/de/venezuela-erdbeben-opfer-delcy-rodriguez-usa-donald-trump-marco-rubio-ueberlebende/a-77732703,"Nach dem verheerenden Doppel-Erdbeben in Venezuela schwindet in der am schlimmsten betroffenen Stadt La Guaira die Hoffnung, noch Überlebende in den Trümmern eines eingestürzten Gebäudekomplexes zu f… [+3428 chars]",,Erdbeben in Venezuela - tragisches Ausmaß der Katastrophe. Drei Tage nach dem verheerenden Erdbeben in Venezuela laufen die Hilfsarbeiten auf Hochtouren. Die Verzweiflung der Menschen ist greifbar.,"Earthquake in Venezuela - tragic extent of the disaster. Three days after the devastating earthquake in Venezuela, relief work is in full swing. People's desperation is palpable.","Terrae motus in Venezuela - tragicus amplitudo calamitatis. Tertio die post terrae motus in Venezuela vastante, opus subsidio in pleno adductius est. Desperatio populi aperta est.",2026-07-04 01:10:58+00:00
68dd431c7d2dc1d17079c367fddda48a,2026-06-27T11:27:06Z,'Erdbeben',www.tagesspiegel.de,de,0.9,Erdbebenkatastrophe: Mehr als 1.400 Tote in Venezuela – Helfer retten Überlebende,"Rettungskräfte zwängen sich durch winzige Trümmerlücken, um Leben zu retten. Babys, Kinder und Erwachsene werden lebend geborgen. Doch die Todeszahl steigt weiter.",https://www.tagesspiegel.de/gesellschaft/panorama/erdbebenkatastrophe-mehr-als-1400-tote-in-venezuela--helfer-retten-uberlebende-15767525.html,https://www.tagesspiegel.de/images/15768580/alternates/BASE_16_9_W1400/1782609922000/nach-erdbeben-in-venezuela.jpeg,http://web.archive.org/web/20260628055526/https://www.tagesspiegel.de/gesellschaft/panorama/erdbebenkatastrophe-mehr-als-1400-tote-in-venezuela--helfer-retten-uberlebende-15767525.html,Drei Tage nach den Erdbeben in Venezuela haben Rettungsteams unter erheblichem Zeitdruck mehrere Menschen lebend aus den Trümmern geborgen. Trotz der intensiven Rettungsarbeiten steigt die Zahl der T… [+3749 chars],,"Erdbebenkatastrophe: Mehr als 1.400 Tote in Venezuela – Helfer retten Überlebende. Rettungskräfte zwängen sich durch winzige Trümmerlücken, um Leben zu retten. Babys, Kinder und Erwachsene werden lebend geborgen. Doch die Todeszahl steigt weiter.","Earthquake disaster: More than 1,400 dead in Venezuela – helpers save survivors. Rescue workers squeeze through tiny gaps in the rubble to save lives. Babies, children and adults are recovered alive. But the number of deaths continues to rise.","Clades terrae motus: Plus quam 1,400 mortui in Venetiola – adiutores salvandi superstites. Opifices eripe per parvos hiatus in ruderibus ad vitam conservandam exprimendum. Infantes, pueri et adulti vivi recuperantur. Sed quot mortes oriri pergit.",2026-07-04 01:10:58+00:00
51d5025ef81ee39b08fbec47cd478a9a,2026-06-27T17:38:12Z,'Erdbeben',www.stern.de,de,0.9,Erdbebenkatastrophe: Venezuela: Bereits mehr als 1.400 Tote nach Erdbeben,"Caracas - Die Zahl der Toten nach der Erdbebenkatastrophe in Venezuela ist auf 1.430 gestiegen. Mehr als 3.200 Menschen seien verletzt worden, teilte",https://www.stern.de/panorama/erdbebenkatastrophe--venezuela--bereits-mehr-als-1-400-tote-nach-erdbeben-37612580.html,https://image.stern.de/37613472/t/8s/v1/w1440/r1.7778/-/27--l5gy7izhsav1axs2048jpeg---294d5a7fa070228f.jpg,,"Kopiere den aktuellen Link
Zur Merkliste hinzufügen
430 Nachbeben, zerstörte Hochhäuser und unzählige Vermisste. Das ganze Ausmaß der Erdbebentragödie in Venezuela ist noch immer unklar.
Die Zahl … [+1341 chars]",,"Erdbebenkatastrophe: Venezuela: Bereits mehr als 1.400 Tote nach Erdbeben. Caracas - Die Zahl der Toten nach der Erdbebenkatastrophe in Venezuela ist auf 1.430 gestiegen. Mehr als 3.200 Menschen seien verletzt worden, teilte","Earthquake disaster: Venezuela: More than 1,400 dead after earthquake. Caracas - The number of deaths after the earthquake disaster in Venezuela has risen to 1,430. More than 3,200 people were injured, said","Terrae motus clades: Venezuela: Plus quam 1,400 mortuus est post terrae motus. Caracas - Multitudo funerum post calamitatem terrae motus in Venezuela orta est ad 1,430. Plus quam 3,200 homines laesi sunt, dixit",2026-07-04 01:10:58+00:00
f0310c8baab5a2673ecb7a6404b6c1c3,2026-06-28T01:24:01Z,'Erdbeben Tote',www.stern.de,de,0.9,Erdbebenkatastrophe: Mehr als 1.400 Tote in Venezuela – Helfer retten Überlebende,"Rettungskräfte zwängen sich durch winzige Trümmerlücken, um Leben zu retten. Babys, Kinder und Erwachsene werden lebend geborgen. Doch die Todeszahl steigt weiter.",https://www.stern.de/panorama/erdbebenkatastrophe--mehr-als-1-400-tote-in-venezuela---helfer-retten-ueberlebende-37612580.html,https://image.stern.de/37614050/t/kt/v1/w1440/r1.7778/-/28--g3gnmlhfguv17axs2048jpeg---2b9a4a65eb32b748.jpg,,"Kopiere den aktuellen Link
Zur Merkliste hinzufügen
Rettungskräfte zwängen sich durch winzige Trümmerlücken, um Leben zu retten. Babys, Kinder und Erwachsene werden lebend geborgen. Doch die Todesz… [+3203 chars]",,"Erdbebenkatastrophe: Mehr als 1.400 Tote in Venezuela – Helfer retten Überlebende. Rettungskräfte zwängen sich durch winzige Trümmerlücken, um Leben zu retten. Babys, Kinder und Erwachsene werden lebend geborgen. Doch die Todeszahl steigt weiter.","Earthquake disaster: More than 1,400 dead in Venezuela – helpers save survivors. Rescue workers squeeze through tiny gaps in the rubble to save lives. Babies, children and adults are recovered alive. But the number of deaths continues to rise.","Clades terrae motus: Plus quam 1,400 mortui in Venetiola – adiutores salvandi superstites. Opifices eripe per parvos hiatus in ruderibus ad vitam conservandam exprimendum. Infantes, pueri et adulti vivi recuperantur. Sed quot mortes oriri pergit.",2026-07-04 01:10:58+00:00
e9546e995cebd1268b5c7e6cbba5e756,2026-06-28T07:39:00Z,'Erdbeben Tote',www.stern.de,de,0.9,Erdbeben: Mehr als 1400 Tote in Venezuela – Elfjähriger wird lebend geborgen,"Rettungskräfte geben in Venezuela alles, um Leben zu retten. Tage nach dem Erdbeben werden Menschen noch lebend geborgen. Doch die Todeszahl steigt weiter.",https://www.stern.de/panorama/venezuela--1400-tote-nach-erdbeben---elfjaehriger-wird-lebend-geborgen-37615078.html,https://image.stern.de/37615080/t/kG/v1/w1440/r1.7778/-/erdbeben-venezuela.jpg,http://web.archive.org/web/20260629025829/https://www.stern.de/panorama/venezuela--1400-tote-nach-erdbeben---elfjaehriger-wird-lebend-geborgen-37615078.html,"Kopiere den aktuellen Link
Zur Merkliste hinzufügen
Rettungskräfte geben in Venezuela alles, um Leben zu retten. Tage nach dem Erdbeben werden Menschen noch lebend geborgen. Doch die Todeszahl stei… [+3180 chars]",,"Erdbeben: Mehr als 1400 Tote in Venezuela – Elfjähriger wird lebend geborgen. Rettungskräfte geben in Venezuela alles, um Leben zu retten. Tage nach dem Erdbeben werden Menschen noch lebend geborgen. Doch die Todeszahl steigt weiter.","Earthquake: More than 1,400 dead in Venezuela – eleven-year-old is rescued alive. Rescue workers in Venezuela are doing everything they can to save lives. Days after the earthquake, people are still being rescued alive. But the number of deaths continues to rise.","Terrae motus: Plus quam 1,400 mortuus in Venetiola – undecim annos vivus ereptus est. Opifices in Venetiola liberate omnia facere quae possunt vitam servare. Post dies terrae motus homines vivi adhuc erepti sunt. Sed quot mortes oriri pergit.",2026-07-04 01:10:58+00:00
d271d58d7c314ee8eefded2c405978ec,2026-06-28T09:42:04Z,'Erdbeben',www.bild.de,de,0.9,… aber 70.000 Tote befürchtet - Junge (11) aus Trümmern in Venezuela gerettet,"Nach dem verheerenden Erdbeben in Venezuela gelten fast 70.000 Menschen noch als vermisst. Die Chance, dass sie noch leben, ist gering. Doch diese Rettung macht Hoffnung.",https://www.bild.de/news/ausland/wunder-drei-tage-nach-doppelbeben-in-venezuela-junge-11-aus-truemmern-gerettet-6a40cc56afe845031b3b101e,"https://images.bild.de/6a40cc56afe845031b3b101e/0bace7d1120adda4120b940eae6194c7,5532cd73?w=1280",http://web.archive.org/web/20260629015950/https://www.bild.de/news/ausland/wunder-drei-tage-nach-doppelbeben-in-venezuela-junge-11-aus-truemmern-gerettet-6a40cc56afe845031b3b101e,TTS-Player überspringenArtikel weiterlesenCaracas (Venezuela) Vier Tage nach dem verheerenden Doppelbeben in Venezuela wächst die Verzweiflung weiter. Angehörige meldeten am Samstag noch rund 68.900 … [+2366 chars],,"… aber 70.000 Tote befürchtet - Junge (11) aus Trümmern in Venezuela gerettet. Nach dem verheerenden Erdbeben in Venezuela gelten fast 70.000 Menschen noch als vermisst. Die Chance, dass sie noch leben, ist gering. Doch diese Rettung macht Hoffnung.","... but 70,000 dead feared - boy (11) rescued from rubble in Venezuela. Almost 70,000 people are still missing after the devastating earthquake in Venezuela. The chance that they are still alive is slim. But this rescue gives hope.","... sed 70.000 mortua timuit - puer (11) e ruderibus in Venetiola ereptus. Fere 70,000 hominum adhuc post vastitatem terrae in Venezuela desunt. Casum quod adhuc vivit gracili est. Sed haec liberatio dat spem.",2026-07-04 01:10:58+00:00
98400c7b731a161ddf7bb156f789ba9a,2026-06-28T10:01:50Z,'Erdbeben',www.zeit.de,de,0.9,Erdbeben in Venezuela: EU aktiviert Katastrophenschutz für Venezuela,"Mit Einsatzkräften und Hilfsgeldern unterstützt die EU Venezuela nach zwei schweren Erdbeben. Unicef rechnet mit 1,8 Millionen hilfsbedürftigen Menschen.",https://www.zeit.de/gesellschaft/zeitgeschehen/2026-06/erdbeben-venezuela-eu-katastrophenschutz-hilfe-kaja-kallas-gxe,https://img.zeit.de/gesellschaft/zeitgeschehen/2026-06/erdbeben-venezuela-eu-katastrophenschutz-hilfe-kaja-kallas-foto-1/wide__1300x731,,Nach den schweren Erdbeben in Venezuela hat die EU den Europäischen Katastrophenschutz-Mechanismus aktiviert. Das teilte die EU-Außenbeauftragte Kaja Kallas auf X mit. Damit sollen Such- und Rettungs… [+1874 chars],,"Erdbeben in Venezuela: EU aktiviert Katastrophenschutz für Venezuela. Mit Einsatzkräften und Hilfsgeldern unterstützt die EU Venezuela nach zwei schweren Erdbeben. Unicef rechnet mit 1,8 Millionen hilfsbedürftigen Menschen.",Earthquake in Venezuela: EU activates civil protection for Venezuela. The EU is supporting Venezuela with emergency services and aid funds after two serious earthquakes. Unicef ​​expects 1.8 million people in need of help.,Terrae motus in Venetiola: EU praesidium civile in Venetiola operatur. UE Venezuela adiuvat cum servitiis subitis et subsidiis pecuniarum post duos graves motus terrae. Unicef ​​1.8 decies centena millia hominum auxilio indigent.,2026-07-04 01:10:58+00:00
02f8bf612aeb8a31255bdda668a55327,2026-06-28T10:43:06Z,'Erdbeben Tote',www.stern.de,de,0.9,Venezuela: Suche nach Erdbeben-Überlebenden hält an - bislang mehr als 1400 Tote,"In Venezuela suchen Rettungsmannschaften trotz schwindender Hoffnungen weiter in den Trümmern eingestürzter Gebäude nach Überlebenden des schweren Doppel-Erdbebens. Der Präsident der venezolanischen Nationalversammlung, Jorge Rodríguez, bezifferte die Zahl de…",https://www.stern.de/news/venezuela--suche-nach-erdbeben-ueberlebenden-haelt-an---bislang-mehr-als-1400-tote-37615896.html,https://image.stern.de/37615898/t/iB/v1/w1440/r1.7778/-/28--eingestuerzte-gebaeude-in-catia-la-mar---d252eb4541b1bdbc.jpg,,"Kopiere den aktuellen Link
Zur Merkliste hinzufügen
In Venezuela suchen Rettungsmannschaften trotz schwindender Hoffnungen weiter in den Trümmern eingestürzter Gebäude nach Überlebenden des schwere… [+4594 chars]",,"Venezuela: Suche nach Erdbeben-Überlebenden hält an - bislang mehr als 1400 Tote. In Venezuela suchen Rettungsmannschaften trotz schwindender Hoffnungen weiter in den Trümmern eingestürzter Gebäude nach Überlebenden des schweren Doppel-Erdbebens. Der Präsident der venezolanischen Nationalversammlung, Jorge Rodríguez, bezifferte die Zahl de…","Venezuela: Search for earthquake survivors continues - more than 1,400 dead so far. In Venezuela, despite dwindling hopes, rescue teams continue to search for survivors of the severe double earthquake in the rubble of collapsed buildings. The President of the Venezuelan National Assembly, Jorge Rodríguez, estimated the number of…","Venezuela: Quaero superstites terrae motus - plus quam 1,400 mortuus est. In Venetiola, quamquam spes minuendae, iugis liberandae pergunt quaerere reliquias gravium duplicis terrae motus in ruderibus aedificiorum collapsorum. Praeses Conventus Nationalis Venezuelan, Jorge Rodríguez, numerum … aestimavit.",2026-07-04 01:10:58+00:00
bd1f90616d49b571b38f39b22ac385d3,2026-06-29T02:02:41Z,'Erdbeben Trümmer',www.tagesspiegel.de,de,0.9,Nach verheerenden Erdbeben: Bereits mehr als 1.700 Tote nach Erdbeben in Venezuela,Teams aus aller Welt suchen in Venezuela unter Trümmern nach Vermissten. Gleichzeitig harren zahlreiche Menschen unter freiem Himmel aus. Überall wird Hilfe benötigt. Die Verzweiflung wächst.,https://www.tagesspiegel.de/gesellschaft/panorama/nach-verheerenden-erdbeben-bereits-mehr-als-1700-tote-nach-erdbeben-in-venezuela-15771817.html,https://www.tagesspiegel.de/images/15773733/alternates/BASE_16_9_W1400/1782736163000/technisches-hilfswerk-in-venezuela.jpeg,http://web.archive.org/web/20260630070358/https://www.tagesspiegel.de/gesellschaft/panorama/nach-verheerenden-erdbeben-bereits-mehr-als-1700-tote-nach-erdbeben-in-venezuela-15771817.html,"Auch am fünften Tag nach den verheerenden Erdbeben mit offiziell 1.719 Toten in Venezuela geben die Rettungskräfte nicht auf. Doch unter den Angehörigen der Opfer wächst die Verzweiflung, da sie befü… [+5272 chars]",,Nach verheerenden Erdbeben: Bereits mehr als 1.700 Tote nach Erdbeben in Venezuela. Teams aus aller Welt suchen in Venezuela unter Trümmern nach Vermissten. Gleichzeitig harren zahlreiche Menschen unter freiem Himmel aus. Überall wird Hilfe benötigt. Die Verzweiflung wächst.,"After devastating earthquakes: More than 1,700 dead after earthquake in Venezuela. Teams from all over the world are searching for missing people under rubble in Venezuela. At the same time, numerous people are waiting in the open air. Help is needed everywhere. Desperation grows.",Post terrae motus vastatos: Plus quam mille 700 mortui post terrae motus in Venezuela. Partes ex toto orbe terrarum quaerunt homines absentis sub ruderibus in Venetiola. Eodem tempore multi sub divo exspectant. Auxilium ubique opus est. Desperatio crescit.,2026-07-04 01:10:58+00:00
944a4c7ca18097e485bf6ed2a13b4b20,2026-06-29T10:36:52Z,'Erdbeben',www.zeit.de,de,0.9,Erdbeben in Venezuela: Schulen in Venezuela bleiben nach Erdbebenkatastrophe geschlossen,"Von einer Rückkehr zur Normalität ist Venezuela nach den beiden Erdbeben noch weit entfernt. Die Schulen bleiben landesweit zu, auch gibt es Berichte über Plünderungen.",https://www.zeit.de/gesellschaft/zeitgeschehen/2026-06/erdbeben-venezuela-nothilfe-schulausfall-pluenderungen-gxe,https://img.zeit.de/gesellschaft/zeitgeschehen/2026-06/erdbeben-venezuela-nothilfe-schulausfall-sanktionen-foto-1/wide__1300x731,http://web.archive.org/web/20260630052750/https://www.zeit.de/gesellschaft/zeitgeschehen/2026-06/erdbeben-venezuela-nothilfe-schulausfall-pluenderungen-gxe,Die Lage nach den schweren Erdbeben in Venezuela bleibt mehrere Tage nach der Katastrophe angespannt. Im gesamten Land wurde der Schulunterricht laut Berichten der Zeitung El Pitazo für eine weitere … [+1668 chars],,"Erdbeben in Venezuela: Schulen in Venezuela bleiben nach Erdbebenkatastrophe geschlossen. Von einer Rückkehr zur Normalität ist Venezuela nach den beiden Erdbeben noch weit entfernt. Die Schulen bleiben landesweit zu, auch gibt es Berichte über Plünderungen.",Earthquake in Venezuela: Schools in Venezuela remain closed after earthquake disaster. Venezuela is still a long way from returning to normality after the two earthquakes. Schools remain closed across the country and there are also reports of looting.,Terrae motus in Venetiola: Scholae in Venezuela post calamitatem terraemotus clausae manent. Longum iter est Venetiola post duos terrae motus reverti ad normalitatem. Scholarum per villam clausae manent et adsunt etiam praedae rumores.,2026-07-04 01:10:58+00:00
6981bc89703e40a48c9961e325336ff6,2026-06-29T11:33:11Z,'Erdbeben',www.bild.de,de,0.9,Immer mehr Videos tauchen auf - Venezuelas Militär beklaut Erdbebenopfer,Nach den schweren Beben in Venezuela plündern Soldaten statt bei der Rettung zu helfen.,https://www.bild.de/news/ausland/venezuelas-militaer-beklaut-erdbebenopfer-6a422b5eafe845031b3b203c,"https://images.bild.de/6a422b5eafe845031b3b203c/52434e320f19130bb7fe31ad01aea093,cb85e308?w=1280",http://web.archive.org/web/20260629221334/https://www.bild.de/news/ausland/venezuelas-militaer-beklaut-erdbebenopfer-6a422b5eafe845031b3b203c,TTS-Player überspringenArtikel weiterlesenCaracas (Venezuela) Zwei furchtbare Erdbeben richteten in Venezuela immensen Schaden an. Besonders in La Guaira nahe der Hauptstadt Caracas fielen die Wohnbl… [+3117 chars],,Immer mehr Videos tauchen auf - Venezuelas Militär beklaut Erdbebenopfer. Nach den schweren Beben in Venezuela plündern Soldaten statt bei der Rettung zu helfen.,"More and more videos are emerging - Venezuela's military is stealing from earthquake victims. After the severe earthquake in Venezuela, soldiers loot instead of helping with rescue.","Plures ac magis apparentiae oriuntur - Venetiola militaris ab hostiis terraemotibus surripit. Post gravem terrae motum in Venezuela, milites praedae loco opem ferre possunt.",2026-07-04 01:10:58+00:00
f8bf44070f8d12c0d25a425874cdb957,2026-06-29T19:23:52Z,'Erdbeben Tote',www.tagesschau.de,de,0.9,Zahl der Erdbeben-Todesopfer in Venezuela erhöht sich auf mehr als 1.700,"In Venezuela wurden nach den verheerenden Erdbeben izwischen 1.719 Tote und 5.034 Verletzte registriert. Da noch Zehntausende Menschen vermisst sind, werden weitere Opfer befürchtet. Die USA erweiterten ihre Hilfszusagen.",https://www.tagesschau.de/ausland/amerika/venezuela-erdbeben-148.html,https://images.tagesschau.de/image/2f384128-bbff-4dbb-86e0-9d23ab92f81d/AAABnxTWDtk/AAABnSSvrFg/16x9-big/erdbeben-venezuela-118.jpg?width=1280,http://web.archive.org/web/20260701000613/https://www.tagesschau.de/ausland/amerika/venezuela-erdbeben-148.html,"Stand: 29.06.2026 21:23 Uhr
In Venezuela wurden nach den verheerenden Erdbeben izwischen 1.719 Tote und 5.034 Verletzte registriert. Da noch Zehntausende Menschen vermisst sind, werden weitere Opfer… [+1517 chars]",,"Zahl der Erdbeben-Todesopfer in Venezuela erhöht sich auf mehr als 1.700. In Venezuela wurden nach den verheerenden Erdbeben izwischen 1.719 Tote und 5.034 Verletzte registriert. Da noch Zehntausende Menschen vermisst sind, werden weitere Opfer befürchtet. Die USA erweiterten ihre Hilfszusagen.","Venezuela earthquake death toll rises to more than 1,700 In Venezuela, 1,719 deaths and 5,034 injuries were recorded following the devastating earthquakes. With tens of thousands of people still missing, more victims are feared. The USA expanded its aid commitments.","Terraemotus terrae motus Venetiola plus quam 1,700 In Venezuela oritur, 1,719 mortes et 5,034 iniuriae scripti sunt post terrae motus vastantes. Cum decem milia hominum adhuc desint, plus victimae timentur. USA eius auxilium obligationibus ampliavit.",2026-07-04 01:10:58+00:00
0c830decb8bebaf42681d2e6d82d1d69,2026-06-30T08:29:19Z,'Erdbeben Tote',www.tagesspiegel.de,de,0.9,Erdbebenkatastrophe: Mehr als 1.900 Tote in Venezuela - Kleinkind gerettet,Ein Kind wird nach sechs Tagen lebend aus Trümmern geborgen – doch die Hoffnung für weitere Rettungen schwindet. Bei Angehörigen wachsen Verzweiflung und Wut.,https://www.tagesspiegel.de/gesellschaft/panorama/erdbebenkatastrophe-mehr-als-1900-tote-in-venezuela-kleinkind-gerettet-15776326.html,https://www.tagesspiegel.de/images/15779322/alternates/BASE_16_9_W1400/1782849616000/nach-den-erdbeben-in-venezuela.jpeg,http://web.archive.org/web/20260701054811/https://www.tagesspiegel.de/gesellschaft/panorama/erdbebenkatastrophe-mehr-als-1900-tote-in-venezuela-kleinkind-gerettet-15776326.html,"Nach den Erdbeben in Venezuela ist die Zahl der Toten auf mindestens 1.943 gestiegen. Das teilte der Präsident der Nationalversammlung, Jorge Rodríguez, mit. Inmitten von Tod und Zerstörung gibt es j… [+3324 chars]",,Erdbebenkatastrophe: Mehr als 1.900 Tote in Venezuela - Kleinkind gerettet. Ein Kind wird nach sechs Tagen lebend aus Trümmern geborgen – doch die Hoffnung für weitere Rettungen schwindet. Bei Angehörigen wachsen Verzweiflung und Wut.,"Earthquake disaster: More than 1,900 dead in Venezuela - toddler rescued. A child is rescued alive from the rubble after six days - but hope for further rescues is dwindling. Desperation and anger grow among relatives.","Clades terrae motus: Plus quam 1,900 mortui in Venetiola - toddler ereptus est. Puer vivus post sex dies e ruderibus eruitur - sed spes ulterioris salvatoris minuitur. Crescunt inter cognatos desperatio et ira.",2026-07-04 01:10:58+00:00
66f04784b9451bf9cc7401341122ae93,2026-06-25T07:52:17Z,'Erdbeben',www.spektrum.de,de,0.9,Doppel-Erdbeben in Venezuela: Mindestens 32 Tote nach starken Erdbeben in Venezuela,Zwei Beben innerhalb von nur 39 Sekunden: Viele Gebäude in Venezuela sind eingestürzt. Helfer suchen intensiv nach Verschütteten. Die Opferzahl könnte noch weiter ansteigen.,https://www.spektrum.de/news/mindestens-32-tote-nach-doppel-erdbeben-in-venezuela/2330840,https://static.spektrum.de/fm/912/f1920x1080/602957750_pa.jpg,http://web.archive.org/web/20260627065401/https://www.spektrum.de/news/mindestens-32-tote-nach-doppel-erdbeben-in-venezuela/2330840,"»Wir werden für unsere neuen und großartigen Freunde da sein«, schrieb Trump  wohl mit Blick auf die Übergangsregierung in Caracas. Weiter erklärte er in Bezug auf das wahrscheinliche Ausmaß der Folg… [+1411 chars]",,Doppel-Erdbeben in Venezuela: Mindestens 32 Tote nach starken Erdbeben in Venezuela. Zwei Beben innerhalb von nur 39 Sekunden: Viele Gebäude in Venezuela sind eingestürzt. Helfer suchen intensiv nach Verschütteten. Die Opferzahl könnte noch weiter ansteigen.,Double earthquake in Venezuela: At least 32 dead after strong earthquake in Venezuela. Two earthquakes within just 39 seconds: Many buildings in Venezuela collapsed. Helpers are intensively searching for buried victims. The number of victims could rise even further.,Terre motus duplex in Venetiola: Saltem 32 mortuus est post terrae motus validus in Venetiola. Duo terrae motus intra tantum 39 secundis: Multa aedificia in Venetiola corruerunt. Adiutores intensive victimas sepultas exquirunt. Numerus victimarum etiam amplius exsurgere potuit.,2026-07-04 08:12:47+00:00
8de5885d9c0ae3d49a6c812ea60b60f2,2026-06-26T10:04:37Z,'Erdbeben',www.stern.de,de,0.9,Hilfe nach Erdbeben: THW und Suchhunde aus Deutschland unterwegs nach Venezuela,Nach den schweren Erdbeben in Venezuela sind Rettungskräfte mit Militärmaschinen aus Niedersachsen auf dem Weg ins Katastrophengebiet. Die Retter erwartet eine unübersichtliche Lage.,https://www.stern.de/gesellschaft/regional/niedersachsen-bremen/hilfe-nach-erdbeben--thw-und-suchhunde-aus-deutschland-unterwegs-nach-venezuela-37606158.html,https://image.stern.de/37607582/t/Ew/v1/w1440/r1.7778/-/26--j2mide3ymiv3axs2048jpeg---6f5eeeb201bba3ed.jpg,http://web.archive.org/web/20260627002543/https://www.stern.de/gesellschaft/regional/niedersachsen-bremen/hilfe-nach-erdbeben--thw-und-suchhunde-aus-deutschland-unterwegs-nach-venezuela-37606158.html,"Kopiere den aktuellen Link
Zur Merkliste hinzufügen
Nach den schweren Erdbeben in Venezuela sind Rettungskräfte mit Militärmaschinen aus Niedersachsen auf dem Weg ins Katastrophengebiet. Die Retter… [+4148 chars]",,Hilfe nach Erdbeben: THW und Suchhunde aus Deutschland unterwegs nach Venezuela. Nach den schweren Erdbeben in Venezuela sind Rettungskräfte mit Militärmaschinen aus Niedersachsen auf dem Weg ins Katastrophengebiet. Die Retter erwartet eine unübersichtliche Lage.,"Help after earthquake: THW and search dogs from Germany on the way to Venezuela. After the severe earthquake in Venezuela, rescue workers with military aircraft from Lower Saxony are on their way to the disaster area. A confusing situation awaits the rescuers.","Auxilium post terrae motum: THW et canes ex Germania in via Venezuela quaere. Post graves terrae motus in Venezuela, opifices cum elit militari liberandi ex Saxonia inferiori iter ad calamitatem areae sunt. Conversio condicio servatores manet.",2026-07-04 08:12:47+00:00
69d5f2cc227476000001a6405ed479bd,2026-06-26T10:08:00Z,'Erdbeben',www.dw.com,de,0.9,Erdbeben in Venezuela: Chaos und viele Vermisste,"Nach der Erdbebenkatastrophe in Venezuela ist die Lage dramatisch. Familien suchen unter Trümmern nach Angehörigen, während internationale Hilfe und Rettungskräfte anrücken. Die Opferzahlen könnten in die Tausende gehen.",https://www.dw.com/de/venezuela-erdbeben-rotes-kreuz-thw-spuerhunde-elon-musk-bundesstaat-la-guaira-verschuettete/a-77720041,https://static.dw.com/image/77720283_6.jpg,,Unter widrigen und teils lebensgefährlichen Umständen suchen verzweifelte Menschen nach der Erdbebenkatastrophe in Venezuela verschüttete Angehörige in meterhohen Schutthaufen. Im Bundesstaat La Guai… [+6898 chars],,"Erdbeben in Venezuela: Chaos und viele Vermisste. Nach der Erdbebenkatastrophe in Venezuela ist die Lage dramatisch. Familien suchen unter Trümmern nach Angehörigen, während internationale Hilfe und Rettungskräfte anrücken. Die Opferzahlen könnten in die Tausende gehen.","Earthquake in Venezuela: chaos and many missing people. After the earthquake catastrophe in Venezuela, the situation is dramatic. Families search for relatives under rubble as international aid and rescue workers arrive. The number of victims could be in the thousands.","Terrae motus in Venetiola: chaos et multi absentes homines. Post calamitatem terrae motus in Venezuela, condicio dramatica est. Familiae propinquis sub ruderibus quaerunt ut auxilium internationale et opifices subveniant. Numerus victimarum in milibus esse potuit.",2026-07-04 08:12:47+00:00
c36ae4f162bcf7de89d7bcb74ade4a5b,2026-06-26T12:47:45Z,'Erdbeben Überlebende',www.stern.de,de,0.9,Fieberhafte Suche nach Verschütteten in Venezuela - Erste Helfer aus dem Ausland gelandet,Mit schwerem Gerät ebenso wie mit bloßen Händen suchen Retter in Venezuela in einem Rennen gegen die Zeit nach Überlebenden des schweren Doppel-Erdbebens. Erste Helfer aus dem Ausland trafen am Freitag in dem südamerikanischen Land ein. Vier Bundeswehr-Maschi…,https://www.stern.de/news/fieberhafte-suche-nach-verschuetteten-in-venezuela---erste-helfer-aus-dem-ausland-gelandet-37608792.html,https://image.stern.de/37608794/t/Fy/v1/w1440/r1.7778/-/26--helfer-suchen-in-truemmern-im-ort-caraballeda---b742bb5904b47e4c.jpg,,"Kopiere den aktuellen Link
Zur Merkliste hinzufügen
Mit schwerem Gerät ebenso wie mit bloßen Händen suchen Retter in Venezuela in einem Rennen gegen die Zeit nach Überlebenden des schweren Doppel-E… [+3379 chars]",,Fieberhafte Suche nach Verschütteten in Venezuela - Erste Helfer aus dem Ausland gelandet. Mit schwerem Gerät ebenso wie mit bloßen Händen suchen Retter in Venezuela in einem Rennen gegen die Zeit nach Überlebenden des schweren Doppel-Erdbebens. Erste Helfer aus dem Ausland trafen am Freitag in dem südamerikanischen Land ein. Vier Bundeswehr-Maschi…,"Feverish search for buried victims in Venezuela - first aid workers from abroad landed. Using heavy equipment as well as their bare hands, rescuers in Venezuela are searching for survivors of the severe double earthquake in a race against time. The first helpers from abroad arrived in the South American country on Friday. Four Bundeswehr machines…","Inquisitio febricitans victimas sepultas in Venezuela - primum auxilium operarum peregre exposuit. Gravibus instrumentis utentes necnon nudae manus, salvatores in Venezuela quaerunt reliquias gravium duplicis terrae motus in cursu contra tempus. Primi auxiliatores peregre venerunt in regionem Meridionalem die Veneris. Quattuor Bundeswehr machinis…",2026-07-04 08:12:47+00:00
89e82055d64f73d9a63b21c8a4a04427,2026-06-26T22:06:32Z,'Erdbeben Rettungskräfte',www.tagesspiegel.de,de,0.9,Erdbeben: Venezuela militarisiert Katastrophenregion nach Beben,Soldaten sollen im schwer betroffenen La Guaira die Sicherheit gewährleisten. Mehr als 70.000 Familien sind dort von den Erdbeben betroffen. Die Todeszahl in Venezuela liegt bereits bei 920.,https://www.tagesspiegel.de/gesellschaft/panorama/erdbeben-venezuela-militarisiert-katastrophenregion-nach-beben-15766537.html,https://www.tagesspiegel.de/images/15766536/alternates/BASE_16_9_W1400/1782511592000/erdbeben-in-venezuela.jpeg,,Angesichts der schweren Schäden im Bundesstaat La Guaira durch das Doppel-Erdbeben in Venezuela hat die Regierung die Region im Norden des Landes militarisiert. Die Streitkräfte hätten die Kontrolle … [+1168 chars],,Erdbeben: Venezuela militarisiert Katastrophenregion nach Beben. Soldaten sollen im schwer betroffenen La Guaira die Sicherheit gewährleisten. Mehr als 70.000 Familien sind dort von den Erdbeben betroffen. Die Todeszahl in Venezuela liegt bereits bei 920.,"Earthquake: Venezuela militarizes disaster region after earthquake. Soldiers are supposed to ensure security in the badly affected La Guaira. More than 70,000 families there are affected by the earthquakes. The death toll in Venezuela is already 920.",Terrae motus: Venezuela regionis calamitatem militaret post terrae motum. Milites in La Guaira male affecti securitatem praestare existimantur. Plus quam 7000 familiae terrae motuum sunt affectae. Theloneum mortis in Venetiola iam est DCCCCXX.,2026-07-04 08:12:47+00:00
e9127b7cfc264274891f39f094d7ad49,2026-06-27T13:58:53Z,'Erdbeben Rettungskräfte',www.zeit.de,de,0.9,Erdbeben in Venezuela: Rettungskräfte in Venezuela rechnen kaum noch mit Überlebenden,Die Suche nach Verschütteten in Venezuela dauert weiter an – landesweit werden mehr als 50.000 Menschen vermisst. 1.600 Rettungskräfte aus dem Ausland sind im Einsatz.,https://www.zeit.de/politik/ausland/2026-06/erdbeben-venezuela-la-guaira-delcy-rodriguez,https://img.zeit.de/politik/ausland/2026-06/erdbeben-venezuela-la-guaira-delcy-rodriguez-foto-1/wide__1300x731,,"Nach den Erdbeben mit mindestens 920 Toten in Venezuela wird es immer unwahrscheinlicher, noch Überlebende in den Trümmern zu finden. In der besonders betroffenen Stadt La Guaira suchten die Menschen… [+1326 chars]",,Erdbeben in Venezuela: Rettungskräfte in Venezuela rechnen kaum noch mit Überlebenden. Die Suche nach Verschütteten in Venezuela dauert weiter an – landesweit werden mehr als 50.000 Menschen vermisst. 1.600 Rettungskräfte aus dem Ausland sind im Einsatz.,"Earthquake in Venezuela: Rescue workers in Venezuela hardly expect any survivors. The search for those buried in Venezuela continues - more than 50,000 people are missing across the country. 1,600 rescue workers from abroad are on duty.","Terrae motus in Venetiola: opifices in Venetiola liberate vix ullos superstites exspectant. Conquisitio pro iis qui in Venetiola sepulti sunt pergit - plus quam 50.000 homines per patriam desunt. 1,600 Labores peregre liberandi sunt in excubiis.",2026-07-04 08:12:47+00:00
50e864c678011b680ff4a7e242eb598d,2026-06-27T14:37:49Z,'Erdbeben Rettungskräfte',www.stern.de,de,0.9,Hilfe nach Erdbeben: Fünfter Bundeswehr-Flieger mit Hilfskräften nach Venezuela,Nach dem Erdbeben in Venezuela machen sich erneut Rettungskräfte in einer Militärmaschine aus Niedersachsen auf den Weg ins Katastrophengebiet. Derzeit soll täglich ein Flugzeug starten.,https://www.stern.de/gesellschaft/regional/niedersachsen-bremen/hilfe-nach-erdbeben--fuenfter-bundeswehr-flieger-mit-hilfskraeften-nach-venezuela-37613132.html,https://image.stern.de/37613134/t/Cf/v1/w1440/r1.7778/-/27--uyr2n4uzyyv7axs2048jpeg---e50dccaf91c4f4a3.jpg,http://web.archive.org/web/20260628011549/https://www.stern.de/gesellschaft/regional/niedersachsen-bremen/hilfe-nach-erdbeben--fuenfter-bundeswehr-flieger-mit-hilfskraeften-nach-venezuela-37613132.html,"Kopiere den aktuellen Link
Zur Merkliste hinzufügen
Nach dem Erdbeben in Venezuela machen sich erneut Rettungskräfte in einer Militärmaschine aus Niedersachsen auf den Weg ins Katastrophengebiet. D… [+1026 chars]",,Hilfe nach Erdbeben: Fünfter Bundeswehr-Flieger mit Hilfskräften nach Venezuela. Nach dem Erdbeben in Venezuela machen sich erneut Rettungskräfte in einer Militärmaschine aus Niedersachsen auf den Weg ins Katastrophengebiet. Derzeit soll täglich ein Flugzeug starten.,"Help after earthquake: Fifth Bundeswehr pilot with relief workers to Venezuela. After the earthquake in Venezuela, rescue workers are once again making their way to the disaster area in a military machine from Lower Saxony. One plane is currently scheduled to take off every day.","Subsidia post terrae motum: Quintus Bundeswehr gubernator cum adiutoribus Venetiolae subsidio est. Post terrae motus in Venezuela, adiutores liberandi iterum iter faciunt ad calamitatem aream in machina militari ex Saxonia inferiori. Unum planum est currently scheduled quotidie tollere.",2026-07-04 08:12:47+00:00
cc25eebeefd1f90736c64b5d568af786,2026-06-27T17:31:15Z,'Erdbeben',www.n-tv.de,de,0.9,"""Ein Wettlauf gegen die Zeit"": Zahl der Toten steigt nach Erdbeben in Venezuela auf mehr als 1400","Am Mittwoch kommt es westlich von Caracas zu zwei Erdstößen. Die Opferzahl steigt weiter an, zahlreiche Menschen werden noch vermisst. Hilfe aus der ganzen Welt ist unterwegs - auch aus Deutschland.",https://www.n-tv.de/newsletter/breakingnews/Zahl-der-Toten-steigt-nach-Erdbeben-in-Venezuela-auf-mehr-als-1400-id31021851.html,https://www.n-tv.de/img/31021872/1782589617/Img_16_9/1200/Rettungskraefte-durchsuchen-drei-Tage-nach-den-Erdbeben-in-La-Guaira-die-Truemmer.jpg,,"""Ein Wettlauf gegen die Zeit""Zahl der Toten steigt nach Erdbeben in Venezuela auf mehr als 1400
Die Suche in Schutt und Trümmern wird unermüdlich unter schwierigen Bedingungen fortgesetzt. (Foto: pi… [+4133 chars]",,"""Ein Wettlauf gegen die Zeit"": Zahl der Toten steigt nach Erdbeben in Venezuela auf mehr als 1400. Am Mittwoch kommt es westlich von Caracas zu zwei Erdstößen. Die Opferzahl steigt weiter an, zahlreiche Menschen werden noch vermisst. Hilfe aus der ganzen Welt ist unterwegs - auch aus Deutschland.","“A race against time”: Death toll rises to more than 1,400 after earthquake in Venezuela. On Wednesday there were two tremors west of Caracas. The number of victims continues to rise and many people are still missing. Help is on the way from all over the world - including from Germany.","""Gens contra tempus"": mors thelonei plus quam 1,400 oritur post terrae motus in Venezuela. Die mercurii duo tremores in occidente Caracae fuerunt. Numerus victimarum oritur et adhuc multi desunt. Auxilium viae est ex toto orbe — possidet ex Germania.",2026-07-04 08:12:47+00:00
b6a1364d55c22bea9ca6736e02cc384b,2026-06-28T07:41:07Z,'Erdbeben',www.morgenpost.de,de,0.9,Erdbeben in Venezuela: Elfjähriger nach drei Tagen aus Trümmern gerettet,Nach dem schweren Erdbeben in Venezuela werden nach Angaben der Vereinten Nationen noch mehr als 50.000 Menschen vermisst. Der Newsblog.,https://www.morgenpost.de/panorama/article412385382/venezuela-erdbeben-news-aktuell-opfer-tote-truemmer-rettung.html,https://img.sparknews.funkemedien.de/412394326/412394326_1782409468_v16_9_1600.jpeg,,Nach dem verheerenden Doppel-Erdbeben in Venezuela sind nach UN-Angaben Rettungsteams aus mindestens 17 Ländern unterwegs in die Krisenregion oder bereits vor Ort eingetroffen. Die Entsendung von Ret… [+720 chars],,Erdbeben in Venezuela: Elfjähriger nach drei Tagen aus Trümmern gerettet. Nach dem schweren Erdbeben in Venezuela werden nach Angaben der Vereinten Nationen noch mehr als 50.000 Menschen vermisst. Der Newsblog.,"Earthquake in Venezuela: Eleven-year-old boy rescued from rubble after three days. According to the United Nations, more than 50,000 people are still missing after the severe earthquake in Venezuela. The news blog.",Terrae motus in Venetiola: Puer undecim annorum post tres dies e ruderibus ereptus est. Secundum Nationes Unitas plus quam 50.000 homines desunt post graves terrae motus in Venetiola. Diarii nuntia.,2026-07-04 08:12:47+00:00
22f9140241c53bc7bc9b281e1b002ceb,2026-06-29T02:02:41Z,'Erdbeben',www.tagesspiegel.de,de,0.9,Nach verheerenden Erdbeben: Rettungskräfte kämpfen in Venezuela weiter gegen die Zeit,Teams aus aller Welt suchen in Venezuela unter Trümmern nach Vermissten. Gleichzeitig harren zahlreiche Menschen unter freiem Himmel aus. Überall wird Hilfe benötigt.,https://www.tagesspiegel.de/gesellschaft/panorama/nach-verheerenden-erdbeben-rettungskrafte-kampfen-in-venezuela-weiter-gegen-die-zeit-15771817.html,https://www.tagesspiegel.de/images/15773733/alternates/BASE_16_9_W1400/1782736163000/technisches-hilfswerk-in-venezuela.jpeg,,Auch am fünften Tag nach den verheerenden Erdbeben mit mehr als 1.400 Toten in Venezuela geben die Rettungskräfte nicht auf. Die ganze Nacht hindurch suchten Einsatzkräfte aus Venezuela und zahlreich… [+4715 chars],,Nach verheerenden Erdbeben: Rettungskräfte kämpfen in Venezuela weiter gegen die Zeit. Teams aus aller Welt suchen in Venezuela unter Trümmern nach Vermissten. Gleichzeitig harren zahlreiche Menschen unter freiem Himmel aus. Überall wird Hilfe benötigt.,"After devastating earthquakes: rescue workers continue to fight against time in Venezuela. Teams from all over the world are searching for missing people under rubble in Venezuela. At the same time, numerous people are waiting in the open air. Help is needed everywhere.",Post terrae motus vastatos: opifices liberate in Venezuela contra tempus pugnare pergunt. Partes ex toto orbe terrarum quaerunt homines absentis sub ruderibus in Venetiola. Eodem tempore multi sub divo exspectant. Auxilium ubique opus est.,2026-07-04 08:12:47+00:00
316df597322e826dd95cc4d450660b4a,2026-06-25T11:35:19Z,'Erdbeben',www.faz.net,de,0.9,Zahlen steigen: Mindestens 164 Tote bei Erdbeben in Venezuela,Nach zwei Erdbeben in Venezuela steigt die Zahl der Toten. Nach Angaben der Präsidentin kommen mindestens 164 Menschen ums Leben. Es sind noch mehr Opfer zu befürchten.,https://www.faz.net/aktuell/gesellschaft/ungluecke/mindestens-164-tote-bei-erdbeben-in-venezuela-accg-200967210.html,https://media0.faz.net/image/w1200h627/e4a711f3aa15/w6332h3308x0y127o/202606/43601.0.2260924326/eine-frau-traegt-ein-kind-an.webp,http://web.archive.org/web/20260626051028/https://www.faz.net/aktuell/gesellschaft/ungluecke/mindestens-164-tote-bei-erdbeben-in-venezuela-accg-200967210.html,"Nach zwei schweren Erdbeben in Venezuela ist die Zahl der Toten nach Angaben der geschäftsführenden Präsidentin Delcy Rodríguez auf mindestens 164 gestiegen. Mindestens 971 Menschen wurden verletzt, … [+3024 chars]",,Zahlen steigen: Mindestens 164 Tote bei Erdbeben in Venezuela. Nach zwei Erdbeben in Venezuela steigt die Zahl der Toten. Nach Angaben der Präsidentin kommen mindestens 164 Menschen ums Leben. Es sind noch mehr Opfer zu befürchten.,"Numbers are rising: At least 164 dead in earthquake in Venezuela. The death toll is rising after two earthquakes in Venezuela. According to the president, at least 164 people are killed. There are more victims to fear.",Surgunt numeri: Saltem 164 terrae motu mortui in Venezuela. Theloneum mortis oritur post duos terrae motus in Venetiola. Secundum praesidem saltem 164 homines interfecti sunt. Plures victimas timent.,2026-07-05 15:50:20+00:00
54a0c6bd4be3b8a35f0c676f2bccba82,2026-06-27T02:05:00Z,'Erdbeben',www.zeit.de,de,0.9,Erdbebenkatastrophe: «Kritische Stunden» für Suchteams nach Beben in Venezuela,Hier finden Sie Informationen zu dem Thema „Erdbebenkatastrophe“. Lesen Sie jetzt „«Kritische Stunden» für Suchteams nach Beben in Venezuela“.,https://www.zeit.de/news/2026-06/27/kritische-stunden-fuer-suchteams-nach-beben-in-venezuela,https://img.zeit.de/news/2026-06/27/kritische-stunden-fuer-suchteams-nach-beben-in-venezuela-image-group/wide__1300x731,http://web.archive.org/web/20260628040311/https://www.zeit.de/news/2026-06/27/kritische-stunden-fuer-suchteams-nach-beben-in-venezuela,Venezuela steht nach den verheerenden Erdbeben vor entscheidenden Stunden bei der Rettung von Überlebenden. Das sagte die geschäftsführende Präsidentin Delcy Rodríguez mit Blick auf den dritten Tag d… [+3428 chars],,Erdbebenkatastrophe: «Kritische Stunden» für Suchteams nach Beben in Venezuela. Hier finden Sie Informationen zu dem Thema „Erdbebenkatastrophe“. Lesen Sie jetzt „«Kritische Stunden» für Suchteams nach Beben in Venezuela“.,Earthquake disaster: “Critical hours” for search teams after earthquake in Venezuela. Here you will find information on the topic of “earthquake disasters”. Read “Critical hours” for search teams after earthquake in Venezuela now.,"Terrae motus clades: ""Horae Criticae"" pro quaesitis iugis terrae motu in Venetiola. Hic informationes invenies in argumento ""clades terrae motus"". Lege ""Horae Criticae"" pro quaestionis iugis terrae motu in Venetiola nunc.",2026-07-05 15:50:20+00:00
d4599fbce71afac9fd8f49fcfbfc2bb3,2026-06-27T04:40:25Z,'Erdbeben Rettungsarbeiten',www.faz.net,de,0.9,Nach Schweren Erdbeben: „Kritische Stunden“ für Suchteams in Venezuela,Die Regierung stellt den von den Erdbeben stark betroffenen Bundesstaat La Guaira unter Militärkontrolle und sperrt die Zufahrtsstraßen. So sollen die Rettungsarbeiten effizienter organisiert werden.,https://www.faz.net/aktuell/gesellschaft/ungluecke/venezuela-kritische-stunden-fuer-suchteams-nach-erdbeben-accg-200974050.html,https://media0.faz.net/image/w1200h627/21c72c0fd369/w5500h2873x0y110o/202606/43601.0.2268480168/einsatzkraefte-aus-el-salvador.webp,http://web.archive.org/web/20260628031233/https://www.faz.net/aktuell/gesellschaft/ungluecke/venezuela-kritische-stunden-fuer-suchteams-nach-erdbeben-accg-200974050.html,Venezuela steht nach den verheerenden Erdbeben vor entscheidenden Stunden bei der Rettung von Überlebenden. Das sagte die geschäftsführende Präsidentin Delcy Rodríguez mit Blick auf den dritten Tag d… [+3332 chars],,Nach Schweren Erdbeben: „Kritische Stunden“ für Suchteams in Venezuela. Die Regierung stellt den von den Erdbeben stark betroffenen Bundesstaat La Guaira unter Militärkontrolle und sperrt die Zufahrtsstraßen. So sollen die Rettungsarbeiten effizienter organisiert werden.,"After severe earthquake: “Critical hours” for search teams in Venezuela. The government places the state of La Guaira, which was badly affected by the earthquakes, under military control and closes the access roads. In this way, the rescue work should be organized more efficiently.","Post graves terrae motus: ""Horae Criticae"" pro iugis quaerendi in Venetiola. Regimen civitatis La Guaira locat, quae terrae motibus male affectus erat, sub potestate militari aditus viarum claudit. Hoc modo, adiutorium opus efficacius constituatur.",2026-07-05 15:50:20+00:00
84d06d10806f57c62ffead97164a6512,2026-06-26T08:00:49Z,'Erdbeben Rettungskräfte',www.bild.de,de,0.9,Zwei Erdbeben erschüttern Venezuela - Die Apokalypse von Caracas,"Caracas (Venezuela) – Zwei schwere Erdbeben innerhalb von nur 39 Sekunden erschütterten Venezuela. Ein lautes Krachen, schreiende Menschen, dann eine gro...",https://www.bild.de/news/ausland/zwei-erdbeben-erschuettern-venezuela-die-apokalypse-von-caracas-6a3d21a9b7ab279f3082d81b,"https://images.bild.de/6a3d21a9b7ab279f3082d81b/851a82ae7ee7f7b8ecff3e2447714bd6,327e5d?w=1280",http://web.archive.org/web/20260627051311/https://www.bild.de/news/ausland/zwei-erdbeben-erschuettern-venezuela-die-apokalypse-von-caracas-6a3d21a9b7ab279f3082d81b,"TTS-Player überspringenArtikel weiterlesenCaracas (Venezuela) Zwei schwere Erdbeben innerhalb von nur 39 Sekunden erschütterten Venezuela. Ein lautes Krachen, schreiende Menschen, dann eine große Sta… [+2298 chars]",,"Zwei Erdbeben erschüttern Venezuela - Die Apokalypse von Caracas. Caracas (Venezuela) – Zwei schwere Erdbeben innerhalb von nur 39 Sekunden erschütterten Venezuela. Ein lautes Krachen, schreiende Menschen, dann eine gro...","Two earthquakes shake Venezuela - The apocalypse of Caracas. Caracas (Venezuela) – Two severe earthquakes within just 39 seconds shook Venezuela. A loud crash, people screaming, then a big...","Duo terrae motus Venetiola concutiunt - Apocalypsis Caracae. Caracas (Venezuela) - Duo terrae motus graves in tantum 39 secundis Venetiola concussi sunt. Magnus fragor, clamor populus, deinde magnus...",2026-07-06 09:37:31+00:00
186ca6e3d05ae5ccf02ca9f9950994c9,2026-06-25T00:06:16Z,'Erdbeben Epizentrum',www.stern.de,de,0.9,Notfälle: Zwei sehr starke Erdbeben erschüttern Venezuela,Nach zwei heftigen Beben in Venezuela zeigen Videos Schäden an Gebäuden und am Flughafen der Hauptstadt Caracas. Unweit des Epizentrums leben Hunderttausende Menschen.,https://www.stern.de/panorama/notfaelle--zwei-sehr-starke-erdbeben-erschuettern-venezuela-37598382.html,https://image.stern.de/37598384/t/HW/v1/w1440/r1.7778/-/25--3if4cn4t4ov4axs2048jpeg---f1657b0efd39376b.jpg,,"Kopiere den aktuellen Link
Zur Merkliste hinzufügen
Nach zwei heftigen Beben in Venezuela zeigen Videos Schäden an Gebäuden und am Flughafen der Hauptstadt Caracas. Unweit des Epizentrums leben Hun… [+1515 chars]",,Notfälle: Zwei sehr starke Erdbeben erschüttern Venezuela. Nach zwei heftigen Beben in Venezuela zeigen Videos Schäden an Gebäuden und am Flughafen der Hauptstadt Caracas. Unweit des Epizentrums leben Hunderttausende Menschen.,"Emergencies: Two very strong earthquakes shake Venezuela. After two strong earthquakes in Venezuela, videos show damage to buildings and the airport in the capital Caracas. Hundreds of thousands of people live not far from the epicenter.","Subitis: Duo terrae motus validissimi Venetiola concutiunt. Post duos motus validos in Venezuela, videos damnum aedificiis et aeriportum in capitali Caracas ostendunt. Centum milia hominum non longe ab epicente vivunt.",2026-07-06 17:22:23+00:00
5475fe1c1efa75c7be2f6287e9a51f45,2026-06-25T00:07:04Z,'Erdbeben Tote',www.tagesspiegel.de,de,0.9,Viele Tote nach schweren Erdbeben befürchtet: Pristorius bietet Venezuela Hilfe der Bundeswehr an,"Nach den schweren Erdbeben in Venezuela plant das deutsche Verteidigungsministerium, Hilfe zu schicken. Es waren die heftigsten Erschütterungen in dem Land seit mehr als 100 Jahren.",https://www.tagesspiegel.de/gesellschaft/panorama/viele-tote-nach-schweren-erdbeben-befurchtet-pristorius-bietet-venezuela-hilfe-der-bundeswehr-an-15755232.html,https://www.tagesspiegel.de/images/15756273/alternates/BASE_16_9_W1400/1782378846000/topshot-venezuela-earthquake.jpeg,,Nach den schweren Erdbeben in Venezuela hat Bundesverteidigungsminister Boris Pistorius (SPD) die Hilfe der Bundeswehr angeboten. Mit bis zu sechs Transportflugzeugen vom Typ A400M sollen demnach unt… [+10328 chars],,"Viele Tote nach schweren Erdbeben befürchtet: Pristorius bietet Venezuela Hilfe der Bundeswehr an. Nach den schweren Erdbeben in Venezuela plant das deutsche Verteidigungsministerium, Hilfe zu schicken. Es waren die heftigsten Erschütterungen in dem Land seit mehr als 100 Jahren.","Many deaths feared after severe earthquake: Pristorius offers Venezuela help from the Bundeswehr. After the severe earthquakes in Venezuela, the German Defense Ministry is planning to send help. These were the most violent tremors in the country in more than 100 years.","Multae mortes post graves terrae motus metuebantur: Pristorius Venezuela auxilium a Bundeswehr offert. Post graves terrae motus in Venezuela, Ministerium defensionis Germanici auxilium mittere meditatur. Hi tremores violentissimi in patria plus quam 100 annos fuerunt.",2026-07-06 17:22:23+00:00
6dab4f95b5f40e9433e7ab2584e5ba9c,2026-06-25T02:02:40Z,'Erdbeben Tote',www.n-tv.de,de,0.9,Bis zu 100.000 Tote befürchtet: Doppel-Erdbeben sucht Venezuela heim - Panik auf den Straßen,"Zwei heftige Erdbeben in Venezuela sorgen für Panik und Zerstörung. Noch gibt es keine offiziellen Angaben zu Toten oder Verletzten, aber Experten befürchten hohe Opferzahlen. Mehrere Wohnhäuser in Caracas sollen komplett eingestürzt sein.",https://www.n-tv.de/panorama/Doppel-Erdbeben-sucht-Venezuela-heim-Panik-auf-den-Strassen-id31009715.html,https://www.n-tv.de/img/31009716/1782359101/Img_16_9/1200/Maenner-gehen-nach-einem-Erdbeben-zwischen-den-Truemmern-umher.jpg,,"Bis zu 100.000 Tote befürchtetDoppel-Erdbeben sucht Venezuela heim - Panik auf den Straßen
Verwüstungen in Caracas. (Foto: picture alliance/dpa/AP)
Zwei heftige Erdbeben in Venezuela sorgen für Pan… [+2860 chars]",,"Bis zu 100.000 Tote befürchtet: Doppel-Erdbeben sucht Venezuela heim - Panik auf den Straßen. Zwei heftige Erdbeben in Venezuela sorgen für Panik und Zerstörung. Noch gibt es keine offiziellen Angaben zu Toten oder Verletzten, aber Experten befürchten hohe Opferzahlen. Mehrere Wohnhäuser in Caracas sollen komplett eingestürzt sein.","Up to 100,000 dead feared: double earthquake hits Venezuela - panic on the streets. Two violent earthquakes in Venezuela are causing panic and destruction. There is still no official information on deaths or injuries, but experts fear the number of victims is high. Several residential buildings in Caracas are said to have completely collapsed.","Usque ad 100,000 mortuorum timuerunt: duplex terrae motus Venezuela pervenit - terrorem in plateis. Duo terrae motus violenti in Venetiola terrorem et exitium faciunt. Nulla adhuc officialis notitia de morte vel iniuriis, sed periti numerum victimarum excelsum timent. Aliquot aedificia residentiales in Caracas totaliter collapsisse dicuntur.",2026-07-06 17:22:23+00:00
010978b35432934209880991e93d5ea5,2026-06-25T05:30:00Z,'Erdbeben Schäden',www.focus.de,de,0.9,„Ich hatte noch nie so viel Angst“: Berichte aus Venezuela,Zwei schwere Erdbeben haben die Menschen in Venezuela in Angst und Schrecken versetzt. Bewohner der Hauptstadt Caracas berichten von schweren Schäden und schildern ihre Eindrücke.,https://www.focus.de/panorama/welt/ich-hatte-noch-nie-so-viel-angst-berichte-aus-venezuela_5b2580b4-3c40-4cef-8b9f-3ce3be117c24.html,"https://quadro.burda-forward.de/ctf/437ba767-ec8f-40fb-8f52-2e76370241a3.db95b92d-2651-49e2-8f38-ebdbb4e6de29.jpeg?im=RegionOfInterestCrop=(1200,630),regionOfInterest=(1024,683)&hash=c17e0a1ba96ff731a9eee7da5f59e4e891cdcb94d73ca1760171af2b111dd530",http://web.archive.org/web/20260626020110/https://www.focus.de/panorama/welt/ich-hatte-noch-nie-so-viel-angst-berichte-aus-venezuela_5b2580b4-3c40-4cef-8b9f-3ce3be117c24.html,"Ich habe noch nie in meinem Leben so viel Angst gehabt, es war fürchterlich, berichtete eine 57-Jährige der Deutschen Presse-Agentur aus dem Osten der Millionenmetropole, die knapp 200 Kilometer von … [+1279 chars]",,„Ich hatte noch nie so viel Angst“: Berichte aus Venezuela. Zwei schwere Erdbeben haben die Menschen in Venezuela in Angst und Schrecken versetzt. Bewohner der Hauptstadt Caracas berichten von schweren Schäden und schildern ihre Eindrücke.,“I’ve never been so scared”: reports from Venezuela. Two severe earthquakes have frightened the people of Venezuela. Residents of the capital Caracas report severe damage and describe their impressions.,"""Nunquam tam timidus sum"": refert Venetiola. Duo terrae motus graves Venetiolas terruerunt. Incolas capitis Caracae referre grave damnum et eorum impressiones describere.",2026-07-06 17:22:23+00:00
29255d22e682628c6fbe5c868bd98013,2026-06-25T05:54:39Z,'Erdbeben Verletzte',www.zeit.de,de,0.9,Erdbeben in Venezuela: Tote und Hunderte Verletzte bei zwei Erdbeben in Venezuela,"Mindestens 32 Menschen wurden bei zwei Beben in Venezuela getötet, Fachleute rechnen sogar mit Tausenden Toten. Die Regierung rief den Notstand aus.",https://www.zeit.de/gesellschaft/zeitgeschehen/2026-06/erdbeben-venezuela-nord-zentrum-delcy-rodriguez-gxe,https://img.zeit.de/gesellschaft/zeitgeschehen/2026-06/erdbeben-venezuela-nord-zentrum-delcy-rodriguez-ani-bild-6/wide__1300x731,http://web.archive.org/web/20260625203355/https://www.zeit.de/gesellschaft/zeitgeschehen/2026-06/erdbeben-venezuela-nord-zentrum-delcy-rodriguez-gxe,"Zwei schwere Erdbeben haben den Norden und das Zentrum Venezuelas erschüttert und Häuser zum
Einsturz gebracht. Nach Angaben der venezolanischen Staatschefin Delcy Rodríguez wurden dabei mindestens … [+3668 chars]",,"Erdbeben in Venezuela: Tote und Hunderte Verletzte bei zwei Erdbeben in Venezuela. Mindestens 32 Menschen wurden bei zwei Beben in Venezuela getötet, Fachleute rechnen sogar mit Tausenden Toten. Die Regierung rief den Notstand aus.","Earthquake in Venezuela: Dead and hundreds injured in two earthquakes in Venezuela. At least 32 people were killed in two earthquakes in Venezuela, and experts expect thousands of deaths. The government declared a state of emergency.","Terrae motus in Venetiola: Mortui et centeni duobus terrae motibus in Venetiola laesi sunt. Saltem XXXII homines duobus terrae motibus in Venezuela occisi sunt, et periti mille mortes exspectant. Imperium de re publica declaratum esse oportuit.",2026-07-06 17:22:23+00:00
84b67772c1bb321224a0b02df42c07d5,2026-06-25T07:45:11Z,'Erdbeben',www.n-tv.de,de,0.9,Erdbebenopfer berichten: Venezolaner: Auto hat sich bewegt wie ein Blatt Papier,"Hochhäuser stürzen ein, Wohnungen liegen in Trümmern, als zwei Erdbeben Venezuela erschüttern. Augenzeugen berichten von Panik und stundenlangen Stromausfällen.",https://www.n-tv.de/panorama/Venezolaner-Auto-hat-sich-bewegt-wie-ein-Blatt-Papier-id31010270.html,https://www.n-tv.de/img/31010310/1782374064/Img_16_9/1200/CARACAS-VENEZUELA-JUNE-24-A-damaged-vehicle-is-seen-amid-debris-near-a-collapsed-building-following-a-powerful-earthquake-in-Caracas-Venezuela-on-June-24-2026-Venezuela-declared-a-national-state-of-emergency-after-twin-earthquakes-measuring-7-2-and-7-5-in-magnitude-struck-the-country-s-northern-Caribbean-coast-causing-widespread-destruction-disrupting-transportation-and-prompting-tsunami-warnings-across-the-region.jpg,http://web.archive.org/web/20260625151658/https://www.n-tv.de/panorama/Venezolaner-Auto-hat-sich-bewegt-wie-ein-Blatt-Papier-id31010270.html,"Nach Regierungsangaben sind mindestens 32 Menschen ums Leben gekommen. (Foto: Anadolu via Getty Images)
Hochhäuser stürzen ein, Wohnungen liegen in Trümmern, als zwei Erdbeben Venezuela erschüttern.… [+2296 chars]",,"Erdbebenopfer berichten: Venezolaner: Auto hat sich bewegt wie ein Blatt Papier. Hochhäuser stürzen ein, Wohnungen liegen in Trümmern, als zwei Erdbeben Venezuela erschüttern. Augenzeugen berichten von Panik und stundenlangen Stromausfällen.",Earthquake victims report: Venezuelans: Car moved like a piece of paper. High-rise buildings collapse and apartments are in ruins as two earthquakes shake Venezuela. Eyewitnesses report panic and power outages lasting hours.,Victimae terrae motus referunt: Venezuelans: Car movetur sicut charta. Aedificia summus ortum ruinae et habitacula ruinae sunt sicut duo terrae motus Venezuela concutiunt. Testes referunt terrorem et potentiam emissariis diuturnis horis.,2026-07-06 17:22:23+00:00
b5da1b0dea1c76fe37e247fa4c3ed9a6,2026-06-25T08:57:02Z,'Erdbeben',www.bild.de,de,0.9,Kartenflug zeigt: Katastrophe in Venezuela - Hier liegt das Epizentrum des Erdbebens,"Massive Erdbeben haben in Venezuela schwere Verwüstungen angerichtet. Der erste Erdstoß erreichte eine Stärke von 7,2, weniger als eine Minute später fol...",https://www.bild.de/news/katastrophe-in-venezuela-hier-liegt-das-epizentrum-des-erdbebens-6a3ceb460720f035db42cdb8,"https://images.bild.de/6a3ceb460720f035db42cdb8/109b975689389f9ca41654a68bd016a0,bdadbf3d?w=1280",http://web.archive.org/web/20260626042932/https://www.bild.de/news/katastrophe-in-venezuela-hier-liegt-das-epizentrum-des-erdbebens-6a3ceb460720f035db42cdb8,"Mehr zum Video anzeigen 
Massive Erdbeben haben in Venezuela schwere Verwüstungen angerichtet. Der erste Erdstoß erreichte eine Stärke von 7,2, weniger als eine Minute später folgte ein zweiter mit … [+57 chars]",,"Kartenflug zeigt: Katastrophe in Venezuela - Hier liegt das Epizentrum des Erdbebens. Massive Erdbeben haben in Venezuela schwere Verwüstungen angerichtet. Der erste Erdstoß erreichte eine Stärke von 7,2, weniger als eine Minute später fol...","Map flight shows: Catastrophe in Venezuela - The epicenter of the earthquake is here. Massive earthquakes have wreaked havoc in Venezuela. The first tremor reached a magnitude of 7.2, followed less than a minute later...","Tabula fugae ostendit: Catastrophe in Venezuela - Motus motus hic est epicenter. Motus magni ponderis in Venetiola stragem fecerunt. Primus tremor magnitudinem 7.2 attingit, postea minus quam minutum secutus est.",2026-07-06 17:22:23+00:00
485d9681d7803588c54f61a8f099c4f2,2026-06-25T10:18:00Z,'Erdbeben Epizentrum',steiermark.orf.at,de,0.9,Steirer bereitet Hilfe für Venezuela vor,Innerhalb einer Minute haben am Mittwochabend (Ortszeit) zwei schwere Erdbeben Venezuela erschüttert. Internationale Hilfe wurde angefordert. Auf den Hilfseinsatz bereitet sich auch der steirische Krisenmanager Wolfgang Wedan von der Organsiation „Jugend eine…,https://steiermark.orf.at/stories/3359983/,https://ibs.orf.at/stm?image=https%3A%2F%2Foekastatic.orf.at%2Fmims%2F2026%2F26%2F32%2Fcrops%2Fw%3D1200%2Ch%3D627%2Cq%3D75%2F3087411_master_1195432_apatopshots_-_venezuela_-_earthquake_.jpg%3Fs%3D9bd9a9bf5d21ef3476332cad7068c6272a36988e,,"Die Beben, die Venezuela erschüttert haben, hatten die Stärke 7,2 und 7,5. Die US-Erdbebenwarte USGS rechnet mit enormer Zerstörung und schätzt die Zahl der möglichen Todesopfer auf 10.000 bis 100.00… [+2237 chars]",,Steirer bereitet Hilfe für Venezuela vor. Innerhalb einer Minute haben am Mittwochabend (Ortszeit) zwei schwere Erdbeben Venezuela erschüttert. Internationale Hilfe wurde angefordert. Auf den Hilfseinsatz bereitet sich auch der steirische Krisenmanager Wolfgang Wedan von der Organsiation „Jugend eine…,Steirer is preparing aid for Venezuela. Two severe earthquakes shook Venezuela within a minute on Wednesday evening (local time). International help was requested. The Styrian crisis manager Wolfgang Wedan from the organization “Youth a...,"Steirer auxilium Venetiolae parat. Duo graves terrae motus Venezuela intra minutis die Mercurii vesperi (loci temporis). Auxilium internationale petitum est. Discrimen Styrian procurator Wolfgangus Wedan ex ordinatione ""Iuventutis a...",2026-07-06 17:22:23+00:00
39a601cc3ae0ee937acc91bdb1e28705,2026-06-25T17:00:00Z,'Erdbeben',www.welt.de,de,0.9,"39 Sekunden, die in Venezuela für Tod und Zerstörung sorgen","Zwei der stärksten Erdbeben des laufenden Jahres haben Venezuela getroffen. Die Zahl der Opfer steigt weiter, Hunderte sind noch unter den Trümmern eingeschlossen. Auch das deutsche Botschaftsgebäude wurde beschädigt. Viele Länder kündigen Hilfe an.",https://www.welt.de/vermischtes/article6a3c6575113e90346dc4ba4e/erdbeben-39-sekunden-die-in-venezuela-fuer-tod-und-zerstoerung-sorgen.html,https://images.welt.de/6a3c6575113e90346dc4ba4e/35f0ad2785f052a7c3da7fddc9bc9316/ci16x9-w1200/2026-06-25t022514z-693922304-rc2m0max3nv5-rtrmadp-3-venezuela-quake-jpg,http://web.archive.org/web/20260627211920/https://www.welt.de/vermischtes/article6a3c6575113e90346dc4ba4e/erdbeben-39-sekunden-die-in-venezuela-fuer-tod-und-zerstoerung-sorgen.html,"Zwei der stärksten Erdbeben des laufenden Jahres haben Venezuela getroffen. Die Zahl der Opfer steigt weiter, Hunderte sind noch unter den Trümmern eingeschlossen. Auch das deutsche Botschaftsgebäude… [+9668 chars]",,"39 Sekunden, die in Venezuela für Tod und Zerstörung sorgen. Zwei der stärksten Erdbeben des laufenden Jahres haben Venezuela getroffen. Die Zahl der Opfer steigt weiter, Hunderte sind noch unter den Trümmern eingeschlossen. Auch das deutsche Botschaftsgebäude wurde beschädigt. Viele Länder kündigen Hilfe an.","39 seconds that cause death and destruction in Venezuela. Two of the strongest earthquakes this year have hit Venezuela. The number of victims continues to rise, with hundreds still trapped under the rubble. The German embassy building was also damaged. Many countries are announcing help.","39 secunda quae in Venetiola mortem et exitium faciunt. Duo terrae motus validissimi hoc anno Venezuela percusserunt. Numerus victimarum oritur, cum centenis adhuc in ruderibus capti sunt. aedificium legationis Germanicae etiam vexatum est. Multae nationes auxilium nuntiant.",2026-07-06 17:22:23+00:00
409fc10b6adca0e441ae5053be432145,2026-06-25T17:30:00Z,'Erdbeben',www.focus.de,de,0.9,Nach Erdbeben in Venezuela: ZDF ändert TV-Programm und verschiebt „Die Bergretter“,Nach der schweren Erdbeben-Katastrophe in Venezuela reagiert das ZDF mit einer Sondersendung. Die Programmänderung verschiebt mehrere Sendungen am Donnerstag (25. Juni).,https://www.focus.de/kultur/kino-tv/nach-erdbeben-in-venezuela-zdf-aendert-tv-programm-und-verschiebt-die-bergretter_93ee92a0-5e87-430a-8bc6-2a84f8df98cb.html,"https://quadro.burda-forward.de/ctf/1cd8244f-be73-4bcc-812d-ccfc09575efa.bb366838-9a16-4f90-a2b3-88d1c3734b58.png?im=RegionOfInterestCrop=(1200,630),regionOfInterest=(952,557)&hash=954c54b8a893f95395448b027f15a1c504967a3d0f9897166981e5bbc7238b43",http://web.archive.org/web/20260625185354/https://www.focus.de/kultur/kino-tv/nach-erdbeben-in-venezuela-zdf-aendert-tv-programm-und-verschiebt-die-bergretter_93ee92a0-5e87-430a-8bc6-2a84f8df98cb.html,In der Nacht von Mittwoch auf Donnerstag (25. Juni) haben zwei schwere Erdbeben Venezuela erschüttert. Das ZDF reagiert kurzfristig mit einer Sondersendung und zeigt ab 19.20 Uhr das ZDF spezial: Erd… [+1148 chars],,Nach Erdbeben in Venezuela: ZDF ändert TV-Programm und verschiebt „Die Bergretter“. Nach der schweren Erdbeben-Katastrophe in Venezuela reagiert das ZDF mit einer Sondersendung. Die Programmänderung verschiebt mehrere Sendungen am Donnerstag (25. Juni).,"After earthquake in Venezuela: ZDF changes TV program and postpones “The Mountain Rescuers”. After the severe earthquake disaster in Venezuela, ZDF reacts with a special broadcast. The programming change postpones several shows on Thursday (June 25).","Post terrae motus in Venetiola: ZDF programmata TV mutat et ""Mons Rescuers"" prorogat. Post gravem terrae motus cladem in Venezuela, ZDF reagit peculiariter iaci. Progressio mutationis prorogat varia spectacula die Iovis (25 Iunii).",2026-07-06 17:22:23+00:00
f1e2f6f24f05d87095a4fd05b6389b12,2026-06-29T06:09:09Z,'Erdbeben',tirol.orf.at,de,0.9,Erdbeben in Imst leicht spürbar,"Ein leichtes Erdbeben hat sich am Montag in den frühen Morgenstunden im Raum Imst (Bezirk Imst) ereignet. Die Erdstöße erreichten eine Stärke von 2,8. Das Erdbeben wurde von einigen Personen im Bereich des Epizentrums leicht verspürt, teilte der Österreichisc…",https://tirol.orf.at/stories/3360440/,https://ibs.orf.at/tir?image=https%3A%2F%2Foekastatic.orf.at%2Fmims%2F2026%2F18%2F73%2Fcrops%2Fw%3D1200%2Ch%3D627%2Cq%3D75%2F3016240_master_1166773_adobestock_109721942.jpeg%3Fs%3D7f8c2df86ea2305f52f89946f080d746b23f141a,http://web.archive.org/web/20260630035616/https://tirol.orf.at/stories/3360440/,"Das Erdbeben ereignete sich um 01.17 Uhr. Laut Geosphere Austria wurden die Erschütterungen von einigen Personen im Bereich des Epizentrums leicht verspürt. Schäden an Gebäuden sind keine bekannt, un… [+255 chars]",,"Erdbeben in Imst leicht spürbar. Ein leichtes Erdbeben hat sich am Montag in den frühen Morgenstunden im Raum Imst (Bezirk Imst) ereignet. Die Erdstöße erreichten eine Stärke von 2,8. Das Erdbeben wurde von einigen Personen im Bereich des Epizentrums leicht verspürt, teilte der Österreichisc…","Earthquake easily felt in Imst. A slight earthquake occurred in the Imst area (Imst district) in the early hours of Monday. The tremors reached a magnitude of 2.8. The earthquake was slightly felt by some people in the area of ​​the epicenter, the Austrian...","Terrae motus facile sentitur in Imst. Levis terrae motus in regione Imst (Imst districtus) in primis horis Lunae incidit. Tremores ad magnitudinem 2.8. Motus motus a quibusdam in regione epicenter, Austriaci... leviter sentiebatur.",2026-07-06 17:22:23+00:00
eee30e6fb03741f887026f2cad61903b,2026-06-27T07:54:13Z,'Erdbeben',www.tagesschau.de,de,0.9,Weitere Erdstöße erschüttern Venezuela - Rettungsarbeiten laufen,"Während die Rettungsarbeiten nach den schweren Erdbeben in Venezuela andauern, hat es dort mehrere Nachbeben gegeben. Mindestens 50.000 Menschen gelten als vermisst. Inzwischen sind erste Hilfskräfte aus dem Ausland eingetroffen.",https://www.tagesschau.de/ausland/amerika/venezuela-nachbeben-100.html,https://images.tagesschau.de/image/d148f82a-f808-400b-b1fb-323075045da4/AAABnwgSbVI/AAABnSSvrFg/16x9-big/venezuela-erdbeben-helfer-100.jpg?width=1280,,"Stand: 27.06.2026 09:54 Uhr
Während die Rettungsarbeiten nach den schweren Erdbeben in Venezuela andauern, hat es dort mehrere Nachbeben gegeben. Mindestens 50.000 Menschen gelten als vermisst. Inzw… [+3018 chars]",,"Weitere Erdstöße erschüttern Venezuela - Rettungsarbeiten laufen. Während die Rettungsarbeiten nach den schweren Erdbeben in Venezuela andauern, hat es dort mehrere Nachbeben gegeben. Mindestens 50.000 Menschen gelten als vermisst. Inzwischen sind erste Hilfskräfte aus dem Ausland eingetroffen.","More tremors shake Venezuela - rescue work is underway. As rescue work continues following the severe earthquakes in Venezuela, there have been several aftershocks. At least 50,000 people are missing. The first aid workers have now arrived from abroad.","Plures tremores Venezuela concutiunt - opus ereptum comparatum est. Cum opus liberandum pergit graves terrae motus in Venetiola sequentes, plures postshocks fuerunt. Saltem 50.000 hominum desunt. Primum auxilium operarios peregre nunc advenit.",2026-07-07 01:19:53+00:00
ef9dff05014947a4c8deebdaf857ad36,2026-06-30T10:48:04Z,'Erdbeben',www.nzz.ch,de,0.9,Erdbeben in Venezuela: wo die Zerstörung am grössten ist,"Nach dem stärksten Erdbeben in Venezuela seit einem Jahrhundert laufen die Rettungsarbeiten weiter. Eine Analyse von Satellitenbildern, Karten und Videos zeigt, welche Regionen besonders schwer getroffen wurden – und warum die Gegend vor drei Jahrzehnten scho…",https://www.nzz.ch/visuals/erdbeben-in-venezuela-wo-die-zerstoerung-am-groessten-ist-ld.10013324,"https://img-msp-prod.nzz.ch/2026/06/30/183599be-a7d4-4795-8759-cfb98b6c05dc.jpg?width=1200&height=675&fit=bounds&quality=75&auto=webp&crop=3840,2160,x0,y0&wmark=nzz",http://web.archive.org/web/20260701032235/https://www.nzz.ch/visuals/erdbeben-in-venezuela-wo-die-zerstoerung-am-groessten-ist-ld.10013324,"Rund eine Woche ist seit dem zweifachen Erdbeben in Venezuela vergangen. Mit jeder Stunde sinkt die Wahrscheinlichkeit, Menschen aus den Ruinen zu bergen. Lokale Rettungsteams und Anwohner gruben anf… [+5257 chars]",,"Erdbeben in Venezuela: wo die Zerstörung am grössten ist. Nach dem stärksten Erdbeben in Venezuela seit einem Jahrhundert laufen die Rettungsarbeiten weiter. Eine Analyse von Satellitenbildern, Karten und Videos zeigt, welche Regionen besonders schwer getroffen wurden – und warum die Gegend vor drei Jahrzehnten scho…","Earthquake in Venezuela: where the destruction is greatest. Rescue work continues after the strongest earthquake in Venezuela in a century. An analysis of satellite images, maps and videos shows which regions were hit particularly hard - and why the area was...","Terrae motus in Venetiola: ubi maxima destructio est. Liberare opus pergit post validissimum terrae motum in Venetiola in saec. Analysis imaginum satellitum, tabularum et videos ostendit quae regiones maxime durae percussae sunt - et cur area esset...",2026-07-07 01:19:53+00:00
06a0e256e99d3a9b58dfc11ae1b90466,2026-06-25T09:40:35Z,'Erdbeben',www.bild.de,de,0.9,Live gefilmt: Gebäude stürzt während des Erdbebens ein - Hier beginnt die Katastrophe,"Ein Mann filmt den Moment, in dem ein schweres Erdbeben Venezuela erschüttert. Vor seinen Augen stürzt ein Gebäude ein.",https://www.bild.de/news/live-gefilmt-gebaeude-stuerzt-waehrend-des-erdbebens-ein-6a3cf54d507c0ee6f17a78bb,"https://images.bild.de/6a3cf54d507c0ee6f17a78bb/f49e6ef12d9b9c546639c83f613a493f,335e97c0?w=1280",,"Mehr zum Video anzeigen 
Ein Mann filmt den Moment, in dem ein schweres Erdbeben Venezuela erschüttert. Vor seinen Augen stürzt ein Gebäude ein, Menschen fliehen in Panik. Bilder, die zeigen, mit we… [+79 chars]",,"Live gefilmt: Gebäude stürzt während des Erdbebens ein - Hier beginnt die Katastrophe. Ein Mann filmt den Moment, in dem ein schweres Erdbeben Venezuela erschüttert. Vor seinen Augen stürzt ein Gebäude ein.",Filmed live: Building collapses during the earthquake - This is where the disaster begins. A man films the moment a massive earthquake hits Venezuela. A building collapses before his eyes.,Vivamus membrana: Aedificium in terrae motu concidit - Haec ubi incipit clades. Homo films momento terrae motus ingens Venezuela pervenit. Aedificium ante oculos eius concidit.,2026-07-10 01:12:29+00:00
83fdd305894c148fd002d11a628f7ad2,2026-06-25T12:08:48Z,'schweres Erdbeben',www.morgenpost.de,de,0.9,Deutsche schildern Horror-Erdbeben in Caracas: „Auto hüpfte auf der Straße“,"In Caracas herrscht nach den schweren Erdbeben große Verwüstung. Zwei Deutsche, die vor Ort leben, schildern Szenen „wie aus einem Film“.",https://www.morgenpost.de/panorama/article412387919/deutsche-schildern-horror-erdbeben-in-caracas-auto-huepfte-auf-der-strasse.html,https://img.sparknews.funkemedien.de/412389041/412389041_1782389327_v16_9_1600.jpeg,,"Ein schweres Erdbeben hat Venezuela erschüttert. Die US-Erdbebenwarte USGS maß die Stärke der Beben mit 7,2 und 7,5. Die Regierung rief den Notstand aus. Bilder und Videos zeigen die Verwüstung, Dutz… [+4712 chars]",,"Deutsche schildern Horror-Erdbeben in Caracas: „Auto hüpfte auf der Straße“. In Caracas herrscht nach den schweren Erdbeben große Verwüstung. Zwei Deutsche, die vor Ort leben, schildern Szenen „wie aus einem Film“.",Germans describe horror earthquake in Caracas: “Car bounced on the street”. There is great devastation in Caracas after the severe earthquakes. Two Germans who live locally describe scenes “like something out of a movie.”,"Germani horrorem terrae motum in Caracae describunt: ""Car in platea surrexit."" Magna devastatio in Caracae post graves terrae motus. Duo Germani qui localiter vivunt scaenae describere ""sicut aliquid ex pellicula.""",2026-07-10 01:12:29+00:00
a5002101053863f8f3651fc7f459daa6,2026-06-26T03:02:00Z,'schweres Erdbeben',www.tagesspiegel.de,de,0.9,Notfälle: Venezuela: Warum die Erdbeben das Land hart treffen,"Warum trifft eine Naturkatastrophe Venezuela besonders hart? Ein Blick auf ein Land zwischen Erdölreichtum, humanitärer Krise und politischem Wandel.",https://www.tagesspiegel.de/gesellschaft/panorama/notfalle-venezuela-warum-die-erdbeben-das-land-hart-treffen-15760515.html,https://www.tagesspiegel.de/images/15760514/alternates/BASE_16_9_W1400/1782442919000/erdbeben-in-venezuela.jpeg,,Die verheerenden Erdbeben mit vielen Toten und mehreren Tausend Verletzten haben Venezuela schwer getroffen. Das Land befindet sich ohnehin schon in einer schwierigen Lage. Seit Jahren leidet Venezue… [+2938 chars],,"Notfälle: Venezuela: Warum die Erdbeben das Land hart treffen. Warum trifft eine Naturkatastrophe Venezuela besonders hart? Ein Blick auf ein Land zwischen Erdölreichtum, humanitärer Krise und politischem Wandel.","Emergencies: Venezuela: Why the earthquakes are hitting the country hard. Why does a natural disaster hit Venezuela particularly hard? A look at a country between oil wealth, humanitarian crisis and political change.","Subitis: Venezuela: Quare terrae motus duritiam terrae feriunt. Cur naturalis cladis Venetiolae praecipue dura percussus est? Vide patriam inter opes oleum, discrimen humanitarium et rerum novarum.",2026-07-10 01:12:29+00:00
c8aed7f4ef1160f55363d62a19610837,2026-06-27T11:27:06Z,'Erdbeben',www.tagesspiegel.de,de,0.9,Erdbebenkatastrophe: Venezuela: Retter nähern sich singend den Verschütteten,Nach den schweren Erdbeben in Venezuela suchen Helfer und Anwohner nach Verschütteten – oft ohne ausreichendes Werkzeug. Ein Weihnachtslied spendet Trost und Hoffnung inmitten der Trümmer.,https://www.tagesspiegel.de/gesellschaft/panorama/erdbebenkatastrophe-venezuela-retter-nahern-sich-singend-den-verschutteten-15767525.html,https://www.tagesspiegel.de/images/15767523/alternates/BASE_16_9_W1400/1782559626000/erdbeben-in-venezuela.jpeg,,"Nach dem schweren Doppelbeben in Venezuela werden im Internet freiwillige Helfer gefeiert, die ihren Rettungseinsatz auf der Suche nach Verschütteten mit Gesang begleiten. Auf einem von El País Méxic… [+2227 chars]",,Erdbebenkatastrophe: Venezuela: Retter nähern sich singend den Verschütteten. Nach den schweren Erdbeben in Venezuela suchen Helfer und Anwohner nach Verschütteten – oft ohne ausreichendes Werkzeug. Ein Weihnachtslied spendet Trost und Hoffnung inmitten der Trümmer.,"Earthquake disaster: Venezuela: rescuers approach the buried victims while singing. After the severe earthquakes in Venezuela, helpers and residents are searching for those buried - often without sufficient tools. A Christmas carol provides comfort and hope amidst the rubble.","Terrae motus clades: Venezuela: servatores adeunt victimas sepultas cantu. Post graves terrae motus in Venezuela, adiutores et incolas sepultos quaerunt, saepe sine instrumentis satis. In caementis natalicium carol solatium et spem praebet.",2026-07-10 01:12:29+00:00
e4c8aee46e5a0a3e9578060e94aee599,2026-06-25T04:12:35Z,'starkes Erdbeben',www.nzz.ch,de,0.9,Vor dem Nato-Gipfel betont Europa in Berlin seine Einigkeit,Das Wichtigste zum Start in den Tag: Europäer versichern der Ukraine vor dem Nato-Gipfel Unterstützung ++ Minister und hohe Beamte in Frankreich müssen zum Drogentest ++ Zwei schwere Erdbeben erschüttern Venezuela,https://www.nzz.ch/vor-dem-nato-gipfel-betont-europa-in-berlin-seine-einigkeit-ld.10012852,"https://img-msp-prod.nzz.ch/2026/06/24/02a67b0d-8782-40d4-a016-44b6ff2d7a67.webp?width=620&height=349&fit=bounds&quality=75&auto=webp&crop=620,349,x0,y31",http://web.archive.org/web/20260627081514/https://www.nzz.ch/vor-dem-nato-gipfel-betont-europa-in-berlin-seine-einigkeit-ld.10012852,Das Wichtigste zum Start in den Tag: Europäer versichern der Ukraine vor dem Nato-Gipfel Unterstützung ++ Minister und hohe Beamte in Frankreich müssen zum Drogentest ++ Zwei schwere Erdbeben erschüt… [+6065 chars],,Vor dem Nato-Gipfel betont Europa in Berlin seine Einigkeit. Das Wichtigste zum Start in den Tag: Europäer versichern der Ukraine vor dem Nato-Gipfel Unterstützung ++ Minister und hohe Beamte in Frankreich müssen zum Drogentest ++ Zwei schwere Erdbeben erschüttern Venezuela,"Ahead of the NATO summit, Europe emphasizes its unity in Berlin. The most important thing to start the day: Europeans assure Ukraine of support before the NATO summit ++ Ministers and high-ranking officials in France have to take a drug test ++ Two severe earthquakes shake Venezuela","Ante verticem NATO, Europa unitatem Berolinensi effert. Praecipuum diei initium: Europaei certiores Ucraina subsidii ante verticem NATO ++ Ministri et magistratus in Gallia summus ordo medicamento experimentum sumere debent ++ Duae terrae motus graves Venezuela agitant.",2026-07-10 16:38:04+00:00
a1bcbb6f6fe8098bcd7e42a0f1edae22,2026-06-25T07:17:00Z,'Erdbeben',www.welt.de,de,0.9,Wie Forscher fatale Erdbeben künftig präzise vorhersagen wollen,"Ein fatales Erdbeben hat Venezuela erschüttert. Bislang ist es unmöglich, Ort, Zeit und Stärke eines solchen Ereignisses exakt vorherzusagen. Große Hoffnungen setzen Forscher in eine neue Methode.",https://www.welt.de/wissenschaft/article6a38fc833131b31f75cc93cf/erdbeben-kritische-muster-wie-forscher-fatale-erdstoesse-kuenftig-praezise-vorhersagen-wollen.html,https://images.welt.de/6a38fc833131b31f75cc93cf/0d93b1f8ac1e5cefb7cecd8a46598968/ci16x9-w1200/dpa-com-260625-99-851167-jpg,,"Ein fatales Erdbeben hat Venezuela erschüttert. Bislang ist es unmöglich, Ort, Zeit und Stärke eines solchen Ereignisses exakt vorherzusagen. Große Hoffnungen setzen Forscher in eine neue Methode.Zwe… [+6716 chars]",,"Wie Forscher fatale Erdbeben künftig präzise vorhersagen wollen. Ein fatales Erdbeben hat Venezuela erschüttert. Bislang ist es unmöglich, Ort, Zeit und Stärke eines solchen Ereignisses exakt vorherzusagen. Große Hoffnungen setzen Forscher in eine neue Methode.","How researchers want to precisely predict fatal earthquakes in the future. A fatal earthquake has shaken Venezuela. It is currently impossible to accurately predict the location, time and strength of such an event. Researchers have high hopes for a new method.","Quomodo investigatores volunt pressius praedicere terrae motus fatales in futuro. A fatal earthquake has shaken Venezuela. Praesens impossibile est ut locum, tempus ac robur talis eventus accurate praedicere possit. Researchers have high hopes for a new method.",2026-07-10 16:38:04+00:00
efb50afd5f4e17b73737461d29cbe526,2026-06-29T15:27:18Z,'Erdbeben',www.zeit.de,de,0.9,Erdbeben in Venezuela: Starkes Nachbeben erschüttert Katastrophengebiet in Venezuela,"In Venezuela hat ein Nachbeben der Stärke 4,6 unter anderem die schwer geschädigte Hafenstadt La Guaira getroffen. Die Hoffnung, weitere Überlebende zu finden, sinkt.",https://www.zeit.de/gesellschaft/zeitgeschehen/2026-06/erdbeben-venezuela-caraballeda-la-guaira-rettung,https://img.zeit.de/gesellschaft/zeitgeschehen/2026-06/erdbeben-venezuela-caraballeda-la-guaira-rettung-foto-1/wide__1300x731,http://web.archive.org/web/20260630040438/https://www.zeit.de/gesellschaft/zeitgeschehen/2026-06/erdbeben-venezuela-caraballeda-la-guaira-rettung,Mehrere Tage nach dem verheerenden Erdbeben in Venezuela wurde das Katastrophengebiet am frühen Morgen von einem schweren Nachbeben getroffen. Das Zentrum des Bebens um 07.01 Uhr (Ortszeit) befand si… [+786 chars],,"Erdbeben in Venezuela: Starkes Nachbeben erschüttert Katastrophengebiet in Venezuela. In Venezuela hat ein Nachbeben der Stärke 4,6 unter anderem die schwer geschädigte Hafenstadt La Guaira getroffen. Die Hoffnung, weitere Überlebende zu finden, sinkt.","Earthquake in Venezuela: Strong aftershock shakes disaster area in Venezuela. In Venezuela, an aftershock with a magnitude of 4.6 hit, among other places, the severely damaged port city of La Guaira. The hope of finding more survivors is diminishing.","Terrae motus in Venezuela: Fortis aftershock quatit calamitatem aream in Venetiola. In Venezuela, inter alia loca percussa magnitudine cum 4.6 ledo, portum civitatis La Guaira graviter afflixit. Spes plus reliquias inveniendi minuit.",2026-07-10 16:38:04+00:00
17ef97948f861fda4a1efc4b3d10431b,2026-06-29T18:31:11Z,'Erdbeben',www.zeit.de,de,0.9,Nach Erdbeben: Lies dankt Venezuela-Helfern bei der Luftwaffe,Hier finden Sie Informationen zu dem Thema „Nach Erdbeben“. Lesen Sie jetzt „Lies dankt Venezuela-Helfern bei der Luftwaffe“.,https://www.zeit.de/news/2026-06/29/lies-dankt-venezuela-helfern-bei-der-luftwaffe,https://img.zeit.de/news/2026-06/29/lies-dankt-venezuela-helfern-bei-der-luftwaffe-image-group/wide__1300x731,http://web.archive.org/web/20260629212748/https://www.zeit.de/news/2026-06/29/lies-dankt-venezuela-helfern-bei-der-luftwaffe,Nach dem verheerenden Erdbeben in Venezuela hat sich Niedersachsens Ministerpräsident Olaf Lies ein Bild von den Hilfsflügen der Luftwaffe gemacht. Auf dem Fliegerhorst in Wunstorf bei Hannover besuc… [+930 chars],,Nach Erdbeben: Lies dankt Venezuela-Helfern bei der Luftwaffe. Hier finden Sie Informationen zu dem Thema „Nach Erdbeben“. Lesen Sie jetzt „Lies dankt Venezuela-Helfern bei der Luftwaffe“.,After earthquake: Lies thanks Venezuelan helpers in the air force. Here you will find information on the topic “After earthquakes”. Now read “Read thanks Venezuela helpers in the air force”.,"Post terrae motus: Est gratia auxiliorum Venezuelan in aere vis. Hic informationes invenies in themate ""Post terrae motus"". Nunc lege ""Venezuela gratias agens adiutores in aere vis"".",2026-07-10 16:38:04+00:00
bdf8bd50dcda2aa038480c506dcbdfb5,2026-06-29T02:02:41Z,'Erdbeben Rettungsarbeiten',www.tagesspiegel.de,de,0.9,Erdbebenkatastrophe: Geruch des Todes breitet sich nach Beben in Venezuela aus,"Die Rettungsarbeiten werden nicht eingestellt, doch die Zeit für die Suche nach Überlebenden läuft aus. Nach den Erdbeben sind viele Familien in Notunterkünften untergebracht.",https://www.tagesspiegel.de/gesellschaft/panorama/erdbebenkatastrophe-geruch-des-todes-breitet-sich-nach-beben-in-venezuela-aus-15771817.html,https://www.tagesspiegel.de/images/15771816/alternates/BASE_16_9_W1400/1782698561000/nach-erdbeben-in-venezuela.jpeg,,"Nach den Erdbeben in Venezuela breitet sich im Katastrophengebiet La Guaira der Geruch verwesender Leichen aus. Der Geruch ist ein Anzeichen dafür, dass noch Leichen unter den Trümmern liegen, schrie… [+3916 chars]",,"Erdbebenkatastrophe: Geruch des Todes breitet sich nach Beben in Venezuela aus. Die Rettungsarbeiten werden nicht eingestellt, doch die Zeit für die Suche nach Überlebenden läuft aus. Nach den Erdbeben sind viele Familien in Notunterkünften untergebracht.","Earthquake disaster: Smell of death spreads after quake in Venezuela. The rescue work does not stop, but time is running out for the search for survivors. After the earthquakes, many families are housed in emergency shelters.","Clades terrae motus: Odor mortis serpit post commotionem in Venezuela. Subvenite opus non cessat, sed tempus breve est ad pervestigationes superstites. Post terrae motus multae familiae in tabernaculis subitis habitant.",2026-07-12 07:43:22+00:00
c1794dbffa7c6083ddd99eb52e98e31e,2026-06-26T01:03:12Z,'Erdbeben',www.stern.de,de,0.9,Hilfe nach Erdbeben in Venezuela: USA schicken Kriegsschiffe und Flugzeuge,"Nach den schweren Erdbeben in Venezuela wollen die USA zwei Kriegsschiffe und auch Transportflugzeuge in das südamerikanische Land schicken. Damit sollten die Rettungs- und Hilfsmaßnahmen vor Ort unterstützt werden, teilte die US-Armee am Donnerstagabend im O…",https://www.stern.de/news/hilfe-nach-erdbeben-in-venezuela--usa-schicken-kriegsschiffe-und-flugzeuge-37604794.html,https://image.stern.de/37604796/t/pf/v1/w1440/r1.7778/-/26--hilfsguetersammlung-fuer-venezuela-in-miami---9a6cf5fa77a51a8b.jpg,http://web.archive.org/web/20260627155613/https://www.stern.de/news/hilfe-nach-erdbeben-in-venezuela--usa-schicken-kriegsschiffe-und-flugzeuge-37604794.html,"Kopiere den aktuellen Link
Zur Merkliste hinzufügen
Nach den schweren Erdbeben in Venezuela wollen die USA zwei Kriegsschiffe und auch Transportflugzeuge in das südamerikanische Land schicken. Dami… [+1254 chars]",,"Hilfe nach Erdbeben in Venezuela: USA schicken Kriegsschiffe und Flugzeuge. Nach den schweren Erdbeben in Venezuela wollen die USA zwei Kriegsschiffe und auch Transportflugzeuge in das südamerikanische Land schicken. Damit sollten die Rettungs- und Hilfsmaßnahmen vor Ort unterstützt werden, teilte die US-Armee am Donnerstagabend im O…","Help after earthquake in Venezuela: USA sends warships and planes. After the severe earthquakes in Venezuela, the USA wants to send two warships and transport aircraft to the South American country. This was intended to support rescue and relief efforts on site, the US Army announced on Thursday evening in the O…","Auxilium post terrae motus in Venezuela: USA naves longas et aeroplana mittit. Post graves terrae motus in Venezuela, USA duas naves longas mittere vult et in regionem Meridionalem Americanam aircraft mittere. Hoc destinatum erat subsidii subsidii ac laboris subsidii situm, Exercitus US die Iovis vesperi in O…nuntiatus est.",2026-07-13 08:35:01+00:00
d11462785e14039f0f9a44b9bd5168cc,2026-06-26T01:03:22Z,'Erdbeben',www.tagesspiegel.de,de,0.9,Erdbebenkatastrophe: Mehr als 900 Tote nach Erdbeben in Venezuela,Zwei starke Erdbeben erschütterten Venezuela. Laut Behörden sind Hunderte Menschen ums Leben gekommen. Auf einer inoffiziellen Internetseite werden Zehntausende als vermisst gemeldet.,https://www.tagesspiegel.de/gesellschaft/panorama/erdbebenkatastrophe-mehr-als-900-tote-nach-erdbeben-in-venezuela-15760470.html,https://www.tagesspiegel.de/images/15766179/alternates/BASE_16_9_W1400/1782495532000/erdbeben-in-venezuela.jpeg,http://web.archive.org/web/20260627064416/https://www.tagesspiegel.de/gesellschaft/panorama/erdbebenkatastrophe-mehr-als-900-tote-nach-erdbeben-in-venezuela-15760470.html,"Nach den Erdbeben in Venezuela steigt die Zahl der Opfer, während die Angehörigen von Vermissten fieberhaft nach ihnen unter den Trümmern und übers Internet suchen. Am zweiten Tag nach der Erdbebenka… [+4728 chars]",,Erdbebenkatastrophe: Mehr als 900 Tote nach Erdbeben in Venezuela. Zwei starke Erdbeben erschütterten Venezuela. Laut Behörden sind Hunderte Menschen ums Leben gekommen. Auf einer inoffiziellen Internetseite werden Zehntausende als vermisst gemeldet.,"Earthquake disaster: More than 900 dead after earthquake in Venezuela. Two strong earthquakes shook Venezuela. According to authorities, hundreds of people have died. Tens of thousands are reported missing on an unofficial website.",Clades terrae motus: Plus quam 900 mortuus post terrae motus in Venetiola. Duo terrae motus validi Venetiola commoti sunt. Centeni homines mortui sunt secundum auctores. Decem milia referuntur absentis in loco privato.,2026-07-13 08:35:01+00:00
a426991a8a36bf4eeab9c983aea4c387,2026-06-26T01:03:22Z,'Erdbeben Verletzte',www.tagesspiegel.de,de,0.9,Hilfe nach Erdbeben: Nach Beben in Venezuela - Deutsche Rettungskräfte unterwegs,"Es gibt viele Tote, viele Verletzte und viele Vermisste - zwei starke Erdbeben haben Venezuela hart getroffen. Deutschland und andere Länder schicken dringend benötigte Hilfe.",https://www.tagesspiegel.de/gesellschaft/panorama/hilfe-nach-erdbeben-nach-beben-in-venezuela-deutsche-rettungskrafte-unterwegs-15760470.html,https://www.tagesspiegel.deundefined,,Nach den verheerenden Erdbeben in Venezuela mit mindestens 235 Toten haben sich die ersten Rettungskräfte aus Deutschland auf den Weg ins Katastrophengebiet gemacht. Vom Fliegerhorst Wunstorf in Nied… [+4634 chars],,"Hilfe nach Erdbeben: Nach Beben in Venezuela - Deutsche Rettungskräfte unterwegs. Es gibt viele Tote, viele Verletzte und viele Vermisste - zwei starke Erdbeben haben Venezuela hart getroffen. Deutschland und andere Länder schicken dringend benötigte Hilfe.","Help after earthquake: After earthquake in Venezuela - German rescue workers on the way. There are many dead, many injured and many missing - two strong earthquakes have hit Venezuela hard. Germany and other countries are sending urgently needed help.","Auxilium post terrae motus: Post terrae motus in Venetiola - German operarios in via liberare. Multi mortui sunt, multi laesi et multi absentes - duo motus validi Venetiola dura percusserunt. Germania aliaeque nationes urgenter auxilium mittunt.",2026-07-13 08:35:01+00:00
e5f7581389fd87ef975f2b5c60b533c6,2026-06-26T01:03:22Z,'Erdbeben',www.tagesspiegel.de,de,0.9,Hilfe nach Erdbeben: Trümmerfeld Venezuela: Opferzahlen steigen schnell,Zwei starke Erdbeben haben Venezuela und die ganze Region an der Karibikküste erschüttert. Inzwischen sind 598 Tote und fast 3.000 Verletzte bestätigt.,https://www.tagesspiegel.de/gesellschaft/panorama/hilfe-nach-erdbeben-trummerfeld-venezuela-opferzahlen-steigen-schnell-15760470.html,https://www.tagesspiegel.de/images/15763756/alternates/BASE_16_9_W1400/1782481271000/erdbeben-in-venezuela.jpeg,,"Die Zahl der Toten nach den zwei schweren Erdbeben in Venezuela ist laut Angaben der Regierung in Caracas auf 589 gestiegen. Zudem seien 2.980 Menschen verletzt worden, sagte die geschäftsführende Pr… [+2660 chars]",,Hilfe nach Erdbeben: Trümmerfeld Venezuela: Opferzahlen steigen schnell. Zwei starke Erdbeben haben Venezuela und die ganze Region an der Karibikküste erschüttert. Inzwischen sind 598 Tote und fast 3.000 Verletzte bestätigt.,"Help after earthquake: Rubble field Venezuela: Number of victims is rising quickly. Two strong earthquakes have shaken Venezuela and the entire region on the Caribbean coast. 598 deaths and almost 3,000 injuries have now been confirmed.",Subsidia post terrae motum: Rubble campus Venezuela: Numerus victimarum cito oritur. Duo terrae motus validi Venetiam et totam regionem in ora Caribici concusserunt. 598 mortes ac paene ad triginta milia iniuriarum nunc confirmatae sunt.,2026-07-13 08:35:01+00:00
8091961e4f464222d0fddc4d811dd92d,2026-06-26T01:44:00Z,'Erdbeben',www.stern.de,de,0.9,Venezuela: Zahl der Erdbebenopfer steigt auf 235 – USA wollen Kriegsschiffe entsenden,Nach dem veheerenden Doppel-Erdbeben in Venezuela wird das Ausmaß der Zerstörung deutlich. Die USA kündigten weitreichende Hilfe an.,https://www.stern.de/panorama/venezuela--opferzahl-steigt---usa-wollen-kriegsschiffe-entsenden-37604828.html,https://image.stern.de/37604882/t/9j/v1/w1440/r1.7778/-/venezuela.jpg,http://web.archive.org/web/20260626183607/https://www.stern.de/panorama/venezuela--opferzahl-steigt---usa-wollen-kriegsschiffe-entsenden-37604828.html,"Kopiere den aktuellen Link
Zur Merkliste hinzufügen
Nach dem veheerenden Doppel-Erdbeben in Venezuela wird das Ausmaß der Zerstörung deutlich. Die USA kündigten weitreichende Hilfe an.
Die Zahl de… [+1558 chars]",,Venezuela: Zahl der Erdbebenopfer steigt auf 235 – USA wollen Kriegsschiffe entsenden. Nach dem veheerenden Doppel-Erdbeben in Venezuela wird das Ausmaß der Zerstörung deutlich. Die USA kündigten weitreichende Hilfe an.,"Venezuela: Number of earthquake victims rises to 235 – USA wants to send warships. After the devastating double earthquake in Venezuela, the extent of the destruction is becoming clear. The USA announced far-reaching aid.","Venezuela: Numerus victimarum terrae motus oritur ad 235 – USA naves longas mittere vult. Depopulatione duplici terrae motu in Venezuela, amplitudo excidii clarum est. USA denuntiavit longe auxilium.",2026-07-13 08:35:01+00:00
245f8d87e0e6c287a64a64a122b1e643,2026-06-26T03:02:41Z,'Erdbeben',www.stern.de,de,0.9,Erdbebenkatastrophe: Verzweiflung in Venezuela: Überlebende bangen um die Zukunft,"Nach den schweren Erdbeben in Caracas haben viele Menschen wie Cerafín Owaldo ihr Zuhause verloren. Sie dürfen nicht mehr an ihr Eigentum heran – und fragen sich, wie es weitergehen soll.",https://www.stern.de/panorama/erdbebenkatastrophe--verzweiflung-in-venezuela--ueberlebende-bangen-um-die-zukunft-37605272.html,https://image.stern.de/37605274/t/J7/v1/w1440/r1.7778/-/26--ptnsefbslwv10axs2048jpeg---99cf9bf76d5fe91e.jpg,http://web.archive.org/web/20260627020117/https://www.stern.de/panorama/erdbebenkatastrophe--verzweiflung-in-venezuela--ueberlebende-bangen-um-die-zukunft-37605272.html,"Kopiere den aktuellen Link
Zur Merkliste hinzufügen
Nach den schweren Erdbeben in Caracas haben viele Menschen wie Cerafín Owaldo ihr Zuhause verloren. Sie dürfen nicht mehr an ihr Eigentum heran u… [+2836 chars]",,"Erdbebenkatastrophe: Verzweiflung in Venezuela: Überlebende bangen um die Zukunft. Nach den schweren Erdbeben in Caracas haben viele Menschen wie Cerafín Owaldo ihr Zuhause verloren. Sie dürfen nicht mehr an ihr Eigentum heran – und fragen sich, wie es weitergehen soll.","Earthquake disaster: despair in Venezuela: survivors fear for the future. After the severe earthquakes in Caracas, many people like Cerafín Owaldo lost their homes. They are no longer allowed to access their property - and are wondering what to do next.","Terrae motus clades: desperatio in Venetiola: reliquiae de futuro timent. Post graves terrae motus in Caracas, multi sicut Cerafin Owaldo domos suas amiserunt. Non amplius licet ad suas possessiones accedere - et mirantur quid faciendum sit.",2026-07-13 08:35:01+00:00
a8b6125f2af600fcf311ce2a9edaa55c,2026-06-26T04:26:00Z,'Erdbeben',www.focus.de,de,0.9,Verzweiflung in Venezuela: Überlebende bangen um die Zukunft,"Nach den schweren Erdbeben in Caracas haben viele Menschen wie Cerafín Owaldo ihr Zuhause verloren. Sie dürfen nicht mehr an ihr Eigentum heran – und fragen sich, wie es weitergehen soll.",https://www.focus.de/panorama/welt/verzweiflung-in-venezuela-ueberlebende-bangen-um-die-zukunft_eaa5c716-c93a-4703-8e05-0ec96a7f40ab.html,"https://quadro.burda-forward.de/ctf/ebd2c9fd-5927-4f1a-a000-22784a5a9170.76cc4b63-7149-44d7-b616-bf9f8656c504.jpeg?im=RegionOfInterestCrop=(1200,630),regionOfInterest=(1024,683)&hash=c7cef7b69ec37f49c206db953ab8c617bb3ccfa11de17cf0907cd53347b8992f",http://web.archive.org/web/20260701100849/https://www.focus.de/panorama/welt/verzweiflung-in-venezuela-ueberlebende-bangen-um-die-zukunft_eaa5c716-c93a-4703-8e05-0ec96a7f40ab.html,"Cerafín Owaldo fleht um nur fünf Minuten. Der 74-Jährige steht vor seinem schwerbeschädigten Wohnhaus in der venezolanischen Hauptstadt Caracas, in dem er seit 40 Jahren lebt - und kann infolge der v… [+2599 chars]",,"Verzweiflung in Venezuela: Überlebende bangen um die Zukunft. Nach den schweren Erdbeben in Caracas haben viele Menschen wie Cerafín Owaldo ihr Zuhause verloren. Sie dürfen nicht mehr an ihr Eigentum heran – und fragen sich, wie es weitergehen soll.","Desperation in Venezuela: Survivors fear for the future. After the severe earthquakes in Caracas, many people like Cerafín Owaldo lost their homes. They are no longer allowed to access their property - and are wondering what to do next.","Desperatio in Venezuela: Superstites timent de futuro. Post graves terrae motus in Caracas, multi sicut Cerafin Owaldo domos suas amiserunt. Non amplius licet ad suas possessiones accedere - et mirantur quid faciendum sit.",2026-07-13 08:35:01+00:00
eb785521546a15e8ca512cd79800cf11,2026-06-26T10:06:06Z,'Erdbeben',www.stern.de,de,0.9,Hilfe nach Erdbeben: Sachsen ruft zu Spenden nach Erdbeben in Venezuela auf,"Zwei Beben in 39 Sekunden: In Venezuela starben mehr als 235 Menschen, Tausende sind verletzt. Warum Sachsen jetzt dringend Spenden für die Katastrophenhilfe sammelt.",https://www.stern.de/gesellschaft/regional/sachsen/hilfe-nach-erdbeben--sachsen-ruft-zu-spenden-nach-erdbeben-in-venezuela-auf-37607596.html,https://image.stern.de/37607598/t/Zm/v1/w1440/r1.7778/-/26--avqoh4rymcv6axs2048jpeg---6d2c2998710b2d7c.jpg,http://web.archive.org/web/20260628002724/https://www.stern.de/gesellschaft/regional/sachsen/hilfe-nach-erdbeben--sachsen-ruft-zu-spenden-nach-erdbeben-in-venezuela-auf-37607596.html,"Kopiere den aktuellen Link
Zur Merkliste hinzufügen
Zwei Beben in 39 Sekunden: In Venezuela starben mehr als 235 Menschen, Tausende sind verletzt. Warum Sachsen jetzt dringend Spenden für die Katas… [+1032 chars]",,"Hilfe nach Erdbeben: Sachsen ruft zu Spenden nach Erdbeben in Venezuela auf. Zwei Beben in 39 Sekunden: In Venezuela starben mehr als 235 Menschen, Tausende sind verletzt. Warum Sachsen jetzt dringend Spenden für die Katastrophenhilfe sammelt.",Help after earthquake: Saxony calls for donations after earthquake in Venezuela. Two quakes in 39 seconds: More than 235 people died in Venezuela and thousands were injured. Why Saxony is now urgently collecting donations for disaster relief.,Auxilium post terrae motum: Saxonia vocat donationes post terrae motus in Venetiola. Duo mota sunt in secundis 39 secundis: Plus quam 235 homines in Venetiola mortui sunt ac mille vulnerati sunt. Quare nunc instanter Saxonia largitionibus calamitatis subsidia colligens.,2026-07-13 08:35:01+00:00
6b8f0dc20db8d405cf6c4c806788d168,2026-06-26T11:25:54Z,'Erdbeben Schäden',www.sueddeutsche.de,de,0.9,Erdbeben in Venezuela: Suche nach Vermissten geht weiter – Deutsche Helfer auf dem Weg,"Tausende Menschen werden noch immer vermisst, die Lage ist unübersichtlich. Deutsche Soldaten und Einsatzkräfte des THW fliegen in die Krisenregion.",https://www.sueddeutsche.de/panorama/erdbeben-venezuela-suche-vermisste-deutsch-hilfe-li.3505845,https://www.sueddeutsche.de/2026/06/26/03c43987-6bff-4620-a97f-93aefff0ff36.jpg?q=60&fm=webp&width=1200&rect=0%2C240%2C4000%2C2250,http://web.archive.org/web/20260627044350/https://www.sueddeutsche.de/panorama/erdbeben-venezuela-suche-vermisste-deutsch-hilfe-li.3505845,Inzwischen trifft auch Unterstützung aus dem Ausland ein. Auch erste Rettungskräfte aus Deutschland haben sich auf den Weg ins Katastrophengebiet gemacht. Vom Fliegerhorst Wunstorf in Niedersachsen h… [+3870 chars],,"Erdbeben in Venezuela: Suche nach Vermissten geht weiter – Deutsche Helfer auf dem Weg. Tausende Menschen werden noch immer vermisst, die Lage ist unübersichtlich. Deutsche Soldaten und Einsatzkräfte des THW fliegen in die Krisenregion.",Earthquake in Venezuela: Search for missing people continues - German helpers on the way. Thousands of people are still missing and the situation is confusing. German soldiers and THW emergency services are flying to the crisis region.,Terrae motus in Venetiola: Quaero absentis homines pergit - auxiliatores Germanos in via. Milia hominum adhuc desunt et condicio confundit. Milites Germani et THW officia tumultuaria ad discrimen regionis volant.,2026-07-13 08:35:01+00:00
04d10a678203eaf77e99b2f465d14b63,2026-06-25T01:00:43Z,'Erdbeben',www.sueddeutsche.de,de,0.9,Naturkatastrophe: Zwei Erdbeben erschüttern Venezuela - US-Behörde befürchtet bis zu 100 000 Tote,"Die kurz aufeinander folgenden Erdbeben zählen zu den stärksten des laufenden Jahres. Videos zeigen eingestürzte Gebäude, der Innenminister spricht von einer „alarmierenden Situation“.",https://www.sueddeutsche.de/panorama/venezuela-erdbeben-caracas-flughafen-naturkatastrophe-li.3504761,https://www.sueddeutsche.de/2026/06/25/03713c68-b3c7-415c-b01e-85b63826b4dc.jpg?q=60&fm=webp&width=1200&rect=0%2C209%2C4000%2C2250,,"Die Beben waren auch in der Hauptstadt Caracas zu spüren. In sozialen Netzwerken kursierten Videos von beschädigten Gebäuden und Schäden unter anderem am Flughafen von Caracas.
Plattform X
Die SZ-R… [+1774 chars]",,"Naturkatastrophe: Zwei Erdbeben erschüttern Venezuela - US-Behörde befürchtet bis zu 100 000 Tote. Die kurz aufeinander folgenden Erdbeben zählen zu den stärksten des laufenden Jahres. Videos zeigen eingestürzte Gebäude, der Innenminister spricht von einer „alarmierenden Situation“.","Natural disaster: Two earthquakes shake Venezuela - US authorities fear up to 100,000 dead. The earthquakes in quick succession are among the strongest of the current year. Videos show collapsed buildings, the Interior Minister speaks of an “alarming situation”.","Clades naturalis: Duo terrae motus Venezuela - US auctoritates usque ad 100,000 mortuorum metuunt. Terrae motus continuos inter validissimos anni currentis sunt. Videos aedificia conlapsa monstrant, minister Interior de condicione ""timoris"" loquitur.",2026-07-13 16:57:52+00:00
a1c4a3daf156fca62843991ab4154320,2026-06-25T05:40:35Z,'Erdbeben',www.nzz.ch,de,0.9,Nach schweren Erdbeben in Venezuela werden Tausende Tote befürchtet – das ist bislang bekannt,Innerhalb weniger Minuten richteten zwei Erdbeben in Venezuela verheerende Schäden an. Ein Überblick.,https://www.nzz.ch/panorama/nach-schweren-erdbeben-in-venezuela-werden-tausende-tote-befuerchtet-das-ist-bislang-bekannt-ld.10012857,"https://img-msp-prod.nzz.ch/2026/06/25/b9a96ada-786e-49b0-8e33-4fac6e316ffb.jpg?width=1200&height=674&fit=bounds&quality=75&auto=webp&crop=5000,2812,x0,y0&wmark=nzz",http://web.archive.org/web/20260626110232/https://www.nzz.ch/panorama/nach-schweren-erdbeben-in-venezuela-werden-tausende-tote-befuerchtet-das-ist-bislang-bekannt-ld.10012857,"Innerhalb weniger Minuten richteten zwei Erdbeben in Venezuela verheerende Schäden an. Ein Überblick.
NZZ-Redaktion25.06.2026, 07.40 Uhr
Zusammenfassung
Helfer suchen in den Trümmern nach Überlebe… [+3460 chars]",,Nach schweren Erdbeben in Venezuela werden Tausende Tote befürchtet – das ist bislang bekannt. Innerhalb weniger Minuten richteten zwei Erdbeben in Venezuela verheerende Schäden an. Ein Überblick.,"Thousands of deaths are feared after a severe earthquake in Venezuela - this is what we know so far. Within minutes, two earthquakes in Venezuela caused devastating damage. An overview.",Milia funerum post gravem terrae motum in Venezuela timentur - hoc tantum scimus. Intra minuta duo terrae motus in Venezuela damnum devastant. Meditatio.,2026-07-13 16:57:52+00:00
a46f218bef9ab09c3b8ab0445a41b136,2026-06-26T11:22:22Z,'Erdbeben',www.tagesschau.de,de,0.9,Erdbeben in Venezuela: Notfallmediziner beklagt mangelnde Versorgung,"Ärztemangel, fehlende Medikamente und kein medizinisches Material: Laut Notfallmediziner Tankred Stöbe spielt sich nach den Erdbeben in Venezuela eine ""zweite Katastrophe"" in den Krankenhäusern des Landes ab.",https://www.tagesschau.de/ausland/amerika/venezuela-erdbeben-versorgung-100.html,https://images.tagesschau.de/image/cf796231-8669-4afa-8624-2580c33df0cc/AAABnwOUeUY/AAABnSSvrFg/16x9-big/sendungsbild-1755386.jpg?width=1280,http://web.archive.org/web/20260627030945/https://www.tagesschau.de/ausland/amerika/venezuela-erdbeben-versorgung-100.html,"Stand: 26.06.2026 13:22 Uhr
Ärztemangel, fehlende Medikamente und kein medizinisches Material: Laut Notfallmediziner Tankred Stöbe spielt sich nach den Erdbeben in Venezuela eine ""zweite Katastrophe… [+972 chars]",,"Erdbeben in Venezuela: Notfallmediziner beklagt mangelnde Versorgung. Ärztemangel, fehlende Medikamente und kein medizinisches Material: Laut Notfallmediziner Tankred Stöbe spielt sich nach den Erdbeben in Venezuela eine ""zweite Katastrophe"" in den Krankenhäusern des Landes ab.","Earthquake in Venezuela: Emergency doctor complains about lack of care. A shortage of doctors, a lack of medication and no medical supplies: According to emergency doctor Tancred Stöbe, a ""second catastrophe"" is taking place in the country's hospitals after the earthquakes in Venezuela.","Terrae motus in Venetiola: medicus tumultuarios queritur de incuria. Defectus medicorum, defectus medicamentorum et nulla commeatuum medicinae: Secundum casum medicum Tancredum Stöbe ""secundum calamitatem"" in valetudinariis patriae post terrae motus in Venezuela peragitur.",2026-07-14 00:56:16+00:00
cd40c8496e76243f7c7afb8a024d32c9,2026-06-29T04:59:53Z,'Erdbeben',www.faz.net,de,0.9,Nach dem Erdbeben: Venezuelas Wiederaufbau bekommt eine neue Bedeutung,"Im Januar war es der militärische Druck der USA, der Caracas zum Pragmatismus zwang. Nun ist es die Katastrophe.",https://www.faz.net/aktuell/politik/ausland/wiederaufbau-bekommt-in-venezuela-eine-neue-bedeutung-200975297.html,https://media0.faz.net/image/w1200h627/109d57558cf7/w5500h2873x0y397o/202606/43601.0.2271915293/in-la-guaira-venezuela-am.webp,http://web.archive.org/web/20260630034553/https://www.faz.net/aktuell/politik/ausland/wiederaufbau-bekommt-in-venezuela-eine-neue-bedeutung-200975297.html,"Eine Naturkatastrophe offenbart viel über ein Land, über seinen Staat und seine Bevölkerung. Das ist auch in Venezuela zu beobachten. Dort hatte sich in den Stunden nach den schweren Erdbeben am Mitt… [+5201 chars]",,"Nach dem Erdbeben: Venezuelas Wiederaufbau bekommt eine neue Bedeutung. Im Januar war es der militärische Druck der USA, der Caracas zum Pragmatismus zwang. Nun ist es die Katastrophe.","After the earthquake: Venezuela's reconstruction takes on new meaning. In January, it was US military pressure that forced Caracas to be pragmatic. Now it's the catastrophe.","Post terrae motus: Venezuela instauratio novum sensum sumit. Mense Ianuario, pressio militaris US Caracas pragmaticam esse coegit. Nunc id ipsum est.",2026-07-14 00:56:16+00:00
2be8b49ac9518516a655b046dcd01230,2026-06-29T18:59:32Z,'Erdbeben',www.zeit.de,de,0.9,Erdbeben: Zahl der Toten in Venezuela steigt auf mehr als 1.700,Hier finden Sie Informationen zu dem Thema „Erdbeben“. Lesen Sie jetzt „Zahl der Toten in Venezuela steigt auf mehr als 1.700“.,https://www.zeit.de/news/2026-06/29/zahl-der-toten-in-venezuela-steigt-auf-mehr-als-1-700,https://img.zeit.de/administratives/sharing/fallback-image-die-zeit/wide__1300x731,http://web.archive.org/web/20260630035600/https://www.zeit.de/news/2026-06/29/zahl-der-toten-in-venezuela-steigt-auf-mehr-als-1-700,"Die offizielle Zahl der Toten nach dem verheerenden Doppel-Erdbeben in Venezuela ist auf 1.719 gestiegen. Wie der Präsident der Nationalversammlung Jorge Rodríguez mitteilte, wurden zudem mehr als 5.… [+60 chars]",,Erdbeben: Zahl der Toten in Venezuela steigt auf mehr als 1.700. Hier finden Sie Informationen zu dem Thema „Erdbeben“. Lesen Sie jetzt „Zahl der Toten in Venezuela steigt auf mehr als 1.700“.,"Earthquake: Death toll in Venezuela rises to more than 1,700. Here you will find information on the topic of “earthquakes”. Now read “Death toll in Venezuela rises to more than 1,700”.","Terrae motus: Mors vectigal in Venezuela ad plus quam mille 700 oritur. Hic informationes invenies in argumento ""terrae motuum"". Nunc legitur ""Theloneum in Venetiola mors plusquam mille 700"" surgit.",2026-07-14 00:56:16+00:00
a5554a5d7383c5c95ffe1c555bc45744,2026-06-27T12:04:44Z,'Erdbeben Überlebende',www.stern.de,de,0.9,Erdbeben in Venezuela: Hoffnung auf Überlebende in La Guaira schwindet,"Nach dem verheerenden Doppel-Erdbeben mit mindestens 920 Toten schwindet in Venezuela die Hoffnung, noch Überlebende in den Trümmern zu finden. In der besonders schlimm betroffenen Stadt La Guaira suchten die Menschen in den Überresten eines eingestürzten Woh…",https://www.stern.de/news/erdbeben-in-venezuela--hoffnung-auf-ueberlebende-in-la-guaira-schwindet-37612684.html,https://image.stern.de/37612686/t/cB/v1/w1440/r1.7778/-/27--um-hilfe-rufende-frau-in-erdbebentruemmern---1c7534efa05acc9b.jpg,,"Kopiere den aktuellen Link
Zur Merkliste hinzufügen
Nach dem verheerenden Doppel-Erdbeben mit mindestens 920 Toten schwindet in Venezuela die Hoffnung, noch Überlebende in den Trümmern zu finden. I… [+3320 chars]",,"Erdbeben in Venezuela: Hoffnung auf Überlebende in La Guaira schwindet. Nach dem verheerenden Doppel-Erdbeben mit mindestens 920 Toten schwindet in Venezuela die Hoffnung, noch Überlebende in den Trümmern zu finden. In der besonders schlimm betroffenen Stadt La Guaira suchten die Menschen in den Überresten eines eingestürzten Woh…","Earthquake in Venezuela: Hope for survivors in La Guaira is dwindling. After the devastating double earthquake with at least 920 deaths, hope of finding any survivors in the rubble is dwindling in Venezuela. In the particularly badly affected town of La Guaira, people searched in the remains of a collapsed...","Terrae motus in Venetiola: Spes supervenientium in La Guaira minuitur. Vastatione duplici terrae motu cum saltem 920 mortes, spes inveniendi residuos in ruderibus in Venezuela minuitur. In oppido La Guaira praecipue male affecto, homines in ruinis ruinae quaesiti sunt...",2026-07-14 07:27:02+00:00
2b2db8142302c717bc7c5566043f473e,2026-06-27T18:10:53Z,'schweres Erdbeben',www.n-tv.de,de,0.9,In Kabul vibrieren Gebäude: Erdbeben im Hindukusch erschüttert Afghanistan und Pakistan,"In Afghanistan treffen die eurasische und die indische tektonische Platte aufeinander, sodass die Gefahr für Erdstöße groß ist. Am Abend kommt es in der Region zu Erschütterungen, die sogar in der pakistanischen Hauptstadt Islamabad zu spüren sind.",https://www.n-tv.de/panorama/Erdbeben-im-Hindukusch-erschuettert-Afghanistan-und-Pakistan-id31021667.html,https://www.n-tv.de/img/31021687/1782581195/Img_16_9/1200/A-general-view-shows-Kabul-Afghanistan-on-June-13-2025-The-Afghan-capital-ringed-by-mountains-reflects-decades-of-conflict-and-reconstruction-with-its-crowded-neighborhoods-mosques-and-unfinished-buildings.jpg,,"Das Ausmaß möglicher Schäden, wie hier in Kabul, ist noch unklar. (Foto: picture alliance / SIPA)
In Afghanistan treffen die eurasische und die indische tektonische Platte aufeinander, sodass die Ge… [+1587 chars]",,"In Kabul vibrieren Gebäude: Erdbeben im Hindukusch erschüttert Afghanistan und Pakistan. In Afghanistan treffen die eurasische und die indische tektonische Platte aufeinander, sodass die Gefahr für Erdstöße groß ist. Am Abend kommt es in der Region zu Erschütterungen, die sogar in der pakistanischen Hauptstadt Islamabad zu spüren sind.","Buildings vibrate in Kabul: Earthquake in the Hindu Kush shakes Afghanistan and Pakistan. In Afghanistan, the Eurasian and Indian tectonic plates meet, so the risk of tremors is great. In the evening there will be tremors in the region, which can even be felt in the Pakistani capital Islamabad.","Aedificia vibuerunt in Kabul: Terraemotus in Prohibeo Kush quatit Afghanistan et Pakistan. In Afghanistan, laminae tectonicae Eurasianae et Indicae occurrunt, itaque periculum tremorum magnum est. Sub vesperum erunt tremores in regione, qui etiam sentiri possunt in Pakistani capitali Islamabada.",2026-07-14 07:27:02+00:00
a38b0a061fb07a2e1faf57dd78cdc87f,2026-06-30T03:30:00Z,'Erdbeben',www.nzz.ch,de,0.9,"In Venezuela steht Trump nach den Erdbeben in der Pflicht: Er verspricht, für die «neuen, grossartigen Freunde» da zu sein","Jetzt ist es an den USA, zu beweisen, dass sie nicht nur am Öl interessiert sind. Sonst könnte es in der erschöpften venezolanischen Bevölkerung bald zu Unruhen kommen.",https://www.nzz.ch/international/in-venezuela-steht-trump-nach-den-erdbeben-in-der-pflicht-er-verspricht-fuer-die-neuen-grossartigen-freunde-da-zu-sein-ld.10013393,"https://img-msp-prod.nzz.ch/2026/06/29/816c3b19-cf5f-4679-98c2-ef1c7de8e2ef.jpg?width=1200&height=674&fit=bounds&quality=75&auto=webp&crop=6754,3799,x0,y704&wmark=nzz",http://web.archive.org/web/20260630225613/https://www.nzz.ch/international/in-venezuela-steht-trump-nach-den-erdbeben-in-der-pflicht-er-verspricht-fuer-die-neuen-grossartigen-freunde-da-zu-sein-ld.10013393,"Jetzt ist es an den USA, zu beweisen, dass sie nicht nur am Öl interessiert sind. Sonst könnte es in der erschöpften venezolanischen Bevölkerung bald zu Unruhen kommen.
Zusammenfassung
Nach jetzige… [+4967 chars]",,"In Venezuela steht Trump nach den Erdbeben in der Pflicht: Er verspricht, für die «neuen, grossartigen Freunde» da zu sein. Jetzt ist es an den USA, zu beweisen, dass sie nicht nur am Öl interessiert sind. Sonst könnte es in der erschöpften venezolanischen Bevölkerung bald zu Unruhen kommen.","In Venezuela, Trump has a duty after the earthquakes: He promises to be there for the “new, great friends”. Now it's up to the US to prove that it's not just interested in oil. Otherwise there could soon be unrest among the exhausted Venezuelan population.","In Venezuela Trump officium post terrae motus habet: ibi promittit ""novos, magnos amicos"". Nunc ad US est probare quod oleum non solum interest. Aliter inter defessam incolarum Venezuelan cito tumultuari potuit.",2026-07-16 01:01:27+00:00
a0df3e8ddb7a6c28396d079169f0f5a6,2026-06-26T11:43:18Z,'Erdbeben Spenden',www.morgenpost.de,de,0.9,Erdbeben Venezuela: Bundeswehr startet Hilfsbrücke – Starlink liefert Internet,"Hilfe für Venezuela nimmt Fahrt auf: Die Bundeswehr schickt Helfer, Starlink stellt kostenloses Internet bereit. Die News im Blog.",https://www.morgenpost.de/panorama/article412385382/venezuela-erdbeben-news-aktuell-bundeswehr-hilfe-tote-verletzte-katastrophe.html,https://img.sparknews.funkemedien.de/412394628/412394628_1782420392_v16_9_1600.jpeg,,"Schwere Erdbeben haben Teile Venezuelas erschüttert und massive Zerstörungen in dem südamerikanischen Land verursacht. Dabei sind zahlreiche Gebäude eingestürzt, viele Menschen gestorben und Strom- u… [+1136 chars]",,"Erdbeben Venezuela: Bundeswehr startet Hilfsbrücke – Starlink liefert Internet. Hilfe für Venezuela nimmt Fahrt auf: Die Bundeswehr schickt Helfer, Starlink stellt kostenloses Internet bereit. Die News im Blog.","Earthquake Venezuela: Bundeswehr launches auxiliary bridge – Starlink supplies internet. Aid for Venezuela is gaining momentum: The Bundeswehr is sending helpers, Starlink is providing free internet. The news in the blog.","Terraemotus Venetiola: Bundeswehr pontem auxiliarem immittit – Starlink commeatum interrete. Auxilium Venetiolae momentum obtinet: Bundeswehr adiutores mittit, Starlink liberum penitus praebet. Vulgatum in diario.",2026-07-17 07:34:33+00:00
a45d36deb7b985ec4427cbafefdbe6c3,2026-06-26T14:10:59Z,'Erdbeben',www.sueddeutsche.de,de,0.9,Podcast: „Auf den Punkt“: Erdbeben in Venezuela: Was deutsche Helfer leisten können,Ein Katastrophenhelfer berichtet über die Herausforderungen bei Einsätzen in schwer zerstörten Gebieten.,https://www.sueddeutsche.de/panorama/podcast-nachrichten-auf-den-punkt-erdebeben-venezuela-li.3505705,https://www.sueddeutsche.de/2025/03/12/4d031366-ad93-4b81-89dc-aa57357f2531.png?q=60&fm=webp&width=1200&rect=0%2C0%2C3200%2C1800,http://web.archive.org/web/20260626212029/https://www.sueddeutsche.de/panorama/podcast-nachrichten-auf-den-punkt-erdebeben-venezuela-li.3505705,"In der Nacht zum Freitag sind mehrere internationale Einsatzteams in Venezuela gelandet, um nach Verschütteten zu suchen, darunter Helfer aus Mexiko, El Salvador und der Schweiz. Auch die USA brachte… [+2207 chars]",,Podcast: „Auf den Punkt“: Erdbeben in Venezuela: Was deutsche Helfer leisten können. Ein Katastrophenhelfer berichtet über die Herausforderungen bei Einsätzen in schwer zerstörten Gebieten.,Podcast: “To the point”: Earthquake in Venezuela: What German helpers can do. A disaster relief worker reports on the challenges of operations in heavily damaged areas.,"Podcast: ""Ad punctum"": Terraemotus in Venetiola: Quid adiutores Germani facere possunt. Calamitas laborantis subsidio nuntiat de provocationibus operationum in locis graviter laedi.",2026-07-17 07:34:33+00:00
0463ba7f3dd791ba6c2bb88657778283,2026-06-27T11:27:06Z,'Erdbeben Spenden',www.tagesspiegel.de,de,0.9,Erdbebenkatastrophe: Suche nach Vermissten in Venezuela läuft unter Hochdruck,"Zehntausende gelten nach den schweren Erdbeben in Venezuela als vermisst. Die Suche läuft weiter, während die Chancen für Überlebende unter den Trümmern mit jeder Stunde sinken.",https://www.tagesspiegel.de/gesellschaft/panorama/erdbebenkatastrophe-suche-nach-vermissten-in-venezuela-lauft-unter-hochdruck-15767525.html,https://www.tagesspiegel.de/images/15767970/alternates/BASE_16_9_W1400/1782569536000/nach-erdbeben-in-venezuela.jpeg,,"Am dritten Tag nach den verheerenden Erdbeben ist der Verbleib von Zehntausenden Menschen in Venezuela weiterhin unklar. Die Zahl der Toten lag weiterhin bei mindestens 920, mehr als 3000 Menschen wu… [+7835 chars]",,"Erdbebenkatastrophe: Suche nach Vermissten in Venezuela läuft unter Hochdruck. Zehntausende gelten nach den schweren Erdbeben in Venezuela als vermisst. Die Suche läuft weiter, während die Chancen für Überlebende unter den Trümmern mit jeder Stunde sinken.",Earthquake disaster: Search for missing people in Venezuela is underway at full speed. Tens of thousands are missing after the severe earthquakes in Venezuela. The search continues as the chances of survivors beneath the rubble diminish with every hour.,Clades terrae motus: Quaero homines absentis in Venetiola citato cursu citatus est. Decem milium post graves terrae motus in Venetiola desunt. Investigatio pergit ut casus superstitum sub ruderibus omni hora minuatur.,2026-07-17 07:34:33+00:00
bead54f83f6353d7c7f5f2515a35d913,2026-06-27T14:11:08Z,'Erdbeben',www.stern.de,de,0.9,Erdbebenkatastrophe: Suche nach Vermissten in Venezuela läuft unter Hochdruck,"Zehntausende gelten nach den schweren Erdbeben in Venezuela als vermisst. Die Suche läuft weiter, während die Chancen für Überlebende unter den Trümmern mit jeder Stunde sinken.",https://www.stern.de/panorama/erdbebenkatastrophe--suche-nach-vermissten-in-venezuela-laeuft-unter-hochdruck-37612580.html,https://image.stern.de/37613070/t/VI/v1/w1440/r1.7778/-/27--cbbmvmmybqv5axs2048jpeg---2893569634b294c6.jpg,,"Kopiere den aktuellen Link
Zur Merkliste hinzufügen
Zehntausende gelten nach den schweren Erdbeben in Venezuela als vermisst. Die Suche läuft weiter, während die Chancen für Überlebende unter den T… [+7295 chars]",,"Erdbebenkatastrophe: Suche nach Vermissten in Venezuela läuft unter Hochdruck. Zehntausende gelten nach den schweren Erdbeben in Venezuela als vermisst. Die Suche läuft weiter, während die Chancen für Überlebende unter den Trümmern mit jeder Stunde sinken.",Earthquake disaster: Search for missing people in Venezuela is underway at full speed. Tens of thousands are missing after the severe earthquakes in Venezuela. The search continues as the chances of survivors beneath the rubble diminish with every hour.,Clades terrae motus: Quaero homines absentis in Venetiola citato cursu citatus est. Decem milium post graves terrae motus in Venetiola desunt. Investigatio pergit ut casus superstitum sub ruderibus omni hora minuatur.,2026-07-17 07:34:33+00:00
a395bdc3165b6b84df025b493f9cc97f,2026-06-29T07:00:00Z,'Erdbeben',www.kino-zeit.de,de,0.9,Streaming-Tipp des Tages: Futur Drei,"Futur Drei war 2020 ein kleines Erdbeben in der deutschen Filmlandschaft, schien von der Ankunft eines jungen, queeren und migrantischen Kinos zu kün...",https://www.kino-zeit.de/news-features/video-on-demand-empfehlungen-streaming-tipps/streaming-tipp-des-tages-futur-drei,https://www.kino-zeit.de/sites/default/files/styles/grosse_klickstrecke_940x530_/public/2020-01/future-drei-filmstill.jpg?itok=ukEJdif9,,"Futur Drei war 2020 ein kleines Erdbeben in der deutschen Filmlandschaft, schien von der Ankunft eines jungen, queeren und migrantischen Kinos zu künden, das endlich eine neue Vielseitigkeit der Form… [+2643 chars]",,"Streaming-Tipp des Tages: Futur Drei. Futur Drei war 2020 ein kleines Erdbeben in der deutschen Filmlandschaft, schien von der Ankunft eines jungen, queeren und migrantischen Kinos zu kün...","Streaming tip of the day: future three. Futur Drei was a small earthquake in the German film landscape in 2020 and seemed to herald the arrival of a young, queer and migrant cinema...","Extremum diei liquidum : Futurum triduum. Futur Drei terrae motus parvus in terra cinematographica Germanica anno 2020 apparuit et adventum iuvenis, queer et migrans cinematographicum praenuntiare videbatur.",2026-07-17 07:34:33+00:00
2f2e1e6fb048399f1b2e6d589d6acc41,2026-06-27T15:03:35Z,'Erdbeben Rettungskräfte',www.diepresse.com,de,0.9,Erdbeben in Venezuela: Baby nach 32 Stunden aus Trümmern gerettet,Das erst 18 Tage alte Baby war bei seiner Rettung unverletzt. Die Mutter des Säuglings wurde eine Stunde später gerettet.,https://www.diepresse.com/33388665/erdbeben-in-venezuela-baby-nach-32-stunden-aus-truemmern-gerettet,https://img.diepresse.com/public/incoming/onuqta-topshot-venezuela-earthquake/alternates/WEBP_WIDE_1200/TOPSHOT-VENEZUELA-EARTHQUAKE,http://web.archive.org/web/20260627224413/https://www.diepresse.com/33388665/erdbeben-in-venezuela-baby-nach-32-stunden-aus-truemmern-gerettet,"Die Presse auf Google als bevorzugte Nachrichtenquelle hinzufügen.
 32 Stunden nach dem verheerenden Doppel-Erdbeben in Venezuela ist ein Baby lebend aus den Trümmern gerettet worden. Auf einem Vide… [+984 chars]",,Erdbeben in Venezuela: Baby nach 32 Stunden aus Trümmern gerettet. Das erst 18 Tage alte Baby war bei seiner Rettung unverletzt. Die Mutter des Säuglings wurde eine Stunde später gerettet.,"Earthquake in Venezuela: Baby rescued from rubble after 32 hours. The baby, who was only 18 days old, was uninjured when he was rescued. The infant's mother was rescued an hour later.","Terrae motus in Venetiola: Puer e ruderibus servatus post 32 horas. Infans, qui tantum XVIII dierum erat, incolumis fuit cum liberatus est. Mater infantis post horam eripuit.",2026-07-18 01:00:42+00:00
2cc9be8214c222fc0d84caf8891b3c50,2026-06-25T05:19:25Z,'Erdbeben Tote',www.stern.de,de,0.9,Erdbeben in Venezuela: Regierung meldet mindestens 32 Tote und mehr als 700 Verletzte,"Bei den schweren Erdbeben in Venezuela sind nach Angaben der Regierung mindestens 32 Menschen ums Leben gekommen. Mehr als 700 Menschen seien verletzt worden, teilte Übergangspräsidentin Delcy Rodríguez am Donnerstag mit. „Zur Stunde liegen uns Meldungen über…",https://www.stern.de/news/erdbeben-in-venezuela--regierung-meldet-mindestens-32-tote-und-mehr-als-700-verletzte-37599438.html,https://image.stern.de/37599440/t/nt/v1/w1440/r1.7778/-/25--eingestuerztes-gebaeude-in-caracas-im-stadtteil-altamira---4866c3958024cda1.jpg,,"Kopiere den aktuellen Link
Zur Merkliste hinzufügen
Bei den schweren Erdbeben in Venezuela sind nach Angaben der Regierung mindestens 32 Menschen ums Leben gekommen. Mehr als 700 Menschen seien ver… [+2651 chars]",,"Erdbeben in Venezuela: Regierung meldet mindestens 32 Tote und mehr als 700 Verletzte. Bei den schweren Erdbeben in Venezuela sind nach Angaben der Regierung mindestens 32 Menschen ums Leben gekommen. Mehr als 700 Menschen seien verletzt worden, teilte Übergangspräsidentin Delcy Rodríguez am Donnerstag mit. „Zur Stunde liegen uns Meldungen über…","Earthquake in Venezuela: Government reports at least 32 dead and more than 700 injured. According to the government, at least 32 people have died in the severe earthquakes in Venezuela. More than 700 people were injured, interim President Delcy Rodríguez said on Thursday. “We currently have reports about…","Terrae motus in Venetiola: Renuntiationes gubernii saltem 32 mortui et plus quam 700 laesi sunt. Secundum imperium, saltem 32 homines in magnis terrae motibus in Venetiola mortui sunt. Plus quam DCC homines laesi sunt, praesidens interim Delcy Rodríguez die Iovis dixit. ""Nos currently sunt de tradit...",2026-07-19 15:34:01+00:00
bf4b4c875439443c33b7d657b51f2377,2026-06-25T00:07:04Z,'Erdbeben',www.tagesspiegel.de,de,0.9,Schwere Erdbeben in Venezuela: Retter begleiten Suche nach Verschütteten mit Gesang,"Nach dem Doppelbeben in Venezuela singen Helfer ein abgewandeltes Weihnachtslied, um Verschüttete zu trösten. Über 920 Menschen sind bereits tot – die Suche geht weiter.",https://www.tagesspiegel.de/gesellschaft/panorama/schwere-erdbeben-in-venezuela-retter-begleiten-suche-nach-verschutteten-mit-gesang-15755232.html,https://www.tagesspiegel.de/images/15767889/alternates/BASE_16_9_W1400/1782566374000/venezuela-earthquake.jpeg,,"Nach dem schweren Doppelbeben in Venezuela werden im Internet freiwillige Helfer gefeiert, die ihren Rettungseinsatz auf der Suche nach Verschütteten mit Gesang begleiten. Auf einem von El País Méxic… [+5917 chars]",,"Schwere Erdbeben in Venezuela: Retter begleiten Suche nach Verschütteten mit Gesang. Nach dem Doppelbeben in Venezuela singen Helfer ein abgewandeltes Weihnachtslied, um Verschüttete zu trösten. Über 920 Menschen sind bereits tot – die Suche geht weiter.","Severe earthquake in Venezuela: Rescuers accompany the search for buried victims with singing. After the double earthquake in Venezuela, helpers sing a modified Christmas song to comfort those buried. Over 920 people are already dead - the search continues.","Gravis terrae motus in Venezuela: Rescuers comitantur investigationem victimarum sepultarum cum cantu. Post duplex terrae motus in Venezuela, adiutores canunt modificatam cantilenam natalem Christi ad consolandum sepultos. Plus 920 homines iam mortui sunt - pergit quaestio.",2026-07-21 07:56:18+00:00
63de5d8342c18d721243cc6bf157f99f,2026-06-25T00:07:04Z,'Erdbeben Trümmer',www.tagesspiegel.de,de,0.9,Schwere Erdbeben in Venezuela: Baby nach 32 Stunden aus Trümmern gerettet – Zahl der Toten steigt auf mehr als 1400,Ein 18 Tage altes Baby hat das verheerende Doppel-Erdbeben in Venezuela überlebt. Ein Video zeigt die Rettung des Säuglings aus den Trümmern. Inzwischen steigt die Zahl der Opfer.,https://www.tagesspiegel.de/gesellschaft/panorama/schwere-erdbeben-in-venezuela-baby-nach-32-stunden-aus-trummern-gerettet--zahl-der-toten-steigt-auf-mehr-als-1400-15755232.html,https://www.tagesspiegel.de/images/15768093/alternates/BASE_16_9_W1400/1782573472000/topshot-venezuela-earthquake.jpeg,http://web.archive.org/web/20260627221047/https://www.tagesspiegel.de/gesellschaft/panorama/schwere-erdbeben-in-venezuela-baby-nach-32-stunden-aus-trummern-gerettet--zahl-der-toten-steigt-auf-mehr-als-1400-15755232.html,32 Stunden nach dem verheerenden Doppel-Erdbeben in Venezuela ist ein Baby lebend aus den Trümmern gerettet worden. Auf einem Video aus der besonders schlimm betroffenen Küstenstadt La Guaira ist zu … [+9001 chars],,Schwere Erdbeben in Venezuela: Baby nach 32 Stunden aus Trümmern gerettet – Zahl der Toten steigt auf mehr als 1400. Ein 18 Tage altes Baby hat das verheerende Doppel-Erdbeben in Venezuela überlebt. Ein Video zeigt die Rettung des Säuglings aus den Trümmern. Inzwischen steigt die Zahl der Opfer.,"Severe earthquake in Venezuela: Baby rescued from rubble after 32 hours - death toll rises to more than 1,400. An 18-day-old baby survived the devastating double earthquake in Venezuela. A video shows the infant being rescued from the rubble. The number of victims is now increasing.","Gravis terrae motus in Venetiola: Infans e ruderibus ereptus post 32 horas - vectigal mortis ad plus quam 1,400 oritur. Infans duodeviginti annorum superfuit terrae motus duplicis terrae in Venetiola vastante. Video ostendit infantem e ruderibus ereptum. Augetur victimarum numerus.",2026-07-21 07:56:18+00:00
4841c54bc6f0c6fafead7e2200c4661d,2026-06-25T11:02:58Z,'Erdbeben',www.bild.de,de,0.9,Erdbeben in Caracas - Von diesem Wohnhaus bleibt nur ein Trümmerfeld,Ein schweres Erdbeben bringt dieses Mehrfamilienhaus in Caracas zum Einsturz. Von dem Gebäude bleibt nur ein Trümmerfeld zurück.,https://www.bild.de/news/erdbeben-in-caracas-von-diesem-wohnhaus-bleibt-nur-ein-truemmerfeld-6a3d05ae113e90346dc4c4af,"https://images.bild.de/6a3d05ae113e90346dc4c4af/bb611cea88450a75c4e9316682c3bd4a,b225a2c7?w=1280",http://web.archive.org/web/20260625183748/https://www.bild.de/news/erdbeben-in-caracas-von-diesem-wohnhaus-bleibt-nur-ein-truemmerfeld-6a3d05ae113e90346dc4c4af,"Mehr zum Video anzeigen 
Ein schweres Erdbeben bringt dieses Mehrfamilienhaus in Caracas zum Einsturz. Von dem Gebäude bleibt nur ein Trümmerfeld zurück. Rettungskräfte suchen zwischen Beton und Sch… [+65 chars]",,Erdbeben in Caracas - Von diesem Wohnhaus bleibt nur ein Trümmerfeld. Ein schweres Erdbeben bringt dieses Mehrfamilienhaus in Caracas zum Einsturz. Von dem Gebäude bleibt nur ein Trümmerfeld zurück.,Earthquake in Caracas - All that remains of this residential building is a field of rubble. A severe earthquake causes this apartment building in Caracas to collapse. All that remains of the building is a field of rubble.,Terrae motus in Caracas - Reliquum huius aedificii residentialis est campus ruderum. Gravis terrae motus hoc aedificium in Caracas construxit. Reliquum aedificii est ager ruderibus.,2026-07-21 07:56:18+00:00
766fe0aa6a173c5a3a4d280f096bddf2,2026-06-25T18:15:00Z,'Erdbeben Trümmer',www.sueddeutsche.de,de,0.9,Südamerika: Zahl der Toten nach schwerem Erdbeben in Venezuela steigt,"Die kurz aufeinander folgenden Beben zählen zu den stärksten des Landes seit 1900. Die Regierung hat den Notstand ausgerufen. Auch THW-Hilfskräfte versuchen, Menschen aus den Trümmern zu retten.",https://www.sueddeutsche.de/panorama/venezuela-erdbeben-caracas-tote-verletzte-notstand-li.3504761,https://www.sueddeutsche.de/2026/06/26/96ff0214-2319-4ab6-9c75-e95e321b45fd.jpg?q=60&fm=webp&width=1200&rect=0%2C183%2C3500%2C1969,http://web.archive.org/web/20260626085551/https://www.sueddeutsche.de/panorama/venezuela-erdbeben-caracas-tote-verletzte-notstand-li.3504761,"Rettungskräfte suchen in den Trümmern eingestürzter Gebäude nach Verschütteten. Dutzende Menschen sind bereits lebend gefunden worden, darunter zwei verletzte Kleinkinder im Bundesstaat La Guaira, de… [+3802 chars]",,"Südamerika: Zahl der Toten nach schwerem Erdbeben in Venezuela steigt. Die kurz aufeinander folgenden Beben zählen zu den stärksten des Landes seit 1900. Die Regierung hat den Notstand ausgerufen. Auch THW-Hilfskräfte versuchen, Menschen aus den Trümmern zu retten.","South America: Number of deaths increases after severe earthquake in Venezuela. The earthquakes, which follow each other in quick succession, are among the strongest in the country since 1900. The government has declared a state of emergency. THW relief workers are also trying to rescue people from the rubble.","America Meridionalis: Numerus funerum post graves terrae motus in Venezuela crescit. Terrae motus, qui invicem succedunt, inter firmissimos sunt in patria ab anno 1900. Imperium status repentinus declaravit. THW subsidio operarii etiam homines e ruderibus liberare conantur.",2026-07-21 07:56:18+00:00
