topic,sentiment_mean,sentiment_std,subjectivity_mean,subjectivity_std,counting
Causes,0.10000276581968065,0.9076690968402039,0.08547182366069618,1.1508177745417854,22.0
Hazard,0.03887928270393439,0.9918146521137405,-0.07051002566357945,0.8860158303364073,1059.0
Impacts,-0.06392243574416244,0.9803954519455609,0.18986964271910017,1.2062587327651528,333.0
Mitigation,-0.2622083531598635,0.8916383101764259,0.12606113976512176,1.0731897975968503,80.0
