topic,sentiment_mean,sentiment_std,subjectivity_mean,subjectivity_std,counting
Causes,0.18835049845634017,0.930338494974823,0.18724938728131474,1.2114082519617144,18.0
Hazard,0.04759045288440788,0.9936973613937325,-0.06729900093871376,0.8941836879463055,956.0
Impacts,-0.08350614122817127,0.9719497527844244,0.1699567713447541,1.1839966090076695,312.0
Mitigation,-0.28372189502550654,0.8867435464096499,0.11176713615051241,1.0644287885973123,76.0
