topic,sentiment_mean,sentiment_std,subjectivity_mean,subjectivity_std,counting
Causes,0.09464951682951254,0.9596903269319418,0.13290502556910738,1.162300584047547,22.0
Hazard,0.042063897225472276,0.9906046233387329,-0.06760007687785109,0.8946776754007302,1255.0
Impacts,-0.09473532569756006,0.986001850589972,0.1924751674703233,1.2159063297189996,356.0
Mitigation,-0.21902883807123377,0.8858546718844809,0.14888518842997306,1.0644350194665433,91.0
