topic,sentiment_mean,sentiment_std,subjectivity_mean,subjectivity_std,counting
Causes,0.13499956899252852,0.9348862467958514,0.15432201286515873,1.1870894212767054,19.0
Hazard,0.04825245978444632,0.9938465970362776,-0.0670192779414812,0.8942134872421204,956.0
Impacts,-0.08288298550503205,0.9718895179688758,0.1705319038781577,1.184946637170567,312.0
Mitigation,-0.28372189502550654,0.8867435464096499,0.11176713615051238,1.0644287885973123,76.0
