topic,sentiment_mean,sentiment_std,subjectivity_mean,subjectivity_std,counting
Causes,0.07461095763081489,0.950121671775897,0.11431483630579876,1.1501054112811764,22.0
Hazard,0.04644732275203464,0.9889594893450431,-0.06985296463452084,0.888005288845347,1182.0
Impacts,-0.09675697494555338,0.9857028662732148,0.19713818307472303,1.2167716540333329,345.0
Mitigation,-0.26696007140681055,0.8860684079296853,0.14907378003916982,1.0990093071773832,83.0
