topic,sentiment_mean,sentiment_std,subjectivity_mean,subjectivity_std,counting
Causes,0.08551631602912745,0.9487115809965465,0.11681109804249247,1.1540190986643644,22.0
Hazard,0.04299775637609414,0.989756592794772,-0.06904580887527452,0.8895293956725303,1205.0
Impacts,-0.09555693115061237,0.9864678621202141,0.19672181912558437,1.220973688292771,347.0
Mitigation,-0.21464947092074635,0.892265563350386,0.1388883219155189,1.0730593629459735,90.0
