topic,sentiment_mean,sentiment_std,subjectivity_mean,subjectivity_std,counting
Causes,0.07460470046092381,0.9222798366379019,0.08456501003684132,1.1546871107530206,22.0
Hazard,0.041715396223596914,0.9898832674459652,-0.06740672167944835,0.890289072057411,1137.0
Impacts,-0.07899082980802595,0.9850842322573655,0.18634425828242906,1.2064675460479504,342.0
Mitigation,-0.2536676408829509,0.8902358963831248,0.13700149754807264,1.0882020244687063,83.0
