topic,sentiment_mean,sentiment_std,subjectivity_mean,subjectivity_std,counting
Causes,0.09408293557633209,0.9593893193542434,0.13067229354707502,1.1600113085441723,22.0
Hazard,0.03871413718467639,0.9886407652168989,-0.06845555218266888,0.8929486088370777,1270.0
Impacts,-0.08399034119513356,0.9977850163489032,0.1944539035648877,1.2194346843358634,362.0
Mitigation,-0.21928351316727707,0.878098168899407,0.14815685913598023,1.0656780942513662,91.0
