topic,sentiment_mean,sentiment_std,subjectivity_mean,subjectivity_std,counting
Causes,0.08588073717501953,0.908881304970636,0.075623561742893,1.1436278791829297,22.0
Hazard,0.03913266090106558,0.9924582283576843,-0.06901615954098861,0.8888573297878493,1078.0
Impacts,-0.06749035638541892,0.9800581120384524,0.18763628406002766,1.2037483788803858,335.0
Mitigation,-0.24502152337107583,0.8857802099649393,0.12608916599899905,1.0738288593868541,83.0
