topic,sentiment_mean,sentiment_std,subjectivity_mean,subjectivity_std,counting
Causes,0.0770330348798357,0.9137778382712628,0.08073459278315606,1.15018335001358,22.0
Hazard,0.04064915666775213,0.992281352125266,-0.06808201371436746,0.889105083597621,1107.0
Impacts,-0.07274270536529552,0.9789031535504353,0.18665551669224845,1.207311424466022,340.0
Mitigation,-0.25253565272441325,0.8836928093414583,0.12743230359911722,1.0770849093168475,83.0
