topic,sentiment_mean,sentiment_std,subjectivity_mean,subjectivity_std,counting
Causes,0.08894362574932838,0.9562509993596396,0.127898149599718,1.1541305846289502,22.0
Hazard,0.04374127328059787,0.9912377819154508,-0.06906960736425416,0.8899574464710777,1222.0
Impacts,-0.09678069737786127,0.981334793175089,0.19537237901357132,1.2202710704204627,352.0
Mitigation,-0.22359283678727876,0.8893857426060738,0.14386608404651785,1.075656730140882,90.0
