topic,sentiment_mean,sentiment_std,subjectivity_mean,subjectivity_std,counting
Causes,0.0907134551811005,0.9203928228415085,0.11243561926549972,1.1698301652928587,21.0
Hazard,0.039355597353598615,0.9915561205855679,-0.0680248794021258,0.892019477965131,1051.0
Impacts,-0.06396454152198064,0.980288020029061,0.18099805484333936,1.1934551971654812,330.0
Mitigation,-0.26310629749580333,0.8895609824413586,0.12485853716256996,1.071421288570015,80.0
