topic,sentiment_mean,sentiment_std,subjectivity_mean,subjectivity_std,counting
Causes,0.08996959530184902,0.9567459319254809,0.12771684796427596,1.1542335935503727,22.0
Hazard,0.042987810864063364,0.9912844973199683,-0.06877388593118419,0.8900365818727455,1217.0
Impacts,-0.09448629101776365,0.9813186107693372,0.19383845253962795,1.21937826023372,352.0
Mitigation,-0.2202154941919165,0.8904330109336728,0.1420471786079152,1.0749582704654514,90.0
