topic,sentiment_mean,sentiment_std,subjectivity_mean,subjectivity_std,counting
Causes,0.06273549832966965,0.9240254239497793,0.09296842037587383,1.1648286887885761,22.0
Hazard,0.042496469237585766,0.9902245812059249,-0.0693650713404462,0.8874148473223734,1164.0
Impacts,-0.08162534310058571,0.9839468184174494,0.19453541188345233,1.2144747993643044,344.0
Mitigation,-0.2622989187870235,0.8896017540418607,0.14583089429313534,1.0977112458786356,83.0
