topic,sentiment_mean,sentiment_std,subjectivity_mean,subjectivity_std,counting
Causes,0.08486166033186214,0.9457502760210945,0.09771486422560151,1.1390616826619642,23.0
Hazard,0.03904232903326763,0.9892211896672466,-0.058135788332544736,0.9077800372778803,1328.0
Impacts,-0.0741415249446405,0.9876074765183716,0.16412235411830287,1.1906538401062434,393.0
Mitigation,-0.23783623476816398,0.9315821675349446,0.10318672771597308,1.0353227908616467,100.0
