topic,sentiment_mean,sentiment_std,subjectivity_mean,subjectivity_std,counting
Causes,0.0964391045152565,0.9289387987464898,0.1107714813987289,1.1720092101361093,21.0
Hazard,0.03896724902344751,0.991504239492241,-0.07077162966710882,0.8859774522448399,1059.0
Impacts,-0.06367634799699509,0.9799652625167983,0.18933748850145188,1.2054206839264308,333.0
Mitigation,-0.2622083531598635,0.8916383101764259,0.12606113976512176,1.0731897975968503,80.0
