topic,sentiment_mean,sentiment_std,subjectivity_mean,subjectivity_std,counting
Causes,0.0842281580044006,0.9477668271378009,0.11595148461609907,1.1504847809484924,22.0
Hazard,0.044056227690549274,0.9892527449040432,-0.06950879486740344,0.8884995632017464,1196.0
Impacts,-0.09489398151520347,0.9860413969441372,0.19722776606311587,1.219000007008375,345.0
Mitigation,-0.24508070636803647,0.8863772023016976,0.15171216774840138,1.095293495860326,84.0
