topic,sentiment_mean,sentiment_std,subjectivity_mean,subjectivity_std,counting
Causes,0.07715006343155269,0.9511846672005075,0.11468406796979452,1.1512992884202151,22.0
Hazard,0.04433846214465066,0.9892171962559971,-0.0696378522202548,0.888464803982604,1194.0
Impacts,-0.09516236682913126,0.985873908739068,0.197345388818036,1.2185050902574304,345.0
Mitigation,-0.24508070636803647,0.8863772023016976,0.15171216774840138,1.095293495860326,84.0
