topic,sentiment_mean,sentiment_std,subjectivity_mean,subjectivity_std,counting
Causes,0.08551520032837798,0.9083459992011031,0.07624276320594427,1.1444991320094973,22.0
Hazard,0.039208307450320196,0.9925261638052645,-0.06832437774687769,0.8891636016382154,1077.0
Impacts,-0.06779359136750951,0.9813256442732219,0.18564718883009348,1.2050546710620789,334.0
Mitigation,-0.2450249355020445,0.8856450372572804,0.12640138599574757,1.0736674692336885,83.0
